scenario_name,protocol_family,soundness_assumption,security_target_bits,cost_scenario_name,rate_parameter_name,log_rate,reciprocal_rate,grinding_bits,minimum_secure_query_count,total_explicit_query_count,chunk_size,proof_bytes,predicted_cu,lower_cu,upper_cu,verification_core_cu,transport_overhead_cu,cu_budget_fraction,proof_transport_pressure,assumption_qualified_feasible,assumption_feasibility_reasons,lower_bound_model_feasible,lower_bound_model_feasibility_reasons
qualified-circle-t100-r2-g0-fri_proven-baseline,Circle,fri_proven,100.0,baseline,log_blowup,1,2,0,200,200,640,43096,24608585.408576,24549564.013286,24667606.803865,24561784.489939,46800.918636,17.577561,34.980519,false,predicted CU exceeds the transaction compute budget; fri_proven soundness term 100.0 bits is below the 128.0-bit target,false,predicted CU exceeds the transaction compute budget
qualified-circle-t100-r2-g0-fri_proven-fenzi_whir_core_0p8,Circle,fri_proven,100.0,fenzi_whir_core_0p8,log_blowup,1,2,0,200,200,640,43096,24608585.408576,24549564.013286,24667606.803865,24561784.489939,46800.918636,17.577561,34.980519,false,predicted CU exceeds the transaction compute budget; fri_proven soundness term 100.0 bits is below the 128.0-bit target,false,predicted CU exceeds the transaction compute budget
qualified-circle-t100-r2-g0-fri_proven-m31_mul_0p75,Circle,fri_proven,100.0,m31_mul_0p75,log_blowup,1,2,0,200,200,640,43096,18877652.174048,18818630.778758,18936673.569337,18830851.255411,46800.918636,13.484037,34.980519,false,predicted CU exceeds the transaction compute budget; fri_proven soundness term 100.0 bits is below the 128.0-bit target,false,predicted CU exceeds the transaction compute budget
qualified-circle-t100-r2-g0-fri_proven-fenzi_whir_core_0p8_plus_m31_mul_0p75,Circle,fri_proven,100.0,fenzi_whir_core_0p8_plus_m31_mul_0p75,log_blowup,1,2,0,200,200,640,43096,18877652.174048,18818630.778758,18936673.569337,18830851.255411,46800.918636,13.484037,34.980519,false,predicted CU exceeds the transaction compute budget; fri_proven soundness term 100.0 bits is below the 128.0-bit target,false,predicted CU exceeds the transaction compute budget
qualified-circle-t100-r2-g0-fri_conjectured-baseline,Circle,fri_conjectured,100.0,baseline,log_blowup,1,2,0,100,100,640,23896,12975765.115768,12916743.720478,13034786.511057,12949445.913012,26319.202756,9.268404,19.396104,false,predicted CU exceeds the transaction compute budget; fri_conjectured soundness term 100.0 bits is below the 128.0-bit target,false,predicted CU exceeds the transaction compute budget
qualified-circle-t100-r2-g0-fri_conjectured-fenzi_whir_core_0p8,Circle,fri_conjectured,100.0,fenzi_whir_core_0p8,log_blowup,1,2,0,100,100,640,23896,12975765.115768,12916743.720478,13034786.511057,12949445.913012,26319.202756,9.268404,19.396104,false,predicted CU exceeds the transaction compute budget; fri_conjectured soundness term 100.0 bits is below the 128.0-bit target,false,predicted CU exceeds the transaction compute budget
qualified-circle-t100-r2-g0-fri_conjectured-m31_mul_0p75,Circle,fri_conjectured,100.0,m31_mul_0p75,log_blowup,1,2,0,100,100,640,23896,10011067.236871,9952045.841582,10070088.632161,9984748.034116,26319.202756,7.150762,19.396104,false,predicted CU exceeds the transaction compute budget; fri_conjectured soundness term 100.0 bits is below the 128.0-bit target,false,predicted CU exceeds the transaction compute budget
qualified-circle-t100-r2-g0-fri_conjectured-fenzi_whir_core_0p8_plus_m31_mul_0p75,Circle,fri_conjectured,100.0,fenzi_whir_core_0p8_plus_m31_mul_0p75,log_blowup,1,2,0,100,100,640,23896,10011067.236871,9952045.841582,10070088.632161,9984748.034116,26319.202756,7.150762,19.396104,false,predicted CU exceeds the transaction compute budget; fri_conjectured soundness term 100.0 bits is below the 128.0-bit target,false,predicted CU exceeds the transaction compute budget
qualified-circle-t100-r2-g8-fri_proven-baseline,Circle,fri_proven,100.0,baseline,log_blowup,1,2,8,184,184,640,40032,22747553.048063,22688531.652774,22806574.443353,22704057.875418,43495.172646,16.248252,32.493506,false,predicted CU exceeds the transaction compute budget; fri_proven soundness term 100.0 bits is below the 128.0-bit target,false,predicted CU exceeds the transaction compute budget
qualified-circle-t100-r2-g8-fri_proven-fenzi_whir_core_0p8,Circle,fri_proven,100.0,fenzi_whir_core_0p8,log_blowup,1,2,8,184,184,640,40032,22747553.048063,22688531.652774,22806574.443353,22704057.875418,43495.172646,16.248252,32.493506,false,predicted CU exceeds the transaction compute budget; fri_proven soundness term 100.0 bits is below the 128.0-bit target,false,predicted CU exceeds the transaction compute budget
qualified-circle-t100-r2-g8-fri_proven-m31_mul_0p75,Circle,fri_proven,100.0,m31_mul_0p75,log_blowup,1,2,8,184,184,640,40032,17459217.470437,17400196.075147,17518238.865726,17415722.297791,43495.172646,12.470870,32.493506,false,predicted CU exceeds the transaction compute budget; fri_proven soundness term 100.0 bits is below the 128.0-bit target,false,predicted CU exceeds the transaction compute budget
qualified-circle-t100-r2-g8-fri_proven-fenzi_whir_core_0p8_plus_m31_mul_0p75,Circle,fri_proven,100.0,fenzi_whir_core_0p8_plus_m31_mul_0p75,log_blowup,1,2,8,184,184,640,40032,17459217.470437,17400196.075147,17518238.865726,17415722.297791,43495.172646,12.470870,32.493506,false,predicted CU exceeds the transaction compute budget; fri_proven soundness term 100.0 bits is below the 128.0-bit target,false,predicted CU exceeds the transaction compute budget
qualified-circle-t100-r2-g8-fri_conjectured-baseline,Circle,fri_conjectured,100.0,baseline,log_blowup,1,2,8,92,92,640,22368,12045288.344801,11986266.949512,12104309.740091,12020706.384644,24581.960157,8.603777,18.155844,false,predicted CU exceeds the transaction compute budget; fri_conjectured soundness term 100.0 bits is below the 128.0-bit target,false,predicted CU exceeds the transaction compute budget
qualified-circle-t100-r2-g8-fri_conjectured-fenzi_whir_core_0p8,Circle,fri_conjectured,100.0,fenzi_whir_core_0p8,log_blowup,1,2,8,92,92,640,22368,12045288.344801,11986266.949512,12104309.740091,12020706.384644,24581.960157,8.603777,18.155844,false,predicted CU exceeds the transaction compute budget; fri_conjectured soundness term 100.0 bits is below the 128.0-bit target,false,predicted CU exceeds the transaction compute budget
qualified-circle-t100-r2-g8-fri_conjectured-m31_mul_0p75,Circle,fri_conjectured,100.0,m31_mul_0p75,log_blowup,1,2,8,92,92,640,22368,9301889.294356,9242867.899066,9360910.689645,9277307.334199,24581.960157,6.644207,18.155844,false,predicted CU exceeds the transaction compute budget; fri_conjectured soundness term 100.0 bits is below the 128.0-bit target,false,predicted CU exceeds the transaction compute budget
qualified-circle-t100-r2-g8-fri_conjectured-fenzi_whir_core_0p8_plus_m31_mul_0p75,Circle,fri_conjectured,100.0,fenzi_whir_core_0p8_plus_m31_mul_0p75,log_blowup,1,2,8,92,92,640,22368,9301889.294356,9242867.899066,9360910.689645,9277307.334199,24581.960157,6.644207,18.155844,false,predicted CU exceeds the transaction compute budget; fri_conjectured soundness term 100.0 bits is below the 128.0-bit target,false,predicted CU exceeds the transaction compute budget
qualified-circle-t100-r2-g16-fri_proven-baseline,Circle,fri_proven,100.0,baseline,log_blowup,1,2,16,168,168,640,36960,20886266.784275,20827245.388985,20945288.179564,20846083.703109,40183.081166,14.918762,30.000000,false,predicted CU exceeds the transaction compute budget; fri_proven soundness term 100.0 bits is below the 128.0-bit target,false,predicted CU exceeds the transaction compute budget
qualified-circle-t100-r2-g16-fri_proven-fenzi_whir_core_0p8,Circle,fri_proven,100.0,fenzi_whir_core_0p8,log_blowup,1,2,16,168,168,640,36960,20886266.784275,20827245.388985,20945288.179564,20846083.703109,40183.081166,14.918762,30.000000,false,predicted CU exceeds the transaction compute budget; fri_proven soundness term 100.0 bits is below the 128.0-bit target,false,predicted CU exceeds the transaction compute budget
qualified-circle-t100-r2-g16-fri_proven-m31_mul_0p75,Circle,fri_proven,100.0,m31_mul_0p75,log_blowup,1,2,16,168,168,640,36960,16040528.863549,15981507.468260,16099550.258839,16000345.782384,40183.081166,11.457521,30.000000,false,predicted CU exceeds the transaction compute budget; fri_proven soundness term 100.0 bits is below the 128.0-bit target,false,predicted CU exceeds the transaction compute budget
qualified-circle-t100-r2-g16-fri_proven-fenzi_whir_core_0p8_plus_m31_mul_0p75,Circle,fri_proven,100.0,fenzi_whir_core_0p8_plus_m31_mul_0p75,log_blowup,1,2,16,168,168,640,36960,16040528.863549,15981507.468260,16099550.258839,16000345.782384,40183.081166,11.457521,30.000000,false,predicted CU exceeds the transaction compute budget; fri_proven soundness term 100.0 bits is below the 128.0-bit target,false,predicted CU exceeds the transaction compute budget
qualified-circle-t100-r2-g16-fri_conjectured-baseline,Circle,fri_conjectured,100.0,baseline,log_blowup,1,2,16,84,84,640,20832,11114732.755255,11055711.359966,11173754.150545,11091719.298490,23013.456765,7.939095,16.909091,false,predicted CU exceeds the transaction compute budget; fri_conjectured soundness term 100.0 bits is below the 128.0-bit target,false,predicted CU exceeds the transaction compute budget
qualified-circle-t100-r2-g16-fri_conjectured-fenzi_whir_core_0p8,Circle,fri_conjectured,100.0,fenzi_whir_core_0p8,log_blowup,1,2,16,84,84,640,20832,11114732.755255,11055711.359966,11173754.150545,11091719.298490,23013.456765,7.939095,16.909091,false,predicted CU exceeds the transaction compute budget; fri_conjectured soundness term 100.0 bits is below the 128.0-bit target,false,predicted CU exceeds the transaction compute budget
qualified-circle-t100-r2-g16-fri_conjectured-m31_mul_0p75,Circle,fri_conjectured,100.0,m31_mul_0p75,log_blowup,1,2,16,84,84,640,20832,8592632.533260,8533611.137971,8651653.928550,8569619.076495,23013.456765,6.137595,16.909091,false,predicted CU exceeds the transaction compute budget; fri_conjectured soundness term 100.0 bits is below the 128.0-bit target,false,predicted CU exceeds the transaction compute budget
qualified-circle-t100-r2-g16-fri_conjectured-fenzi_whir_core_0p8_plus_m31_mul_0p75,Circle,fri_conjectured,100.0,fenzi_whir_core_0p8_plus_m31_mul_0p75,log_blowup,1,2,16,84,84,640,20832,8592632.533260,8533611.137971,8651653.928550,8569619.076495,23013.456765,6.137595,16.909091,false,predicted CU exceeds the transaction compute budget; fri_conjectured soundness term 100.0 bits is below the 128.0-bit target,false,predicted CU exceeds the transaction compute budget
qualified-circle-t100-r2-g24-fri_proven-baseline,Circle,fri_proven,100.0,baseline,log_blowup,1,2,24,152,152,640,33888,19024980.520486,18965959.125197,19084001.915776,18988109.530801,36870.989685,13.589272,27.506494,false,predicted CU exceeds the transaction compute budget; fri_proven soundness term 100.0 bits is below the 128.0-bit target,false,predicted CU exceeds the transaction compute budget
qualified-circle-t100-r2-g24-fri_proven-fenzi_whir_core_0p8,Circle,fri_proven,100.0,fenzi_whir_core_0p8,log_blowup,1,2,24,152,152,640,33888,19024980.520486,18965959.125197,19084001.915776,18988109.530801,36870.989685,13.589272,27.506494,false,predicted CU exceeds the transaction compute budget; fri_proven soundness term 100.0 bits is below the 128.0-bit target,false,predicted CU exceeds the transaction compute budget
qualified-circle-t100-r2-g24-fri_proven-m31_mul_0p75,Circle,fri_proven,100.0,m31_mul_0p75,log_blowup,1,2,24,152,152,640,33888,14621840.256662,14562818.861372,14680861.651951,14584969.266976,36870.989685,10.444172,27.506494,false,predicted CU exceeds the transaction compute budget; fri_proven soundness term 100.0 bits is below the 128.0-bit target,false,predicted CU exceeds the transaction compute budget
qualified-circle-t100-r2-g24-fri_proven-fenzi_whir_core_0p8_plus_m31_mul_0p75,Circle,fri_proven,100.0,fenzi_whir_core_0p8_plus_m31_mul_0p75,log_blowup,1,2,24,152,152,640,33888,14621840.256662,14562818.861372,14680861.651951,14584969.266976,36870.989685,10.444172,27.506494,false,predicted CU exceeds the transaction compute budget; fri_proven soundness term 100.0 bits is below the 128.0-bit target,false,predicted CU exceeds the transaction compute budget
qualified-circle-t100-r2-g24-fri_conjectured-baseline,Circle,fri_conjectured,100.0,baseline,log_blowup,1,2,24,76,76,640,19296,10184177.165709,10125155.770420,10243198.560999,10162732.212336,21444.953373,7.274412,15.662338,false,predicted CU exceeds the transaction compute budget; fri_conjectured soundness term 100.0 bits is below the 128.0-bit target,false,predicted CU exceeds the transaction compute budget
qualified-circle-t100-r2-g24-fri_conjectured-fenzi_whir_core_0p8,Circle,fri_conjectured,100.0,fenzi_whir_core_0p8,log_blowup,1,2,24,76,76,640,19296,10184177.165709,10125155.770420,10243198.560999,10162732.212336,21444.953373,7.274412,15.662338,false,predicted CU exceeds the transaction compute budget; fri_conjectured soundness term 100.0 bits is below the 128.0-bit target,false,predicted CU exceeds the transaction compute budget
qualified-circle-t100-r2-g24-fri_conjectured-m31_mul_0p75,Circle,fri_conjectured,100.0,m31_mul_0p75,log_blowup,1,2,24,76,76,640,19296,7883375.772165,7824354.376875,7942397.167454,7861930.818791,21444.953373,5.630983,15.662338,false,predicted CU exceeds the transaction compute budget; fri_conjectured soundness term 100.0 bits is below the 128.0-bit target,false,predicted CU exceeds the transaction compute budget
qualified-circle-t100-r2-g24-fri_conjectured-fenzi_whir_core_0p8_plus_m31_mul_0p75,Circle,fri_conjectured,100.0,fenzi_whir_core_0p8_plus_m31_mul_0p75,log_blowup,1,2,24,76,76,640,19296,7883375.772165,7824354.376875,7942397.167454,7861930.818791,21444.953373,5.630983,15.662338,false,predicted CU exceeds the transaction compute budget; fri_conjectured soundness term 100.0 bits is below the 128.0-bit target,false,predicted CU exceeds the transaction compute budget
qualified-circle-t100-r2-g32-fri_proven-baseline,Circle,fri_proven,100.0,baseline,log_blowup,1,2,32,136,136,640,30816,17163869.341394,17104847.946105,17222890.736684,17130135.358492,33733.982902,12.259907,25.012987,false,predicted CU exceeds the transaction compute budget; fri_proven soundness term 100.0 bits is below the 128.0-bit target,false,predicted CU exceeds the transaction compute budget
qualified-circle-t100-r2-g32-fri_proven-fenzi_whir_core_0p8,Circle,fri_proven,100.0,fenzi_whir_core_0p8,log_blowup,1,2,32,136,136,640,30816,17163869.341394,17104847.946105,17222890.736684,17130135.358492,33733.982902,12.259907,25.012987,false,predicted CU exceeds the transaction compute budget; fri_proven soundness term 100.0 bits is below the 128.0-bit target,false,predicted CU exceeds the transaction compute budget
qualified-circle-t100-r2-g32-fri_proven-m31_mul_0p75,Circle,fri_proven,100.0,m31_mul_0p75,log_blowup,1,2,32,136,136,640,30816,13203326.734471,13144305.339181,13262348.129760,13169592.751569,33733.982902,9.430948,25.012987,false,predicted CU exceeds the transaction compute budget; fri_proven soundness term 100.0 bits is below the 128.0-bit target,false,predicted CU exceeds the transaction compute budget
qualified-circle-t100-r2-g32-fri_proven-fenzi_whir_core_0p8_plus_m31_mul_0p75,Circle,fri_proven,100.0,fenzi_whir_core_0p8_plus_m31_mul_0p75,log_blowup,1,2,32,136,136,640,30816,13203326.734471,13144305.339181,13262348.129760,13169592.751569,33733.982902,9.430948,25.012987,false,predicted CU exceeds the transaction compute budget; fri_proven soundness term 100.0 bits is below the 128.0-bit target,false,predicted CU exceeds the transaction compute budget
qualified-circle-t100-r2-g32-fri_conjectured-baseline,Circle,fri_conjectured,100.0,baseline,log_blowup,1,2,32,68,68,640,17760,9253446.491467,9194425.096177,9312467.886756,9233745.126182,19701.365285,6.609605,14.415584,false,predicted CU exceeds the transaction compute budget; fri_conjectured soundness term 100.0 bits is below the 128.0-bit target,false,predicted CU exceeds the transaction compute budget
qualified-circle-t100-r2-g32-fri_conjectured-fenzi_whir_core_0p8,Circle,fri_conjectured,100.0,fenzi_whir_core_0p8,log_blowup,1,2,32,68,68,640,17760,9253446.491467,9194425.096177,9312467.886756,9233745.126182,19701.365285,6.609605,14.415584,false,predicted CU exceeds the transaction compute budget; fri_conjectured soundness term 100.0 bits is below the 128.0-bit target,false,predicted CU exceeds the transaction compute budget
qualified-circle-t100-r2-g32-fri_conjectured-m31_mul_0p75,Circle,fri_conjectured,100.0,m31_mul_0p75,log_blowup,1,2,32,68,68,640,17760,7173943.926373,7114922.531083,7232965.321662,7154242.561088,19701.365285,5.124246,14.415584,false,predicted CU exceeds the transaction compute budget; fri_conjectured soundness term 100.0 bits is below the 128.0-bit target,false,predicted CU exceeds the transaction compute budget
qualified-circle-t100-r2-g32-fri_conjectured-fenzi_whir_core_0p8_plus_m31_mul_0p75,Circle,fri_conjectured,100.0,fenzi_whir_core_0p8_plus_m31_mul_0p75,log_blowup,1,2,32,68,68,640,17760,7173943.926373,7114922.531083,7232965.321662,7154242.561088,19701.365285,5.124246,14.415584,false,predicted CU exceeds the transaction compute budget; fri_conjectured soundness term 100.0 bits is below the 128.0-bit target,false,predicted CU exceeds the transaction compute budget
qualified-circle-t100-r4-g0-fri_proven-baseline,Circle,fri_proven,100.0,baseline,log_blowup,2,4,0,100,100,640,27192,13061819.926415,13002798.531125,13120841.321704,13032010.958470,29808.967944,9.329871,22.071429,false,predicted CU exceeds the transaction compute budget; fri_proven soundness term 100.0 bits is below the 128.0-bit target,false,predicted CU exceeds the transaction compute budget
qualified-circle-t100-r4-g0-fri_proven-fenzi_whir_core_0p8,Circle,fri_proven,100.0,fenzi_whir_core_0p8,log_blowup,2,4,0,100,100,640,27192,13061819.926415,13002798.531125,13120841.321704,13032010.958470,29808.967944,9.329871,22.071429,false,predicted CU exceeds the transaction compute budget; fri_proven soundness term 100.0 bits is below the 128.0-bit target,false,predicted CU exceeds the transaction compute budget
qualified-circle-t100-r4-g0-fri_proven-m31_mul_0p75,Circle,fri_proven,100.0,m31_mul_0p75,log_blowup,2,4,0,100,100,640,27192,10097122.047519,10038100.652229,10156143.442808,10067313.079574,29808.967944,7.212230,22.071429,false,predicted CU exceeds the transaction compute budget; fri_proven soundness term 100.0 bits is below the 128.0-bit target,false,predicted CU exceeds the transaction compute budget
qualified-circle-t100-r4-g0-fri_proven-fenzi_whir_core_0p8_plus_m31_mul_0p75,Circle,fri_proven,100.0,fenzi_whir_core_0p8_plus_m31_mul_0p75,log_blowup,2,4,0,100,100,640,27192,10097122.047519,10038100.652229,10156143.442808,10067313.079574,29808.967944,7.212230,22.071429,false,predicted CU exceeds the transaction compute budget; fri_proven soundness term 100.0 bits is below the 128.0-bit target,false,predicted CU exceeds the transaction compute budget
qualified-circle-t100-r4-g0-fri_conjectured-baseline,Circle,fri_conjectured,100.0,baseline,log_blowup,2,4,0,50,50,640,15992,7202711.725489,7143690.330199,7261733.120778,7184937.967490,17773.757999,5.144794,12.980519,false,predicted CU exceeds the transaction compute budget; fri_conjectured soundness term 100.0 bits is below the 128.0-bit target,false,predicted CU exceeds the transaction compute budget
qualified-circle-t100-r4-g0-fri_conjectured-fenzi_whir_core_0p8,Circle,fri_conjectured,100.0,fenzi_whir_core_0p8,log_blowup,2,4,0,50,50,640,15992,7202711.725489,7143690.330199,7261733.120778,7184937.967490,17773.757999,5.144794,12.980519,false,predicted CU exceeds the transaction compute budget; fri_conjectured soundness term 100.0 bits is below the 128.0-bit target,false,predicted CU exceeds the transaction compute budget
qualified-circle-t100-r4-g0-fri_conjectured-m31_mul_0p75,Circle,fri_conjectured,100.0,m31_mul_0p75,log_blowup,2,4,0,50,50,640,15992,5621131.524409,5562110.129119,5680152.919698,5603357.766410,17773.757999,4.015094,12.980519,false,predicted CU exceeds the transaction compute budget; fri_conjectured soundness term 100.0 bits is below the 128.0-bit target,false,predicted CU exceeds the transaction compute budget
qualified-circle-t100-r4-g0-fri_conjectured-fenzi_whir_core_0p8_plus_m31_mul_0p75,Circle,fri_conjectured,100.0,fenzi_whir_core_0p8_plus_m31_mul_0p75,log_blowup,2,4,0,50,50,640,15992,5621131.524409,5562110.129119,5680152.919698,5603357.766410,17773.757999,4.015094,12.980519,false,predicted CU exceeds the transaction compute budget; fri_conjectured soundness term 100.0 bits is below the 128.0-bit target,false,predicted CU exceeds the transaction compute budget
qualified-circle-t100-r4-g8-fri_proven-baseline,Circle,fri_proven,100.0,baseline,log_blowup,2,4,8,92,92,640,25408,12124595.507379,12065574.112090,12183616.902669,12096726.837700,27868.669679,8.660425,20.623377,false,predicted CU exceeds the transaction compute budget; fri_proven soundness term 100.0 bits is below the 128.0-bit target,false,predicted CU exceeds the transaction compute budget
qualified-circle-t100-r4-g8-fri_proven-fenzi_whir_core_0p8,Circle,fri_proven,100.0,fenzi_whir_core_0p8,log_blowup,2,4,8,92,92,640,25408,12124595.507379,12065574.112090,12183616.902669,12096726.837700,27868.669679,8.660425,20.623377,false,predicted CU exceeds the transaction compute budget; fri_proven soundness term 100.0 bits is below the 128.0-bit target,false,predicted CU exceeds the transaction compute budget
qualified-circle-t100-r4-g8-fri_proven-m31_mul_0p75,Circle,fri_proven,100.0,m31_mul_0p75,log_blowup,2,4,8,92,92,640,25408,9381196.456934,9322175.061644,9440217.852223,9353327.787255,27868.669679,6.700855,20.623377,false,predicted CU exceeds the transaction compute budget; fri_proven soundness term 100.0 bits is below the 128.0-bit target,false,predicted CU exceeds the transaction compute budget
qualified-circle-t100-r4-g8-fri_proven-fenzi_whir_core_0p8_plus_m31_mul_0p75,Circle,fri_proven,100.0,fenzi_whir_core_0p8_plus_m31_mul_0p75,log_blowup,2,4,8,92,92,640,25408,9381196.456934,9322175.061644,9440217.852223,9353327.787255,27868.669679,6.700855,20.623377,false,predicted CU exceeds the transaction compute budget; fri_proven soundness term 100.0 bits is below the 128.0-bit target,false,predicted CU exceeds the transaction compute budget
qualified-circle-t100-r4-g8-fri_conjectured-baseline,Circle,fri_conjectured,100.0,baseline,log_blowup,2,4,8,46,46,640,15104,6734314.009958,6675292.614668,6793335.405247,6717419.685998,16894.323959,4.810224,12.259740,false,predicted CU exceeds the transaction compute budget; fri_conjectured soundness term 100.0 bits is below the 128.0-bit target,false,predicted CU exceeds the transaction compute budget
qualified-circle-t100-r4-g8-fri_conjectured-fenzi_whir_core_0p8,Circle,fri_conjectured,100.0,fenzi_whir_core_0p8,log_blowup,2,4,8,46,46,640,15104,6734314.009958,6675292.614668,6793335.405247,6717419.685998,16894.323959,4.810224,12.259740,false,predicted CU exceeds the transaction compute budget; fri_conjectured soundness term 100.0 bits is below the 128.0-bit target,false,predicted CU exceeds the transaction compute budget
qualified-circle-t100-r4-g8-fri_conjectured-m31_mul_0p75,Circle,fri_conjectured,100.0,m31_mul_0p75,log_blowup,2,4,8,46,46,640,15104,5263383.223103,5204361.827813,5322404.618392,5246488.899143,16894.323959,3.759559,12.259740,false,predicted CU exceeds the transaction compute budget; fri_conjectured soundness term 100.0 bits is below the 128.0-bit target,false,predicted CU exceeds the transaction compute budget
qualified-circle-t100-r4-g8-fri_conjectured-fenzi_whir_core_0p8_plus_m31_mul_0p75,Circle,fri_conjectured,100.0,fenzi_whir_core_0p8_plus_m31_mul_0p75,log_blowup,2,4,8,46,46,640,15104,5263383.223103,5204361.827813,5322404.618392,5246488.899143,16894.323959,3.759559,12.259740,false,predicted CU exceeds the transaction compute budget; fri_conjectured soundness term 100.0 bits is below the 128.0-bit target,false,predicted CU exceeds the transaction compute budget
qualified-circle-t100-r4-g16-fri_proven-baseline,Circle,fri_proven,100.0,baseline,log_blowup,2,4,16,84,84,640,23616,11187117.185068,11128095.789778,11246138.580357,11161195.159143,25922.025924,7.990798,19.168831,false,predicted CU exceeds the transaction compute budget; fri_proven soundness term 100.0 bits is below the 128.0-bit target,false,predicted CU exceeds the transaction compute budget
qualified-circle-t100-r4-g16-fri_proven-fenzi_whir_core_0p8,Circle,fri_proven,100.0,fenzi_whir_core_0p8,log_blowup,2,4,16,84,84,640,23616,11187117.185068,11128095.789778,11246138.580357,11161195.159143,25922.025924,7.990798,19.168831,false,predicted CU exceeds the transaction compute budget; fri_proven soundness term 100.0 bits is below the 128.0-bit target,false,predicted CU exceeds the transaction compute budget
qualified-circle-t100-r4-g16-fri_proven-m31_mul_0p75,Circle,fri_proven,100.0,m31_mul_0p75,log_blowup,2,4,16,84,84,640,23616,8665016.963073,8605995.567783,8724038.358362,8639094.937148,25922.025924,6.189298,19.168831,false,predicted CU exceeds the transaction compute budget; fri_proven soundness term 100.0 bits is below the 128.0-bit target,false,predicted CU exceeds the transaction compute budget
qualified-circle-t100-r4-g16-fri_proven-fenzi_whir_core_0p8_plus_m31_mul_0p75,Circle,fri_proven,100.0,fenzi_whir_core_0p8_plus_m31_mul_0p75,log_blowup,2,4,16,84,84,640,23616,8665016.963073,8605995.567783,8724038.358362,8639094.937148,25922.025924,6.189298,19.168831,false,predicted CU exceeds the transaction compute budget; fri_proven soundness term 100.0 bits is below the 128.0-bit target,false,predicted CU exceeds the transaction compute budget
qualified-circle-t100-r4-g16-fri_conjectured-baseline,Circle,fri_conjectured,100.0,baseline,log_blowup,2,4,16,42,42,640,14208,6265662.391150,6206640.995860,6324683.786439,6249653.846720,16008.544430,4.475473,11.532468,false,predicted CU exceeds the transaction compute budget; fri_conjectured soundness term 100.0 bits is below the 128.0-bit target,false,predicted CU exceeds the transaction compute budget
qualified-circle-t100-r4-g16-fri_conjectured-fenzi_whir_core_0p8,Circle,fri_conjectured,100.0,fenzi_whir_core_0p8,log_blowup,2,4,16,42,42,640,14208,6265662.391150,6206640.995860,6324683.786439,6249653.846720,16008.544430,4.475473,11.532468,false,predicted CU exceeds the transaction compute budget; fri_conjectured soundness term 100.0 bits is below the 128.0-bit target,false,predicted CU exceeds the transaction compute budget
qualified-circle-t100-r4-g16-fri_conjectured-m31_mul_0p75,Circle,fri_conjectured,100.0,m31_mul_0p75,log_blowup,2,4,16,42,42,640,14208,4905381.018520,4846359.623231,4964402.413810,4889372.474090,16008.544430,3.503844,11.532468,false,predicted CU exceeds the transaction compute budget; fri_conjectured soundness term 100.0 bits is below the 128.0-bit target,false,predicted CU exceeds the transaction compute budget
qualified-circle-t100-r4-g16-fri_conjectured-fenzi_whir_core_0p8_plus_m31_mul_0p75,Circle,fri_conjectured,100.0,fenzi_whir_core_0p8_plus_m31_mul_0p75,log_blowup,2,4,16,42,42,640,14208,4905381.018520,4846359.623231,4964402.413810,4889372.474090,16008.544430,3.503844,11.532468,false,predicted CU exceeds the transaction compute budget; fri_conjectured soundness term 100.0 bits is below the 128.0-bit target,false,predicted CU exceeds the transaction compute budget
qualified-circle-t100-r4-g24-fri_proven-baseline,Circle,fri_proven,100.0,baseline,log_blowup,2,4,24,76,76,640,21824,10249813.947452,10190792.552163,10308835.342742,10225663.480586,24150.466866,7.321296,17.714286,false,predicted CU exceeds the transaction compute budget; fri_proven soundness term 100.0 bits is below the 128.0-bit target,false,predicted CU exceeds the transaction compute budget
qualified-circle-t100-r4-g24-fri_proven-fenzi_whir_core_0p8,Circle,fri_proven,100.0,fenzi_whir_core_0p8,log_blowup,2,4,24,76,76,640,21824,10249813.947452,10190792.552163,10308835.342742,10225663.480586,24150.466866,7.321296,17.714286,false,predicted CU exceeds the transaction compute budget; fri_proven soundness term 100.0 bits is below the 128.0-bit target,false,predicted CU exceeds the transaction compute budget
qualified-circle-t100-r4-g24-fri_proven-m31_mul_0p75,Circle,fri_proven,100.0,m31_mul_0p75,log_blowup,2,4,24,76,76,640,21824,7949012.553908,7889991.158618,8008033.949197,7924862.087042,24150.466866,5.677866,17.714286,false,predicted CU exceeds the transaction compute budget; fri_proven soundness term 100.0 bits is below the 128.0-bit target,false,predicted CU exceeds the transaction compute budget
qualified-circle-t100-r4-g24-fri_proven-fenzi_whir_core_0p8_plus_m31_mul_0p75,Circle,fri_proven,100.0,fenzi_whir_core_0p8_plus_m31_mul_0p75,log_blowup,2,4,24,76,76,640,21824,7949012.553908,7889991.158618,8008033.949197,7924862.087042,24150.466866,5.677866,17.714286,false,predicted CU exceeds the transaction compute budget; fri_proven soundness term 100.0 bits is below the 128.0-bit target,false,predicted CU exceeds the transaction compute budget
qualified-circle-t100-r4-g24-fri_conjectured-baseline,Circle,fri_conjectured,100.0,baseline,log_blowup,2,4,24,38,38,640,13312,5796835.687646,5737814.292356,5855857.082935,5781888.007441,14947.680205,4.140597,10.805195,false,predicted CU exceeds the transaction compute budget; fri_conjectured soundness term 100.0 bits is below the 128.0-bit target,false,predicted CU exceeds the transaction compute budget
qualified-circle-t100-r4-g24-fri_conjectured-fenzi_whir_core_0p8,Circle,fri_conjectured,100.0,fenzi_whir_core_0p8,log_blowup,2,4,24,38,38,640,13312,5796835.687646,5737814.292356,5855857.082935,5781888.007441,14947.680205,4.140597,10.805195,false,predicted CU exceeds the transaction compute budget; fri_conjectured soundness term 100.0 bits is below the 128.0-bit target,false,predicted CU exceeds the transaction compute budget
qualified-circle-t100-r4-g24-fri_conjectured-m31_mul_0p75,Circle,fri_conjectured,100.0,m31_mul_0p75,log_blowup,2,4,24,38,38,640,13312,4547203.729241,4488182.333952,4606225.124531,4532256.049037,14947.680205,3.248003,10.805195,false,predicted CU exceeds the transaction compute budget; fri_conjectured soundness term 100.0 bits is below the 128.0-bit target,false,predicted CU exceeds the transaction compute budget
qualified-circle-t100-r4-g24-fri_conjectured-fenzi_whir_core_0p8_plus_m31_mul_0p75,Circle,fri_conjectured,100.0,fenzi_whir_core_0p8_plus_m31_mul_0p75,log_blowup,2,4,24,38,38,640,13312,4547203.729241,4488182.333952,4606225.124531,4532256.049037,14947.680205,3.248003,10.805195,false,predicted CU exceeds the transaction compute budget; fri_conjectured soundness term 100.0 bits is below the 128.0-bit target,false,predicted CU exceeds the transaction compute budget
qualified-circle-t100-r4-g32-fri_proven-baseline,Circle,fri_proven,100.0,baseline,log_blowup,2,4,32,68,68,640,20032,9312335.625141,9253314.229851,9371357.020430,9290131.802030,22203.823111,6.651668,16.259740,false,predicted CU exceeds the transaction compute budget; fri_proven soundness term 100.0 bits is below the 128.0-bit target,false,predicted CU exceeds the transaction compute budget
qualified-circle-t100-r4-g32-fri_proven-fenzi_whir_core_0p8,Circle,fri_proven,100.0,fenzi_whir_core_0p8,log_blowup,2,4,32,68,68,640,20032,9312335.625141,9253314.229851,9371357.020430,9290131.802030,22203.823111,6.651668,16.259740,false,predicted CU exceeds the transaction compute budget; fri_proven soundness term 100.0 bits is below the 128.0-bit target,false,predicted CU exceeds the transaction compute budget
qualified-circle-t100-r4-g32-fri_proven-m31_mul_0p75,Circle,fri_proven,100.0,m31_mul_0p75,log_blowup,2,4,32,68,68,640,20032,7232833.060047,7173811.664757,7291854.455336,7210629.236936,22203.823111,5.166309,16.259740,false,predicted CU exceeds the transaction compute budget; fri_proven soundness term 100.0 bits is below the 128.0-bit target,false,predicted CU exceeds the transaction compute budget
qualified-circle-t100-r4-g32-fri_proven-fenzi_whir_core_0p8_plus_m31_mul_0p75,Circle,fri_proven,100.0,fenzi_whir_core_0p8_plus_m31_mul_0p75,log_blowup,2,4,32,68,68,640,20032,7232833.060047,7173811.664757,7291854.455336,7210629.236936,22203.823111,5.166309,16.259740,false,predicted CU exceeds the transaction compute budget; fri_proven soundness term 100.0 bits is below the 128.0-bit target,false,predicted CU exceeds the transaction compute budget
qualified-circle-t100-r4-g32-fri_conjectured-baseline,Circle,fri_conjectured,100.0,baseline,log_blowup,2,4,32,34,34,640,12416,5328184.068838,5269162.673549,5387205.464128,5314122.168163,14061.900675,3.805846,10.077922,false,predicted CU exceeds the transaction compute budget; fri_conjectured soundness term 100.0 bits is below the 128.0-bit target,false,predicted CU exceeds the transaction compute budget
qualified-circle-t100-r4-g32-fri_conjectured-fenzi_whir_core_0p8,Circle,fri_conjectured,100.0,fenzi_whir_core_0p8,log_blowup,2,4,32,34,34,640,12416,5328184.068838,5269162.673549,5387205.464128,5314122.168163,14061.900675,3.805846,10.077922,false,predicted CU exceeds the transaction compute budget; fri_conjectured soundness term 100.0 bits is below the 128.0-bit target,false,predicted CU exceeds the transaction compute budget
qualified-circle-t100-r4-g32-fri_conjectured-m31_mul_0p75,Circle,fri_conjectured,100.0,m31_mul_0p75,log_blowup,2,4,32,34,34,640,12416,4189201.524659,4130180.129369,4248222.919949,4175139.623984,14061.900675,2.992287,10.077922,false,predicted CU exceeds the transaction compute budget; fri_conjectured soundness term 100.0 bits is below the 128.0-bit target,false,predicted CU exceeds the transaction compute budget
qualified-circle-t100-r4-g32-fri_conjectured-fenzi_whir_core_0p8_plus_m31_mul_0p75,Circle,fri_conjectured,100.0,fenzi_whir_core_0p8_plus_m31_mul_0p75,log_blowup,2,4,32,34,34,640,12416,4189201.524659,4130180.129369,4248222.919949,4175139.623984,14061.900675,2.992287,10.077922,false,predicted CU exceeds the transaction compute budget; fri_conjectured soundness term 100.0 bits is below the 128.0-bit target,false,predicted CU exceeds the transaction compute budget
qualified-circle-t100-r8-g0-fri_proven-baseline,Circle,fri_proven,100.0,baseline,log_blowup,3,8,0,67,67,640,22040,9252833.181305,9193811.786016,9311854.576595,9228511.386221,24321.795084,6.609167,17.889610,false,predicted CU exceeds the transaction compute budget; fri_proven soundness term 100.5 bits is below the 128.0-bit target,false,predicted CU exceeds the transaction compute budget
qualified-circle-t100-r8-g0-fri_proven-fenzi_whir_core_0p8,Circle,fri_proven,100.0,fenzi_whir_core_0p8,log_blowup,3,8,0,67,67,640,22040,9252833.181305,9193811.786016,9311854.576595,9228511.386221,24321.795084,6.609167,17.889610,false,predicted CU exceeds the transaction compute budget; fri_proven soundness term 100.5 bits is below the 128.0-bit target,false,predicted CU exceeds the transaction compute budget
qualified-circle-t100-r8-g0-fri_proven-m31_mul_0p75,Circle,fri_proven,100.0,m31_mul_0p75,log_blowup,3,8,0,67,67,640,22040,7200992.969768,7141971.574478,7260014.365057,7176671.174683,24321.795084,5.143566,17.889610,false,predicted CU exceeds the transaction compute budget; fri_proven soundness term 100.5 bits is below the 128.0-bit target,false,predicted CU exceeds the transaction compute budget
qualified-circle-t100-r8-g0-fri_proven-fenzi_whir_core_0p8_plus_m31_mul_0p75,Circle,fri_proven,100.0,fenzi_whir_core_0p8_plus_m31_mul_0p75,log_blowup,3,8,0,67,67,640,22040,7200992.969768,7141971.574478,7260014.365057,7176671.174683,24321.795084,5.143566,17.889610,false,predicted CU exceeds the transaction compute budget; fri_proven soundness term 100.5 bits is below the 128.0-bit target,false,predicted CU exceeds the transaction compute budget
qualified-circle-t100-r8-g0-fri_conjectured-baseline,Circle,fri_conjectured,100.0,baseline,log_blowup,3,8,0,34,34,640,13592,5357791.625549,5298770.230259,5416813.020838,5342446.768512,15344.857036,3.826994,11.032468,false,predicted CU exceeds the transaction compute budget; fri_conjectured soundness term 102.0 bits is below the 128.0-bit target,false,predicted CU exceeds the transaction compute budget
qualified-circle-t100-r8-g0-fri_conjectured-fenzi_whir_core_0p8,Circle,fri_conjectured,100.0,fenzi_whir_core_0p8,log_blowup,3,8,0,34,34,640,13592,5357791.625549,5298770.230259,5416813.020838,5342446.768512,15344.857036,3.826994,11.032468,false,predicted CU exceeds the transaction compute budget; fri_conjectured soundness term 102.0 bits is below the 128.0-bit target,false,predicted CU exceeds the transaction compute budget
qualified-circle-t100-r8-g0-fri_conjectured-m31_mul_0p75,Circle,fri_conjectured,100.0,m31_mul_0p75,log_blowup,3,8,0,34,34,640,13592,4218809.081370,4159787.686080,4277830.476659,4203464.224333,15344.857036,3.013435,11.032468,false,predicted CU exceeds the transaction compute budget; fri_conjectured soundness term 102.0 bits is below the 128.0-bit target,false,predicted CU exceeds the transaction compute budget
qualified-circle-t100-r8-g0-fri_conjectured-fenzi_whir_core_0p8_plus_m31_mul_0p75,Circle,fri_conjectured,100.0,fenzi_whir_core_0p8_plus_m31_mul_0p75,log_blowup,3,8,0,34,34,640,13592,4218809.081370,4159787.686080,4277830.476659,4203464.224333,15344.857036,3.013435,11.032468,false,predicted CU exceeds the transaction compute budget; fri_conjectured soundness term 102.0 bits is below the 128.0-bit target,false,predicted CU exceeds the transaction compute budget
qualified-circle-t100-r8-g8-fri_proven-baseline,Circle,fri_proven,100.0,baseline,log_blowup,3,8,8,62,62,640,20768,8662923.967506,8603902.572217,8721945.362796,8639961.274658,22962.692849,6.187803,16.857143,false,predicted CU exceeds the transaction compute budget; fri_proven soundness term 101.0 bits is below the 128.0-bit target,false,predicted CU exceeds the transaction compute budget
qualified-circle-t100-r8-g8-fri_proven-fenzi_whir_core_0p8,Circle,fri_proven,100.0,fenzi_whir_core_0p8,log_blowup,3,8,8,62,62,640,20768,8662923.967506,8603902.572217,8721945.362796,8639961.274658,22962.692849,6.187803,16.857143,false,predicted CU exceeds the transaction compute budget; fri_proven soundness term 101.0 bits is below the 128.0-bit target,false,predicted CU exceeds the transaction compute budget
qualified-circle-t100-r8-g8-fri_proven-m31_mul_0p75,Circle,fri_proven,100.0,m31_mul_0p75,log_blowup,3,8,8,62,62,640,20768,6749395.523750,6690374.128461,6808416.919040,6726432.830902,22962.692849,4.820997,16.857143,false,predicted CU exceeds the transaction compute budget; fri_proven soundness term 101.0 bits is below the 128.0-bit target,false,predicted CU exceeds the transaction compute budget
qualified-circle-t100-r8-g8-fri_proven-fenzi_whir_core_0p8_plus_m31_mul_0p75,Circle,fri_proven,100.0,fenzi_whir_core_0p8_plus_m31_mul_0p75,log_blowup,3,8,8,62,62,640,20768,6749395.523750,6690374.128461,6808416.919040,6726432.830902,22962.692849,4.820997,16.857143,false,predicted CU exceeds the transaction compute budget; fri_proven soundness term 101.0 bits is below the 128.0-bit target,false,predicted CU exceeds the transaction compute budget
qualified-circle-t100-r8-g8-fri_conjectured-baseline,Circle,fri_conjectured,100.0,baseline,log_blowup,3,8,8,31,31,640,12832,5003982.675519,4944961.280230,5063004.070809,4989415.724689,14566.950830,3.574273,10.415584,false,predicted CU exceeds the transaction compute budget; fri_conjectured soundness term 101.0 bits is below the 128.0-bit target,false,predicted CU exceeds the transaction compute budget
qualified-circle-t100-r8-g8-fri_conjectured-fenzi_whir_core_0p8,Circle,fri_conjectured,100.0,fenzi_whir_core_0p8,log_blowup,3,8,8,31,31,640,12832,5003982.675519,4944961.280230,5063004.070809,4989415.724689,14566.950830,3.574273,10.415584,false,predicted CU exceeds the transaction compute budget; fri_conjectured soundness term 101.0 bits is below the 128.0-bit target,false,predicted CU exceeds the transaction compute budget
qualified-circle-t100-r8-g8-fri_conjectured-m31_mul_0p75,Circle,fri_conjectured,100.0,m31_mul_0p75,log_blowup,3,8,8,31,31,640,12832,3947987.192009,3888965.796720,4007008.587299,3933420.241179,14566.950830,2.819991,10.415584,false,predicted CU exceeds the transaction compute budget; fri_conjectured soundness term 101.0 bits is below the 128.0-bit target,false,predicted CU exceeds the transaction compute budget
qualified-circle-t100-r8-g8-fri_conjectured-fenzi_whir_core_0p8_plus_m31_mul_0p75,Circle,fri_conjectured,100.0,fenzi_whir_core_0p8_plus_m31_mul_0p75,log_blowup,3,8,8,31,31,640,12832,3947987.192009,3888965.796720,4007008.587299,3933420.241179,14566.950830,2.819991,10.415584,false,predicted CU exceeds the transaction compute budget; fri_conjectured soundness term 101.0 bits is below the 128.0-bit target,false,predicted CU exceeds the transaction compute budget
qualified-circle-t100-r8-g16-fri_proven-baseline,Circle,fri_proven,100.0,baseline,log_blowup,3,8,16,56,56,640,19232,7954798.260895,7895776.865605,8013819.656184,7933404.071438,21394.189457,5.681999,15.610390,false,predicted CU exceeds the transaction compute budget; fri_proven soundness term 100.0 bits is below the 128.0-bit target,false,predicted CU exceeds the transaction compute budget
qualified-circle-t100-r8-g16-fri_proven-fenzi_whir_core_0p8,Circle,fri_proven,100.0,fenzi_whir_core_0p8,log_blowup,3,8,16,56,56,640,19232,7954798.260895,7895776.865605,8013819.656184,7933404.071438,21394.189457,5.681999,15.610390,false,predicted CU exceeds the transaction compute budget; fri_proven soundness term 100.0 bits is below the 128.0-bit target,false,predicted CU exceeds the transaction compute budget
qualified-circle-t100-r8-g16-fri_proven-m31_mul_0p75,Circle,fri_proven,100.0,m31_mul_0p75,log_blowup,3,8,16,56,56,640,19232,6207243.938477,6148222.543187,6266265.333766,6185849.749020,21394.189457,4.433746,15.610390,false,predicted CU exceeds the transaction compute budget; fri_proven soundness term 100.0 bits is below the 128.0-bit target,false,predicted CU exceeds the transaction compute budget
qualified-circle-t100-r8-g16-fri_proven-fenzi_whir_core_0p8_plus_m31_mul_0p75,Circle,fri_proven,100.0,fenzi_whir_core_0p8_plus_m31_mul_0p75,log_blowup,3,8,16,56,56,640,19232,6207243.938477,6148222.543187,6266265.333766,6185849.749020,21394.189457,4.433746,15.610390,false,predicted CU exceeds the transaction compute budget; fri_proven soundness term 100.0 bits is below the 128.0-bit target,false,predicted CU exceeds the transaction compute budget
qualified-circle-t100-r8-g16-fri_conjectured-baseline,Circle,fri_conjectured,100.0,baseline,log_blowup,3,8,16,28,28,640,12064,4649744.737517,4590723.342228,4708766.132807,4636137.123080,13607.614438,3.321246,9.792208,false,predicted CU exceeds the transaction compute budget; fri_conjectured soundness term 100.0 bits is below the 128.0-bit target,false,predicted CU exceeds the transaction compute budget
qualified-circle-t100-r8-g16-fri_conjectured-fenzi_whir_core_0p8,Circle,fri_conjectured,100.0,fenzi_whir_core_0p8,log_blowup,3,8,16,28,28,640,12064,4649744.737517,4590723.342228,4708766.132807,4636137.123080,13607.614438,3.321246,9.792208,false,predicted CU exceeds the transaction compute budget; fri_conjectured soundness term 100.0 bits is below the 128.0-bit target,false,predicted CU exceeds the transaction compute budget
qualified-circle-t100-r8-g16-fri_conjectured-m31_mul_0p75,Circle,fri_conjectured,100.0,m31_mul_0p75,log_blowup,3,8,16,28,28,640,12064,3676736.314676,3617714.919386,3735757.709966,3663128.700238,13607.614438,2.626240,9.792208,false,predicted CU exceeds the transaction compute budget; fri_conjectured soundness term 100.0 bits is below the 128.0-bit target,false,predicted CU exceeds the transaction compute budget
qualified-circle-t100-r8-g16-fri_conjectured-fenzi_whir_core_0p8_plus_m31_mul_0p75,Circle,fri_conjectured,100.0,fenzi_whir_core_0p8_plus_m31_mul_0p75,log_blowup,3,8,16,28,28,640,12064,3676736.314676,3617714.919386,3735757.709966,3663128.700238,13607.614438,2.626240,9.792208,false,predicted CU exceeds the transaction compute budget; fri_conjectured soundness term 100.0 bits is below the 128.0-bit target,false,predicted CU exceeds the transaction compute budget
qualified-circle-t100-r8-g24-fri_proven-baseline,Circle,fri_proven,100.0,baseline,log_blowup,3,8,24,51,51,640,17952,7364635.143820,7305613.748530,7423656.539109,7344606.402088,20028.741731,5.260454,14.571429,false,predicted CU exceeds the transaction compute budget; fri_proven soundness term 100.5 bits is below the 128.0-bit target,false,predicted CU exceeds the transaction compute budget
qualified-circle-t100-r8-g24-fri_proven-fenzi_whir_core_0p8,Circle,fri_proven,100.0,fenzi_whir_core_0p8,log_blowup,3,8,24,51,51,640,17952,7364635.143820,7305613.748530,7423656.539109,7344606.402088,20028.741731,5.260454,14.571429,false,predicted CU exceeds the transaction compute budget; fri_proven soundness term 100.5 bits is below the 128.0-bit target,false,predicted CU exceeds the transaction compute budget
qualified-circle-t100-r8-g24-fri_proven-m31_mul_0p75,Circle,fri_proven,100.0,m31_mul_0p75,log_blowup,3,8,24,51,51,640,17952,5755392.589183,5696371.193894,5814413.984473,5735363.847452,20028.741731,4.110995,14.571429,false,predicted CU exceeds the transaction compute budget; fri_proven soundness term 100.5 bits is below the 128.0-bit target,false,predicted CU exceeds the transaction compute budget
qualified-circle-t100-r8-g24-fri_proven-fenzi_whir_core_0p8_plus_m31_mul_0p75,Circle,fri_proven,100.0,fenzi_whir_core_0p8_plus_m31_mul_0p75,log_blowup,3,8,24,51,51,640,17952,5755392.589183,5696371.193894,5814413.984473,5735363.847452,20028.741731,4.110995,14.571429,false,predicted CU exceeds the transaction compute budget; fri_proven soundness term 100.5 bits is below the 128.0-bit target,false,predicted CU exceeds the transaction compute budget
qualified-circle-t100-r8-g24-fri_conjectured-baseline,Circle,fri_conjectured,100.0,baseline,log_blowup,3,8,24,26,26,640,11552,4413819.558444,4354798.163155,4472840.953734,4400618.055340,13201.503105,3.152728,9.376623,false,predicted CU exceeds the transaction compute budget; fri_conjectured soundness term 102.0 bits is below the 128.0-bit target,false,predicted CU exceeds the transaction compute budget
qualified-circle-t100-r8-g24-fri_conjectured-fenzi_whir_core_0p8,Circle,fri_conjectured,100.0,fenzi_whir_core_0p8,log_blowup,3,8,24,26,26,640,11552,4413819.558444,4354798.163155,4472840.953734,4400618.055340,13201.503105,3.152728,9.376623,false,predicted CU exceeds the transaction compute budget; fri_conjectured soundness term 102.0 bits is below the 128.0-bit target,false,predicted CU exceeds the transaction compute budget
qualified-circle-t100-r8-g24-fri_conjectured-m31_mul_0p75,Circle,fri_conjectured,100.0,m31_mul_0p75,log_blowup,3,8,24,26,26,640,11552,3496135.842716,3437114.447426,3555157.238005,3482934.339611,13201.503105,2.497240,9.376623,false,predicted CU exceeds the transaction compute budget; fri_conjectured soundness term 102.0 bits is below the 128.0-bit target,false,predicted CU exceeds the transaction compute budget
qualified-circle-t100-r8-g24-fri_conjectured-fenzi_whir_core_0p8_plus_m31_mul_0p75,Circle,fri_conjectured,100.0,fenzi_whir_core_0p8_plus_m31_mul_0p75,log_blowup,3,8,24,26,26,640,11552,3496135.842716,3437114.447426,3555157.238005,3482934.339611,13201.503105,2.497240,9.376623,false,predicted CU exceeds the transaction compute budget; fri_conjectured soundness term 102.0 bits is below the 128.0-bit target,false,predicted CU exceeds the transaction compute budget
qualified-circle-t100-r8-g32-fri_proven-baseline,Circle,fri_proven,100.0,baseline,log_blowup,3,8,32,46,46,640,16672,6774472.026745,6715450.631455,6833493.422034,6755808.732739,18663.294006,4.838909,13.532468,false,predicted CU exceeds the transaction compute budget; fri_proven soundness term 101.0 bits is below the 128.0-bit target,false,predicted CU exceeds the transaction compute budget
qualified-circle-t100-r8-g32-fri_proven-fenzi_whir_core_0p8,Circle,fri_proven,100.0,fenzi_whir_core_0p8,log_blowup,3,8,32,46,46,640,16672,6774472.026745,6715450.631455,6833493.422034,6755808.732739,18663.294006,4.838909,13.532468,false,predicted CU exceeds the transaction compute budget; fri_proven soundness term 101.0 bits is below the 128.0-bit target,false,predicted CU exceeds the transaction compute budget
qualified-circle-t100-r8-g32-fri_proven-m31_mul_0p75,Circle,fri_proven,100.0,m31_mul_0p75,log_blowup,3,8,32,46,46,640,16672,5303541.239890,5244519.844600,5362562.635179,5284877.945884,18663.294006,3.788244,13.532468,false,predicted CU exceeds the transaction compute budget; fri_proven soundness term 101.0 bits is below the 128.0-bit target,false,predicted CU exceeds the transaction compute budget
qualified-circle-t100-r8-g32-fri_proven-fenzi_whir_core_0p8_plus_m31_mul_0p75,Circle,fri_proven,100.0,fenzi_whir_core_0p8_plus_m31_mul_0p75,log_blowup,3,8,32,46,46,640,16672,5303541.239890,5244519.844600,5362562.635179,5284877.945884,18663.294006,3.788244,13.532468,false,predicted CU exceeds the transaction compute budget; fri_proven soundness term 101.0 bits is below the 128.0-bit target,false,predicted CU exceeds the transaction compute budget
qualified-circle-t100-r8-g32-fri_conjectured-baseline,Circle,fri_conjectured,100.0,baseline,log_blowup,3,8,32,23,23,640,10784,4059581.620442,4000560.225152,4118603.015732,4047339.453730,12242.166712,2.899701,8.753247,false,predicted CU exceeds the transaction compute budget; fri_conjectured soundness term 101.0 bits is below the 128.0-bit target,false,predicted CU exceeds the transaction compute budget
qualified-circle-t100-r8-g32-fri_conjectured-fenzi_whir_core_0p8,Circle,fri_conjectured,100.0,fenzi_whir_core_0p8,log_blowup,3,8,32,23,23,640,10784,4059581.620442,4000560.225152,4118603.015732,4047339.453730,12242.166712,2.899701,8.753247,false,predicted CU exceeds the transaction compute budget; fri_conjectured soundness term 101.0 bits is below the 128.0-bit target,false,predicted CU exceeds the transaction compute budget
qualified-circle-t100-r8-g32-fri_conjectured-m31_mul_0p75,Circle,fri_conjectured,100.0,m31_mul_0p75,log_blowup,3,8,32,23,23,640,10784,3224884.965382,3165863.570093,3283906.360672,3212642.798670,12242.166712,2.303489,8.753247,false,predicted CU exceeds the transaction compute budget; fri_conjectured soundness term 101.0 bits is below the 128.0-bit target,false,predicted CU exceeds the transaction compute budget
qualified-circle-t100-r8-g32-fri_conjectured-fenzi_whir_core_0p8_plus_m31_mul_0p75,Circle,fri_conjectured,100.0,fenzi_whir_core_0p8_plus_m31_mul_0p75,log_blowup,3,8,32,23,23,640,10784,3224884.965382,3165863.570093,3283906.360672,3212642.798670,12242.166712,2.303489,8.753247,false,predicted CU exceeds the transaction compute budget; fri_conjectured soundness term 101.0 bits is below the 128.0-bit target,false,predicted CU exceeds the transaction compute budget
qualified-circle-t100-r16-g0-fri_proven-baseline,Circle,fri_proven,100.0,baseline,log_blowup,4,16,0,50,50,640,19384,7289775.407132,7230754.011843,7348796.802422,7268260.653374,21514.753759,5.206982,15.733766,false,predicted CU exceeds the transaction compute budget; fri_proven soundness term 100.0 bits is below the 128.0-bit target,false,predicted CU exceeds the transaction compute budget
qualified-circle-t100-r16-g0-fri_proven-fenzi_whir_core_0p8,Circle,fri_proven,100.0,fenzi_whir_core_0p8,log_blowup,4,16,0,50,50,640,19384,7289775.407132,7230754.011843,7348796.802422,7268260.653374,21514.753759,5.206982,15.733766,false,predicted CU exceeds the transaction compute budget; fri_proven soundness term 100.0 bits is below the 128.0-bit target,false,predicted CU exceeds the transaction compute budget
qualified-circle-t100-r16-g0-fri_proven-m31_mul_0p75,Circle,fri_proven,100.0,m31_mul_0p75,log_blowup,4,16,0,50,50,640,19384,5708195.206052,5649173.810762,5767216.601342,5686680.452293,21514.753759,4.077282,15.733766,false,predicted CU exceeds the transaction compute budget; fri_proven soundness term 100.0 bits is below the 128.0-bit target,false,predicted CU exceeds the transaction compute budget
qualified-circle-t100-r16-g0-fri_proven-fenzi_whir_core_0p8_plus_m31_mul_0p75,Circle,fri_proven,100.0,fenzi_whir_core_0p8_plus_m31_mul_0p75,log_blowup,4,16,0,50,50,640,19384,5708195.206052,5649173.810762,5767216.601342,5686680.452293,21514.753759,4.077282,15.733766,false,predicted CU exceeds the transaction compute budget; fri_proven soundness term 100.0 bits is below the 128.0-bit target,false,predicted CU exceeds the transaction compute budget
qualified-circle-t100-r16-g0-fri_conjectured-baseline,Circle,fri_conjectured,100.0,baseline,log_blowup,4,16,0,25,25,640,12184,4317698.336844,4258676.941554,4376719.732134,4303820.455366,13877.881478,3.084070,9.889610,false,predicted CU exceeds the transaction compute budget; fri_conjectured soundness term 100.0 bits is below the 128.0-bit target,false,predicted CU exceeds the transaction compute budget
qualified-circle-t100-r16-g0-fri_conjectured-fenzi_whir_core_0p8,Circle,fri_conjectured,100.0,fenzi_whir_core_0p8,log_blowup,4,16,0,25,25,640,12184,4317698.336844,4258676.941554,4376719.732134,4303820.455366,13877.881478,3.084070,9.889610,false,predicted CU exceeds the transaction compute budget; fri_conjectured soundness term 100.0 bits is below the 128.0-bit target,false,predicted CU exceeds the transaction compute budget
qualified-circle-t100-r16-g0-fri_conjectured-m31_mul_0p75,Circle,fri_conjectured,100.0,m31_mul_0p75,log_blowup,4,16,0,25,25,640,12184,3427676.974672,3368655.579382,3486698.369961,3413799.093194,13877.881478,2.448341,9.889610,false,predicted CU exceeds the transaction compute budget; fri_conjectured soundness term 100.0 bits is below the 128.0-bit target,false,predicted CU exceeds the transaction compute budget
qualified-circle-t100-r16-g0-fri_conjectured-fenzi_whir_core_0p8_plus_m31_mul_0p75,Circle,fri_conjectured,100.0,fenzi_whir_core_0p8_plus_m31_mul_0p75,log_blowup,4,16,0,25,25,640,12184,3427676.974672,3368655.579382,3486698.369961,3413799.093194,13877.881478,2.448341,9.889610,false,predicted CU exceeds the transaction compute budget; fri_conjectured soundness term 100.0 bits is below the 128.0-bit target,false,predicted CU exceeds the transaction compute budget
qualified-circle-t100-r16-g8-fri_proven-baseline,Circle,fri_proven,100.0,baseline,log_blowup,4,16,8,46,46,640,18240,6814454.958835,6755433.563546,6873476.354125,6794197.779479,20257.179356,4.867468,14.805195,false,predicted CU exceeds the transaction compute budget; fri_proven soundness term 100.0 bits is below the 128.0-bit target,false,predicted CU exceeds the transaction compute budget
qualified-circle-t100-r16-g8-fri_proven-fenzi_whir_core_0p8,Circle,fri_proven,100.0,fenzi_whir_core_0p8,log_blowup,4,16,8,46,46,640,18240,6814454.958835,6755433.563546,6873476.354125,6794197.779479,20257.179356,4.867468,14.805195,false,predicted CU exceeds the transaction compute budget; fri_proven soundness term 100.0 bits is below the 128.0-bit target,false,predicted CU exceeds the transaction compute budget
qualified-circle-t100-r16-g8-fri_proven-m31_mul_0p75,Circle,fri_proven,100.0,m31_mul_0p75,log_blowup,4,16,8,46,46,640,18240,5343524.171980,5284502.776691,5402545.567270,5323266.992624,20257.179356,3.816803,14.805195,false,predicted CU exceeds the transaction compute budget; fri_proven soundness term 100.0 bits is below the 128.0-bit target,false,predicted CU exceeds the transaction compute budget
qualified-circle-t100-r16-g8-fri_proven-fenzi_whir_core_0p8_plus_m31_mul_0p75,Circle,fri_proven,100.0,fenzi_whir_core_0p8_plus_m31_mul_0p75,log_blowup,4,16,8,46,46,640,18240,5343524.171980,5284502.776691,5402545.567270,5323266.992624,20257.179356,3.816803,14.805195,false,predicted CU exceeds the transaction compute budget; fri_proven soundness term 100.0 bits is below the 128.0-bit target,false,predicted CU exceeds the transaction compute budget
qualified-circle-t100-r16-g8-fri_conjectured-baseline,Circle,fri_conjectured,100.0,baseline,log_blowup,4,16,8,23,23,640,11616,4080165.064334,4021143.669044,4139186.459623,4066912.797313,13252.267021,2.914404,9.428571,false,predicted CU exceeds the transaction compute budget; fri_conjectured soundness term 100.0 bits is below the 128.0-bit target,false,predicted CU exceeds the transaction compute budget
qualified-circle-t100-r16-g8-fri_conjectured-fenzi_whir_core_0p8,Circle,fri_conjectured,100.0,fenzi_whir_core_0p8,log_blowup,4,16,8,23,23,640,11616,4080165.064334,4021143.669044,4139186.459623,4066912.797313,13252.267021,2.914404,9.428571,false,predicted CU exceeds the transaction compute budget; fri_conjectured soundness term 100.0 bits is below the 128.0-bit target,false,predicted CU exceeds the transaction compute budget
qualified-circle-t100-r16-g8-fri_conjectured-m31_mul_0p75,Circle,fri_conjectured,100.0,m31_mul_0p75,log_blowup,4,16,8,23,23,640,11616,3245468.409274,3186447.013985,3304489.804564,3232216.142253,13252.267021,2.318192,9.428571,false,predicted CU exceeds the transaction compute budget; fri_conjectured soundness term 100.0 bits is below the 128.0-bit target,false,predicted CU exceeds the transaction compute budget
qualified-circle-t100-r16-g8-fri_conjectured-fenzi_whir_core_0p8_plus_m31_mul_0p75,Circle,fri_conjectured,100.0,fenzi_whir_core_0p8_plus_m31_mul_0p75,log_blowup,4,16,8,23,23,640,11616,3245468.409274,3186447.013985,3304489.804564,3232216.142253,13252.267021,2.318192,9.428571,false,predicted CU exceeds the transaction compute budget; fri_conjectured soundness term 100.0 bits is below the 128.0-bit target,false,predicted CU exceeds the transaction compute budget
qualified-circle-t100-r16-g16-fri_proven-baseline,Circle,fri_proven,100.0,baseline,log_blowup,4,16,16,42,42,640,17088,6338880.607262,6279859.211973,6397902.002552,6319887.347798,18993.259464,4.527772,13.870130,false,predicted CU exceeds the transaction compute budget; fri_proven soundness term 100.0 bits is below the 128.0-bit target,false,predicted CU exceeds the transaction compute budget
qualified-circle-t100-r16-g16-fri_proven-fenzi_whir_core_0p8,Circle,fri_proven,100.0,fenzi_whir_core_0p8,log_blowup,4,16,16,42,42,640,17088,6338880.607262,6279859.211973,6397902.002552,6319887.347798,18993.259464,4.527772,13.870130,false,predicted CU exceeds the transaction compute budget; fri_proven soundness term 100.0 bits is below the 128.0-bit target,false,predicted CU exceeds the transaction compute budget
qualified-circle-t100-r16-g16-fri_proven-m31_mul_0p75,Circle,fri_proven,100.0,m31_mul_0p75,log_blowup,4,16,16,42,42,640,17088,4978599.234632,4919577.839343,5037620.629922,4959605.975168,18993.259464,3.556142,13.870130,false,predicted CU exceeds the transaction compute budget; fri_proven soundness term 100.0 bits is below the 128.0-bit target,false,predicted CU exceeds the transaction compute budget
qualified-circle-t100-r16-g16-fri_proven-fenzi_whir_core_0p8_plus_m31_mul_0p75,Circle,fri_proven,100.0,fenzi_whir_core_0p8_plus_m31_mul_0p75,log_blowup,4,16,16,42,42,640,17088,4978599.234632,4919577.839343,5037620.629922,4959605.975168,18993.259464,3.556142,13.870130,false,predicted CU exceeds the transaction compute budget; fri_proven soundness term 100.0 bits is below the 128.0-bit target,false,predicted CU exceeds the transaction compute budget
qualified-circle-t100-r16-g16-fri_conjectured-baseline,Circle,fri_conjectured,100.0,baseline,log_blowup,4,16,16,21,21,640,11040,3842377.888547,3783356.493258,3901399.283837,3829757.581472,12620.307075,2.744556,8.961039,false,predicted CU exceeds the transaction compute budget; fri_conjectured soundness term 100.0 bits is below the 128.0-bit target,false,predicted CU exceeds the transaction compute budget
qualified-circle-t100-r16-g16-fri_conjectured-fenzi_whir_core_0p8,Circle,fri_conjectured,100.0,fenzi_whir_core_0p8,log_blowup,4,16,16,21,21,640,11040,3842377.888547,3783356.493258,3901399.283837,3829757.581472,12620.307075,2.744556,8.961039,false,predicted CU exceeds the transaction compute budget; fri_conjectured soundness term 100.0 bits is below the 128.0-bit target,false,predicted CU exceeds the transaction compute budget
qualified-circle-t100-r16-g16-fri_conjectured-m31_mul_0p75,Circle,fri_conjectured,100.0,m31_mul_0p75,log_blowup,4,16,16,21,21,640,11040,3063005.940600,3003984.545311,3122027.335890,3050385.633525,12620.307075,2.187861,8.961039,false,predicted CU exceeds the transaction compute budget; fri_conjectured soundness term 100.0 bits is below the 128.0-bit target,false,predicted CU exceeds the transaction compute budget
qualified-circle-t100-r16-g16-fri_conjectured-fenzi_whir_core_0p8_plus_m31_mul_0p75,Circle,fri_conjectured,100.0,fenzi_whir_core_0p8_plus_m31_mul_0p75,log_blowup,4,16,16,21,21,640,11040,3063005.940600,3003984.545311,3122027.335890,3050385.633525,12620.307075,2.187861,8.961039,false,predicted CU exceeds the transaction compute budget; fri_conjectured soundness term 100.0 bits is below the 128.0-bit target,false,predicted CU exceeds the transaction compute budget
qualified-circle-t100-r16-g24-fri_proven-baseline,Circle,fri_proven,100.0,baseline,log_blowup,4,16,24,38,38,640,15936,5863306.255689,5804284.860399,5922327.650978,5845576.916117,17729.339572,4.188076,12.935065,false,predicted CU exceeds the transaction compute budget; fri_proven soundness term 100.0 bits is below the 128.0-bit target,false,predicted CU exceeds the transaction compute budget
qualified-circle-t100-r16-g24-fri_proven-fenzi_whir_core_0p8,Circle,fri_proven,100.0,fenzi_whir_core_0p8,log_blowup,4,16,24,38,38,640,15936,5863306.255689,5804284.860399,5922327.650978,5845576.916117,17729.339572,4.188076,12.935065,false,predicted CU exceeds the transaction compute budget; fri_proven soundness term 100.0 bits is below the 128.0-bit target,false,predicted CU exceeds the transaction compute budget
qualified-circle-t100-r16-g24-fri_proven-m31_mul_0p75,Circle,fri_proven,100.0,m31_mul_0p75,log_blowup,4,16,24,38,38,640,15936,4613674.297285,4554652.901995,4672695.692574,4595944.957712,17729.339572,3.295482,12.935065,false,predicted CU exceeds the transaction compute budget; fri_proven soundness term 100.0 bits is below the 128.0-bit target,false,predicted CU exceeds the transaction compute budget
qualified-circle-t100-r16-g24-fri_proven-fenzi_whir_core_0p8_plus_m31_mul_0p75,Circle,fri_proven,100.0,fenzi_whir_core_0p8_plus_m31_mul_0p75,log_blowup,4,16,24,38,38,640,15936,4613674.297285,4554652.901995,4672695.692574,4595944.957712,17729.339572,3.295482,12.935065,false,predicted CU exceeds the transaction compute budget; fri_proven soundness term 100.0 bits is below the 128.0-bit target,false,predicted CU exceeds the transaction compute budget
qualified-circle-t100-r16-g24-fri_conjectured-baseline,Circle,fri_conjectured,100.0,baseline,log_blowup,4,16,24,19,19,640,10464,3604590.712761,3545569.317471,3663612.108050,3592602.365631,11988.347129,2.574708,8.493506,false,predicted CU exceeds the transaction compute budget; fri_conjectured soundness term 100.0 bits is below the 128.0-bit target,false,predicted CU exceeds the transaction compute budget
qualified-circle-t100-r16-g24-fri_conjectured-fenzi_whir_core_0p8,Circle,fri_conjectured,100.0,fenzi_whir_core_0p8,log_blowup,4,16,24,19,19,640,10464,3604590.712761,3545569.317471,3663612.108050,3592602.365631,11988.347129,2.574708,8.493506,false,predicted CU exceeds the transaction compute budget; fri_conjectured soundness term 100.0 bits is below the 128.0-bit target,false,predicted CU exceeds the transaction compute budget
qualified-circle-t100-r16-g24-fri_conjectured-m31_mul_0p75,Circle,fri_conjectured,100.0,m31_mul_0p75,log_blowup,4,16,24,19,19,640,10464,2880543.471926,2821522.076637,2939564.867216,2868555.124797,11988.347129,2.057531,8.493506,false,predicted CU exceeds the transaction compute budget; fri_conjectured soundness term 100.0 bits is below the 128.0-bit target,false,predicted CU exceeds the transaction compute budget
qualified-circle-t100-r16-g24-fri_conjectured-fenzi_whir_core_0p8_plus_m31_mul_0p75,Circle,fri_conjectured,100.0,fenzi_whir_core_0p8_plus_m31_mul_0p75,log_blowup,4,16,24,19,19,640,10464,2880543.471926,2821522.076637,2939564.867216,2868555.124797,11988.347129,2.057531,8.493506,false,predicted CU exceeds the transaction compute budget; fri_conjectured soundness term 100.0 bits is below the 128.0-bit target,false,predicted CU exceeds the transaction compute budget
qualified-circle-t100-r16-g32-fri_proven-baseline,Circle,fri_proven,100.0,baseline,log_blowup,4,16,32,34,34,640,14784,5387906.988812,5328885.593522,5446928.384102,5371266.484436,16640.504376,3.848505,12.000000,false,predicted CU exceeds the transaction compute budget; fri_proven soundness term 100.0 bits is below the 128.0-bit target,false,predicted CU exceeds the transaction compute budget
qualified-circle-t100-r16-g32-fri_proven-fenzi_whir_core_0p8,Circle,fri_proven,100.0,fenzi_whir_core_0p8,log_blowup,4,16,32,34,34,640,14784,5387906.988812,5328885.593522,5446928.384102,5371266.484436,16640.504376,3.848505,12.000000,false,predicted CU exceeds the transaction compute budget; fri_proven soundness term 100.0 bits is below the 128.0-bit target,false,predicted CU exceeds the transaction compute budget
qualified-circle-t100-r16-g32-fri_proven-m31_mul_0p75,Circle,fri_proven,100.0,m31_mul_0p75,log_blowup,4,16,32,34,34,640,14784,4248924.444633,4189903.049343,4307945.839922,4232283.940257,16640.504376,3.034946,12.000000,false,predicted CU exceeds the transaction compute budget; fri_proven soundness term 100.0 bits is below the 128.0-bit target,false,predicted CU exceeds the transaction compute budget
qualified-circle-t100-r16-g32-fri_proven-fenzi_whir_core_0p8_plus_m31_mul_0p75,Circle,fri_proven,100.0,fenzi_whir_core_0p8_plus_m31_mul_0p75,log_blowup,4,16,32,34,34,640,14784,4248924.444633,4189903.049343,4307945.839922,4232283.940257,16640.504376,3.034946,12.000000,false,predicted CU exceeds the transaction compute budget; fri_proven soundness term 100.0 bits is below the 128.0-bit target,false,predicted CU exceeds the transaction compute budget
qualified-circle-t100-r16-g32-fri_conjectured-baseline,Circle,fri_conjectured,100.0,baseline,log_blowup,4,16,32,17,17,640,9888,3366803.536974,3307782.141684,3425824.932263,3355447.149791,11356.387183,2.404860,8.025974,false,predicted CU exceeds the transaction compute budget; fri_conjectured soundness term 100.0 bits is below the 128.0-bit target,false,predicted CU exceeds the transaction compute budget
qualified-circle-t100-r16-g32-fri_conjectured-fenzi_whir_core_0p8,Circle,fri_conjectured,100.0,fenzi_whir_core_0p8,log_blowup,4,16,32,17,17,640,9888,3366803.536974,3307782.141684,3425824.932263,3355447.149791,11356.387183,2.404860,8.025974,false,predicted CU exceeds the transaction compute budget; fri_conjectured soundness term 100.0 bits is below the 128.0-bit target,false,predicted CU exceeds the transaction compute budget
qualified-circle-t100-r16-g32-fri_conjectured-m31_mul_0p75,Circle,fri_conjectured,100.0,m31_mul_0p75,log_blowup,4,16,32,17,17,640,9888,2698081.003252,2639059.607963,2757102.398542,2686724.616069,11356.387183,1.927201,8.025974,false,predicted CU exceeds the transaction compute budget; fri_conjectured soundness term 100.0 bits is below the 128.0-bit target,false,predicted CU exceeds the transaction compute budget
qualified-circle-t100-r16-g32-fri_conjectured-fenzi_whir_core_0p8_plus_m31_mul_0p75,Circle,fri_conjectured,100.0,fenzi_whir_core_0p8_plus_m31_mul_0p75,log_blowup,4,16,32,17,17,640,9888,2698081.003252,2639059.607963,2757102.398542,2686724.616069,11356.387183,1.927201,8.025974,false,predicted CU exceeds the transaction compute budget; fri_conjectured soundness term 100.0 bits is below the 128.0-bit target,false,predicted CU exceeds the transaction compute budget
qualified-circle-t100-r32-g0-fri_proven-baseline,Circle,fri_proven,100.0,baseline,log_blowup,5,32,0,40,40,640,17880,6135761.724238,6076740.328948,6194783.119528,6115965.176609,19796.547629,4.382687,14.512987,false,predicted CU exceeds the transaction compute budget; fri_proven soundness term 100.0 bits is below the 128.0-bit target,false,predicted CU exceeds the transaction compute budget
qualified-circle-t100-r32-g0-fri_proven-fenzi_whir_core_0p8,Circle,fri_proven,100.0,fenzi_whir_core_0p8,log_blowup,5,32,0,40,40,640,17880,6135761.724238,6076740.328948,6194783.119528,6115965.176609,19796.547629,4.382687,14.512987,false,predicted CU exceeds the transaction compute budget; fri_proven soundness term 100.0 bits is below the 128.0-bit target,false,predicted CU exceeds the transaction compute budget
qualified-circle-t100-r32-g0-fri_proven-m31_mul_0p75,Circle,fri_proven,100.0,m31_mul_0p75,log_blowup,5,32,0,40,40,640,17880,4830805.058721,4771783.663431,4889826.454011,4811008.511092,19796.547629,3.450575,14.512987,false,predicted CU exceeds the transaction compute budget; fri_proven soundness term 100.0 bits is below the 128.0-bit target,false,predicted CU exceeds the transaction compute budget
qualified-circle-t100-r32-g0-fri_proven-fenzi_whir_core_0p8_plus_m31_mul_0p75,Circle,fri_proven,100.0,fenzi_whir_core_0p8_plus_m31_mul_0p75,log_blowup,5,32,0,40,40,640,17880,4830805.058721,4771783.663431,4889826.454011,4811008.511092,19796.547629,3.450575,14.512987,false,predicted CU exceeds the transaction compute budget; fri_proven soundness term 100.0 bits is below the 128.0-bit target,false,predicted CU exceeds the transaction compute budget
qualified-circle-t100-r32-g0-fri_conjectured-baseline,Circle,fri_conjectured,100.0,baseline,log_blowup,5,32,0,20,20,640,11480,3741020.846199,3681999.450909,3800042.241488,3728051.537197,12969.309002,2.672158,9.318182,false,predicted CU exceeds the transaction compute budget; fri_conjectured soundness term 100.0 bits is below the 128.0-bit target,false,predicted CU exceeds the transaction compute budget
qualified-circle-t100-r32-g0-fri_conjectured-fenzi_whir_core_0p8,Circle,fri_conjectured,100.0,fenzi_whir_core_0p8,log_blowup,5,32,0,20,20,640,11480,3741020.846199,3681999.450909,3800042.241488,3728051.537197,12969.309002,2.672158,9.318182,false,predicted CU exceeds the transaction compute budget; fri_conjectured soundness term 100.0 bits is below the 128.0-bit target,false,predicted CU exceeds the transaction compute budget
qualified-circle-t100-r32-g0-fri_conjectured-m31_mul_0p75,Circle,fri_conjectured,100.0,m31_mul_0p75,log_blowup,5,32,0,20,20,640,11480,2989311.251808,2930289.856518,3048332.647098,2976341.942806,12969.309002,2.135222,9.318182,false,predicted CU exceeds the transaction compute budget; fri_conjectured soundness term 100.0 bits is below the 128.0-bit target,false,predicted CU exceeds the transaction compute budget
qualified-circle-t100-r32-g0-fri_conjectured-fenzi_whir_core_0p8_plus_m31_mul_0p75,Circle,fri_conjectured,100.0,fenzi_whir_core_0p8_plus_m31_mul_0p75,log_blowup,5,32,0,20,20,640,11480,2989311.251808,2930289.856518,3048332.647098,2976341.942806,12969.309002,2.135222,9.318182,false,predicted CU exceeds the transaction compute budget; fri_conjectured soundness term 100.0 bits is below the 128.0-bit target,false,predicted CU exceeds the transaction compute budget
qualified-circle-t100-r32-g8-fri_proven-baseline,Circle,fri_proven,100.0,baseline,log_blowup,5,32,8,37,37,640,16928,5776892.038157,5717870.642867,5835913.433446,5758025.688484,18866.349673,4.126351,13.740260,false,predicted CU exceeds the transaction compute budget; fri_proven soundness term 100.5 bits is below the 128.0-bit target,false,predicted CU exceeds the transaction compute budget
qualified-circle-t100-r32-g8-fri_proven-fenzi_whir_core_0p8,Circle,fri_proven,100.0,fenzi_whir_core_0p8,log_blowup,5,32,8,37,37,640,16928,5776892.038157,5717870.642867,5835913.433446,5758025.688484,18866.349673,4.126351,13.740260,false,predicted CU exceeds the transaction compute budget; fri_proven soundness term 100.5 bits is below the 128.0-bit target,false,predicted CU exceeds the transaction compute budget
qualified-circle-t100-r32-g8-fri_proven-m31_mul_0p75,Circle,fri_proven,100.0,m31_mul_0p75,log_blowup,5,32,8,37,37,640,16928,4554922.433309,4495901.038019,4613943.828598,4536056.083636,18866.349673,3.253516,13.740260,false,predicted CU exceeds the transaction compute budget; fri_proven soundness term 100.5 bits is below the 128.0-bit target,false,predicted CU exceeds the transaction compute budget
qualified-circle-t100-r32-g8-fri_proven-fenzi_whir_core_0p8_plus_m31_mul_0p75,Circle,fri_proven,100.0,fenzi_whir_core_0p8_plus_m31_mul_0p75,log_blowup,5,32,8,37,37,640,16928,4554922.433309,4495901.038019,4613943.828598,4536056.083636,18866.349673,3.253516,13.740260,false,predicted CU exceeds the transaction compute budget; fri_proven soundness term 100.5 bits is below the 128.0-bit target,false,predicted CU exceeds the transaction compute budget
qualified-circle-t100-r32-g8-fri_conjectured-baseline,Circle,fri_conjectured,100.0,baseline,log_blowup,5,32,8,19,19,640,11168,3621625.247921,3562603.852632,3680646.643211,3608903.413013,12721.834908,2.586875,9.064935,false,predicted CU exceeds the transaction compute budget; fri_conjectured soundness term 103.0 bits is below the 128.0-bit target,false,predicted CU exceeds the transaction compute budget
qualified-circle-t100-r32-g8-fri_conjectured-fenzi_whir_core_0p8,Circle,fri_conjectured,100.0,fenzi_whir_core_0p8,log_blowup,5,32,8,19,19,640,11168,3621625.247921,3562603.852632,3680646.643211,3608903.413013,12721.834908,2.586875,9.064935,false,predicted CU exceeds the transaction compute budget; fri_conjectured soundness term 103.0 bits is below the 128.0-bit target,false,predicted CU exceeds the transaction compute budget
qualified-circle-t100-r32-g8-fri_conjectured-m31_mul_0p75,Circle,fri_conjectured,100.0,m31_mul_0p75,log_blowup,5,32,8,19,19,640,11168,2897578.007087,2838556.611797,2956599.402376,2884856.172178,12721.834908,2.069699,9.064935,false,predicted CU exceeds the transaction compute budget; fri_conjectured soundness term 103.0 bits is below the 128.0-bit target,false,predicted CU exceeds the transaction compute budget
qualified-circle-t100-r32-g8-fri_conjectured-fenzi_whir_core_0p8_plus_m31_mul_0p75,Circle,fri_conjectured,100.0,fenzi_whir_core_0p8_plus_m31_mul_0p75,log_blowup,5,32,8,19,19,640,11168,2897578.007087,2838556.611797,2956599.402376,2884856.172178,12721.834908,2.069699,9.064935,false,predicted CU exceeds the transaction compute budget; fri_conjectured soundness term 103.0 bits is below the 128.0-bit target,false,predicted CU exceeds the transaction compute budget
qualified-circle-t100-r32-g16-fri_proven-baseline,Circle,fri_proven,100.0,baseline,log_blowup,5,32,16,34,34,640,15968,5417593.364103,5358571.968813,5476614.759392,5399838.642572,17754.721530,3.869710,12.961039,false,predicted CU exceeds the transaction compute budget; fri_proven soundness term 101.0 bits is below the 128.0-bit target,false,predicted CU exceeds the transaction compute budget
qualified-circle-t100-r32-g16-fri_proven-fenzi_whir_core_0p8,Circle,fri_proven,100.0,fenzi_whir_core_0p8,log_blowup,5,32,16,34,34,640,15968,5417593.364103,5358571.968813,5476614.759392,5399838.642572,17754.721530,3.869710,12.961039,false,predicted CU exceeds the transaction compute budget; fri_proven soundness term 101.0 bits is below the 128.0-bit target,false,predicted CU exceeds the transaction compute budget
qualified-circle-t100-r32-g16-fri_proven-m31_mul_0p75,Circle,fri_proven,100.0,m31_mul_0p75,log_blowup,5,32,16,34,34,640,15968,4278610.819923,4219589.424634,4337632.215213,4260856.098393,17754.721530,3.056151,12.961039,false,predicted CU exceeds the transaction compute budget; fri_proven soundness term 101.0 bits is below the 128.0-bit target,false,predicted CU exceeds the transaction compute budget
qualified-circle-t100-r32-g16-fri_proven-fenzi_whir_core_0p8_plus_m31_mul_0p75,Circle,fri_proven,100.0,fenzi_whir_core_0p8_plus_m31_mul_0p75,log_blowup,5,32,16,34,34,640,15968,4278610.819923,4219589.424634,4337632.215213,4260856.098393,17754.721530,3.056151,12.961039,false,predicted CU exceeds the transaction compute budget; fri_proven soundness term 101.0 bits is below the 128.0-bit target,false,predicted CU exceeds the transaction compute budget
qualified-circle-t100-r32-g16-fri_conjectured-baseline,Circle,fri_conjectured,100.0,baseline,log_blowup,5,32,16,17,17,640,10528,3382151.160117,3323129.764828,3441172.555407,3370112.049072,12039.111046,2.415822,8.545455,false,predicted CU exceeds the transaction compute budget; fri_conjectured soundness term 101.0 bits is below the 128.0-bit target,false,predicted CU exceeds the transaction compute budget
qualified-circle-t100-r32-g16-fri_conjectured-fenzi_whir_core_0p8,Circle,fri_conjectured,100.0,fenzi_whir_core_0p8,log_blowup,5,32,16,17,17,640,10528,3382151.160117,3323129.764828,3441172.555407,3370112.049072,12039.111046,2.415822,8.545455,false,predicted CU exceeds the transaction compute budget; fri_conjectured soundness term 101.0 bits is below the 128.0-bit target,false,predicted CU exceeds the transaction compute budget
qualified-circle-t100-r32-g16-fri_conjectured-m31_mul_0p75,Circle,fri_conjectured,100.0,m31_mul_0p75,log_blowup,5,32,16,17,17,640,10528,2713428.626396,2654407.231106,2772450.021685,2701389.515350,12039.111046,1.938163,8.545455,false,predicted CU exceeds the transaction compute budget; fri_conjectured soundness term 101.0 bits is below the 128.0-bit target,false,predicted CU exceeds the transaction compute budget
qualified-circle-t100-r32-g16-fri_conjectured-fenzi_whir_core_0p8_plus_m31_mul_0p75,Circle,fri_conjectured,100.0,fenzi_whir_core_0p8_plus_m31_mul_0p75,log_blowup,5,32,16,17,17,640,10528,2713428.626396,2654407.231106,2772450.021685,2701389.515350,12039.111046,1.938163,8.545455,false,predicted CU exceeds the transaction compute budget; fri_conjectured soundness term 101.0 bits is below the 128.0-bit target,false,predicted CU exceeds the transaction compute budget
qualified-circle-t100-r32-g24-fri_proven-baseline,Circle,fri_proven,100.0,baseline,log_blowup,5,32,24,31,31,640,15008,5058469.774745,4999448.379455,5117491.170034,5041651.596660,16818.178085,3.613193,12.181818,false,predicted CU exceeds the transaction compute budget; fri_proven soundness term 101.5 bits is below the 128.0-bit target,false,predicted CU exceeds the transaction compute budget
qualified-circle-t100-r32-g24-fri_proven-fenzi_whir_core_0p8,Circle,fri_proven,100.0,fenzi_whir_core_0p8,log_blowup,5,32,24,31,31,640,15008,5058469.774745,4999448.379455,5117491.170034,5041651.596660,16818.178085,3.613193,12.181818,false,predicted CU exceeds the transaction compute budget; fri_proven soundness term 101.5 bits is below the 128.0-bit target,false,predicted CU exceeds the transaction compute budget
qualified-circle-t100-r32-g24-fri_proven-m31_mul_0p75,Circle,fri_proven,100.0,m31_mul_0p75,log_blowup,5,32,24,31,31,640,15008,4002474.291235,3943452.895945,4061495.686524,3985656.113150,16818.178085,2.858910,12.181818,false,predicted CU exceeds the transaction compute budget; fri_proven soundness term 101.5 bits is below the 128.0-bit target,false,predicted CU exceeds the transaction compute budget
qualified-circle-t100-r32-g24-fri_proven-fenzi_whir_core_0p8_plus_m31_mul_0p75,Circle,fri_proven,100.0,fenzi_whir_core_0p8_plus_m31_mul_0p75,log_blowup,5,32,24,31,31,640,15008,4002474.291235,3943452.895945,4061495.686524,3985656.113150,16818.178085,2.858910,12.181818,false,predicted CU exceeds the transaction compute budget; fri_proven soundness term 101.5 bits is below the 128.0-bit target,false,predicted CU exceeds the transaction compute budget
qualified-circle-t100-r32-g24-fri_conjectured-baseline,Circle,fri_conjectured,100.0,baseline,log_blowup,5,32,24,16,16,640,10208,3262326.573867,3203305.178578,3321347.969157,3250716.367101,11610.206766,2.330233,8.285714,false,predicted CU exceeds the transaction compute budget; fri_conjectured soundness term 104.0 bits is below the 128.0-bit target,false,predicted CU exceeds the transaction compute budget
qualified-circle-t100-r32-g24-fri_conjectured-fenzi_whir_core_0p8,Circle,fri_conjectured,100.0,fenzi_whir_core_0p8,log_blowup,5,32,24,16,16,640,10208,3262326.573867,3203305.178578,3321347.969157,3250716.367101,11610.206766,2.330233,8.285714,false,predicted CU exceeds the transaction compute budget; fri_conjectured soundness term 104.0 bits is below the 128.0-bit target,false,predicted CU exceeds the transaction compute budget
qualified-circle-t100-r32-g24-fri_conjectured-m31_mul_0p75,Circle,fri_conjectured,100.0,m31_mul_0p75,log_blowup,5,32,24,16,16,640,10208,2621266.393702,2562244.998412,2680287.788991,2609656.186936,11610.206766,1.872333,8.285714,false,predicted CU exceeds the transaction compute budget; fri_conjectured soundness term 104.0 bits is below the 128.0-bit target,false,predicted CU exceeds the transaction compute budget
qualified-circle-t100-r32-g24-fri_conjectured-fenzi_whir_core_0p8_plus_m31_mul_0p75,Circle,fri_conjectured,100.0,fenzi_whir_core_0p8_plus_m31_mul_0p75,log_blowup,5,32,24,16,16,640,10208,2621266.393702,2562244.998412,2680287.788991,2609656.186936,11610.206766,1.872333,8.285714,false,predicted CU exceeds the transaction compute budget; fri_conjectured soundness term 104.0 bits is below the 128.0-bit target,false,predicted CU exceeds the transaction compute budget
qualified-circle-t100-r32-g32-fri_proven-baseline,Circle,fri_proven,100.0,baseline,log_blowup,5,32,32,28,28,640,14048,4699171.100691,4640149.705401,4758192.495980,4683464.550748,15706.549942,3.356551,11.402597,false,predicted CU exceeds the transaction compute budget; fri_proven soundness term 102.0 bits is below the 128.0-bit target,false,predicted CU exceeds the transaction compute budget
qualified-circle-t100-r32-g32-fri_proven-fenzi_whir_core_0p8,Circle,fri_proven,100.0,fenzi_whir_core_0p8,log_blowup,5,32,32,28,28,640,14048,4699171.100691,4640149.705401,4758192.495980,4683464.550748,15706.549942,3.356551,11.402597,false,predicted CU exceeds the transaction compute budget; fri_proven soundness term 102.0 bits is below the 128.0-bit target,false,predicted CU exceeds the transaction compute budget
qualified-circle-t100-r32-g32-fri_proven-m31_mul_0p75,Circle,fri_proven,100.0,m31_mul_0p75,log_blowup,5,32,32,28,28,640,14048,3726162.677850,3667141.282560,3785184.073139,3710456.127907,15706.549942,2.661545,11.402597,false,predicted CU exceeds the transaction compute budget; fri_proven soundness term 102.0 bits is below the 128.0-bit target,false,predicted CU exceeds the transaction compute budget
qualified-circle-t100-r32-g32-fri_proven-fenzi_whir_core_0p8_plus_m31_mul_0p75,Circle,fri_proven,100.0,fenzi_whir_core_0p8_plus_m31_mul_0p75,log_blowup,5,32,32,28,28,640,14048,3726162.677850,3667141.282560,3785184.073139,3710456.127907,15706.549942,2.661545,11.402597,false,predicted CU exceeds the transaction compute budget; fri_proven soundness term 102.0 bits is below the 128.0-bit target,false,predicted CU exceeds the transaction compute budget
qualified-circle-t100-r32-g32-fri_conjectured-baseline,Circle,fri_conjectured,100.0,baseline,log_blowup,5,32,32,14,14,640,9568,3022852.486063,2963831.090774,3081873.881353,3011925.003160,10927.482904,2.159180,7.766234,false,predicted CU exceeds the transaction compute budget; fri_conjectured soundness term 102.0 bits is below the 128.0-bit target,false,predicted CU exceeds the transaction compute budget
qualified-circle-t100-r32-g32-fri_conjectured-fenzi_whir_core_0p8,Circle,fri_conjectured,100.0,fenzi_whir_core_0p8,log_blowup,5,32,32,14,14,640,9568,3022852.486063,2963831.090774,3081873.881353,3011925.003160,10927.482904,2.159180,7.766234,false,predicted CU exceeds the transaction compute budget; fri_conjectured soundness term 102.0 bits is below the 128.0-bit target,false,predicted CU exceeds the transaction compute budget
qualified-circle-t100-r32-g32-fri_conjectured-m31_mul_0p75,Circle,fri_conjectured,100.0,m31_mul_0p75,log_blowup,5,32,32,14,14,640,9568,2437117.013011,2378095.617721,2496138.408300,2426189.530107,10927.482904,1.740798,7.766234,false,predicted CU exceeds the transaction compute budget; fri_conjectured soundness term 102.0 bits is below the 128.0-bit target,false,predicted CU exceeds the transaction compute budget
qualified-circle-t100-r32-g32-fri_conjectured-fenzi_whir_core_0p8_plus_m31_mul_0p75,Circle,fri_conjectured,100.0,fenzi_whir_core_0p8_plus_m31_mul_0p75,log_blowup,5,32,32,14,14,640,9568,2437117.013011,2378095.617721,2496138.408300,2426189.530107,10927.482904,1.740798,7.766234,false,predicted CU exceeds the transaction compute budget; fri_conjectured soundness term 102.0 bits is below the 128.0-bit target,false,predicted CU exceeds the transaction compute budget
qualified-circle-t120-r2-g0-fri_proven-baseline,Circle,fri_proven,120.0,baseline,log_blowup,1,2,0,240,240,640,50776,29261713.525699,29202692.130409,29320734.920989,29206719.920710,54993.604988,20.901224,41.214286,false,predicted CU exceeds the transaction compute budget; fri_proven soundness term 120.0 bits is below the 128.0-bit target,false,predicted CU exceeds the transaction compute budget
qualified-circle-t120-r2-g0-fri_proven-fenzi_whir_core_0p8,Circle,fri_proven,120.0,fenzi_whir_core_0p8,log_blowup,1,2,0,240,240,640,50776,29261713.525699,29202692.130409,29320734.920989,29206719.920710,54993.604988,20.901224,41.214286,false,predicted CU exceeds the transaction compute budget; fri_proven soundness term 120.0 bits is below the 128.0-bit target,false,predicted CU exceeds the transaction compute budget
qualified-circle-t120-r2-g0-fri_proven-m31_mul_0p75,Circle,fri_proven,120.0,m31_mul_0p75,log_blowup,1,2,0,240,240,640,50776,22424286.148918,22365264.753629,22483307.544208,22369292.543930,54993.604988,16.017347,41.214286,false,predicted CU exceeds the transaction compute budget; fri_proven soundness term 120.0 bits is below the 128.0-bit target,false,predicted CU exceeds the transaction compute budget
qualified-circle-t120-r2-g0-fri_proven-fenzi_whir_core_0p8_plus_m31_mul_0p75,Circle,fri_proven,120.0,fenzi_whir_core_0p8_plus_m31_mul_0p75,log_blowup,1,2,0,240,240,640,50776,22424286.148918,22365264.753629,22483307.544208,22369292.543930,54993.604988,16.017347,41.214286,false,predicted CU exceeds the transaction compute budget; fri_proven soundness term 120.0 bits is below the 128.0-bit target,false,predicted CU exceeds the transaction compute budget
qualified-circle-t120-r2-g0-fri_conjectured-baseline,Circle,fri_conjectured,120.0,baseline,log_blowup,1,2,0,120,120,640,27736,15302329.174329,15243307.779040,15361350.569619,15271913.628397,30415.545932,10.930235,22.512987,false,predicted CU exceeds the transaction compute budget; fri_conjectured soundness term 120.0 bits is below the 128.0-bit target,false,predicted CU exceeds the transaction compute budget
qualified-circle-t120-r2-g0-fri_conjectured-fenzi_whir_core_0p8,Circle,fri_conjectured,120.0,fenzi_whir_core_0p8,log_blowup,1,2,0,120,120,640,27736,15302329.174329,15243307.779040,15361350.569619,15271913.628397,30415.545932,10.930235,22.512987,false,predicted CU exceeds the transaction compute budget; fri_conjectured soundness term 120.0 bits is below the 128.0-bit target,false,predicted CU exceeds the transaction compute budget
qualified-circle-t120-r2-g0-fri_conjectured-m31_mul_0p75,Circle,fri_conjectured,120.0,m31_mul_0p75,log_blowup,1,2,0,120,120,640,27736,11784384.224307,11725362.829017,11843405.619596,11753968.678375,30415.545932,8.417417,22.512987,false,predicted CU exceeds the transaction compute budget; fri_conjectured soundness term 120.0 bits is below the 128.0-bit target,false,predicted CU exceeds the transaction compute budget
qualified-circle-t120-r2-g0-fri_conjectured-fenzi_whir_core_0p8_plus_m31_mul_0p75,Circle,fri_conjectured,120.0,fenzi_whir_core_0p8_plus_m31_mul_0p75,log_blowup,1,2,0,120,120,640,27736,11784384.224307,11725362.829017,11843405.619596,11753968.678375,30415.545932,8.417417,22.512987,false,predicted CU exceeds the transaction compute budget; fri_conjectured soundness term 120.0 bits is below the 128.0-bit target,false,predicted CU exceeds the transaction compute budget
qualified-circle-t120-r2-g8-fri_proven-baseline,Circle,fri_proven,120.0,baseline,log_blowup,1,2,8,224,224,640,47712,27400681.165187,27341659.769897,27459702.560476,27348993.306189,51687.858998,19.571915,38.727273,false,predicted CU exceeds the transaction compute budget; fri_proven soundness term 120.0 bits is below the 128.0-bit target,false,predicted CU exceeds the transaction compute budget
qualified-circle-t120-r2-g8-fri_proven-fenzi_whir_core_0p8,Circle,fri_proven,120.0,fenzi_whir_core_0p8,log_blowup,1,2,8,224,224,640,47712,27400681.165187,27341659.769897,27459702.560476,27348993.306189,51687.858998,19.571915,38.727273,false,predicted CU exceeds the transaction compute budget; fri_proven soundness term 120.0 bits is below the 128.0-bit target,false,predicted CU exceeds the transaction compute budget
qualified-circle-t120-r2-g8-fri_proven-m31_mul_0p75,Circle,fri_proven,120.0,m31_mul_0p75,log_blowup,1,2,8,224,224,640,47712,21005851.445307,20946830.050018,21064872.840597,20954163.586309,51687.858998,15.004180,38.727273,false,predicted CU exceeds the transaction compute budget; fri_proven soundness term 120.0 bits is below the 128.0-bit target,false,predicted CU exceeds the transaction compute budget
qualified-circle-t120-r2-g8-fri_proven-fenzi_whir_core_0p8_plus_m31_mul_0p75,Circle,fri_proven,120.0,fenzi_whir_core_0p8_plus_m31_mul_0p75,log_blowup,1,2,8,224,224,640,47712,21005851.445307,20946830.050018,21064872.840597,20954163.586309,51687.858998,15.004180,38.727273,false,predicted CU exceeds the transaction compute budget; fri_proven soundness term 120.0 bits is below the 128.0-bit target,false,predicted CU exceeds the transaction compute budget
qualified-circle-t120-r2-g8-fri_conjectured-baseline,Circle,fri_conjectured,120.0,baseline,log_blowup,1,2,8,112,112,640,26208,14371852.403363,14312831.008074,14430873.798653,14343174.100030,28678.303333,10.265609,21.272727,false,predicted CU exceeds the transaction compute budget; fri_conjectured soundness term 120.0 bits is below the 128.0-bit target,false,predicted CU exceeds the transaction compute budget
qualified-circle-t120-r2-g8-fri_conjectured-fenzi_whir_core_0p8,Circle,fri_conjectured,120.0,fenzi_whir_core_0p8,log_blowup,1,2,8,112,112,640,26208,14371852.403363,14312831.008074,14430873.798653,14343174.100030,28678.303333,10.265609,21.272727,false,predicted CU exceeds the transaction compute budget; fri_conjectured soundness term 120.0 bits is below the 128.0-bit target,false,predicted CU exceeds the transaction compute budget
qualified-circle-t120-r2-g8-fri_conjectured-m31_mul_0p75,Circle,fri_conjectured,120.0,m31_mul_0p75,log_blowup,1,2,8,112,112,640,26208,11075206.281791,11016184.886502,11134227.677081,11046527.978458,28678.303333,7.910862,21.272727,false,predicted CU exceeds the transaction compute budget; fri_conjectured soundness term 120.0 bits is below the 128.0-bit target,false,predicted CU exceeds the transaction compute budget
qualified-circle-t120-r2-g8-fri_conjectured-fenzi_whir_core_0p8_plus_m31_mul_0p75,Circle,fri_conjectured,120.0,fenzi_whir_core_0p8_plus_m31_mul_0p75,log_blowup,1,2,8,112,112,640,26208,11075206.281791,11016184.886502,11134227.677081,11046527.978458,28678.303333,7.910862,21.272727,false,predicted CU exceeds the transaction compute budget; fri_conjectured soundness term 120.0 bits is below the 128.0-bit target,false,predicted CU exceeds the transaction compute budget
qualified-circle-t120-r2-g16-fri_proven-baseline,Circle,fri_proven,120.0,baseline,log_blowup,1,2,16,208,208,640,44640,25539394.901398,25480373.506109,25598416.296688,25491019.133880,48375.767518,18.242425,36.233766,false,predicted CU exceeds the transaction compute budget; fri_proven soundness term 120.0 bits is below the 128.0-bit target,false,predicted CU exceeds the transaction compute budget
qualified-circle-t120-r2-g16-fri_proven-fenzi_whir_core_0p8,Circle,fri_proven,120.0,fenzi_whir_core_0p8,log_blowup,1,2,16,208,208,640,44640,25539394.901398,25480373.506109,25598416.296688,25491019.133880,48375.767518,18.242425,36.233766,false,predicted CU exceeds the transaction compute budget; fri_proven soundness term 120.0 bits is below the 128.0-bit target,false,predicted CU exceeds the transaction compute budget
qualified-circle-t120-r2-g16-fri_proven-m31_mul_0p75,Circle,fri_proven,120.0,m31_mul_0p75,log_blowup,1,2,16,208,208,640,44640,19587162.838420,19528141.443130,19646184.233709,19538787.070902,48375.767518,13.990831,36.233766,false,predicted CU exceeds the transaction compute budget; fri_proven soundness term 120.0 bits is below the 128.0-bit target,false,predicted CU exceeds the transaction compute budget
qualified-circle-t120-r2-g16-fri_proven-fenzi_whir_core_0p8_plus_m31_mul_0p75,Circle,fri_proven,120.0,fenzi_whir_core_0p8_plus_m31_mul_0p75,log_blowup,1,2,16,208,208,640,44640,19587162.838420,19528141.443130,19646184.233709,19538787.070902,48375.767518,13.990831,36.233766,false,predicted CU exceeds the transaction compute budget; fri_proven soundness term 120.0 bits is below the 128.0-bit target,false,predicted CU exceeds the transaction compute budget
qualified-circle-t120-r2-g16-fri_conjectured-baseline,Circle,fri_conjectured,120.0,baseline,log_blowup,1,2,16,104,104,640,24672,13441296.813817,13382275.418527,13500318.209107,13414187.013876,27109.799941,9.600926,20.025974,false,predicted CU exceeds the transaction compute budget; fri_conjectured soundness term 120.0 bits is below the 128.0-bit target,false,predicted CU exceeds the transaction compute budget
qualified-circle-t120-r2-g16-fri_conjectured-fenzi_whir_core_0p8,Circle,fri_conjectured,120.0,fenzi_whir_core_0p8,log_blowup,1,2,16,104,104,640,24672,13441296.813817,13382275.418527,13500318.209107,13414187.013876,27109.799941,9.600926,20.025974,false,predicted CU exceeds the transaction compute budget; fri_conjectured soundness term 120.0 bits is below the 128.0-bit target,false,predicted CU exceeds the transaction compute budget
qualified-circle-t120-r2-g16-fri_conjectured-m31_mul_0p75,Circle,fri_conjectured,120.0,m31_mul_0p75,log_blowup,1,2,16,104,104,640,24672,10365949.520696,10306928.125406,10424970.915985,10338839.720754,27109.799941,7.404250,20.025974,false,predicted CU exceeds the transaction compute budget; fri_conjectured soundness term 120.0 bits is below the 128.0-bit target,false,predicted CU exceeds the transaction compute budget
qualified-circle-t120-r2-g16-fri_conjectured-fenzi_whir_core_0p8_plus_m31_mul_0p75,Circle,fri_conjectured,120.0,fenzi_whir_core_0p8_plus_m31_mul_0p75,log_blowup,1,2,16,104,104,640,24672,10365949.520696,10306928.125406,10424970.915985,10338839.720754,27109.799941,7.404250,20.025974,false,predicted CU exceeds the transaction compute budget; fri_conjectured soundness term 120.0 bits is below the 128.0-bit target,false,predicted CU exceeds the transaction compute budget
qualified-circle-t120-r2-g24-fri_proven-baseline,Circle,fri_proven,120.0,baseline,log_blowup,1,2,24,192,192,640,41568,23678108.637610,23619087.242320,23737130.032899,23633044.961572,45063.676038,16.912935,33.740260,false,predicted CU exceeds the transaction compute budget; fri_proven soundness term 120.0 bits is below the 128.0-bit target,false,predicted CU exceeds the transaction compute budget
qualified-circle-t120-r2-g24-fri_proven-fenzi_whir_core_0p8,Circle,fri_proven,120.0,fenzi_whir_core_0p8,log_blowup,1,2,24,192,192,640,41568,23678108.637610,23619087.242320,23737130.032899,23633044.961572,45063.676038,16.912935,33.740260,false,predicted CU exceeds the transaction compute budget; fri_proven soundness term 120.0 bits is below the 128.0-bit target,false,predicted CU exceeds the transaction compute budget
qualified-circle-t120-r2-g24-fri_proven-m31_mul_0p75,Circle,fri_proven,120.0,m31_mul_0p75,log_blowup,1,2,24,192,192,640,41568,18168474.231532,18109452.836243,18227495.626822,18123410.555495,45063.676038,12.977482,33.740260,false,predicted CU exceeds the transaction compute budget; fri_proven soundness term 120.0 bits is below the 128.0-bit target,false,predicted CU exceeds the transaction compute budget
qualified-circle-t120-r2-g24-fri_proven-fenzi_whir_core_0p8_plus_m31_mul_0p75,Circle,fri_proven,120.0,fenzi_whir_core_0p8_plus_m31_mul_0p75,log_blowup,1,2,24,192,192,640,41568,18168474.231532,18109452.836243,18227495.626822,18123410.555495,45063.676038,12.977482,33.740260,false,predicted CU exceeds the transaction compute budget; fri_proven soundness term 120.0 bits is below the 128.0-bit target,false,predicted CU exceeds the transaction compute budget
qualified-circle-t120-r2-g24-fri_conjectured-baseline,Circle,fri_conjectured,120.0,baseline,log_blowup,1,2,24,96,96,640,23136,12510741.224271,12451719.828981,12569762.619560,12485199.927721,25541.296549,8.936244,18.779221,false,predicted CU exceeds the transaction compute budget; fri_conjectured soundness term 120.0 bits is below the 128.0-bit target,false,predicted CU exceeds the transaction compute budget
qualified-circle-t120-r2-g24-fri_conjectured-fenzi_whir_core_0p8,Circle,fri_conjectured,120.0,fenzi_whir_core_0p8,log_blowup,1,2,24,96,96,640,23136,12510741.224271,12451719.828981,12569762.619560,12485199.927721,25541.296549,8.936244,18.779221,false,predicted CU exceeds the transaction compute budget; fri_conjectured soundness term 120.0 bits is below the 128.0-bit target,false,predicted CU exceeds the transaction compute budget
qualified-circle-t120-r2-g24-fri_conjectured-m31_mul_0p75,Circle,fri_conjectured,120.0,m31_mul_0p75,log_blowup,1,2,24,96,96,640,23136,9656692.759600,9597671.364310,9715714.154890,9631151.463051,25541.296549,6.897638,18.779221,false,predicted CU exceeds the transaction compute budget; fri_conjectured soundness term 120.0 bits is below the 128.0-bit target,false,predicted CU exceeds the transaction compute budget
qualified-circle-t120-r2-g24-fri_conjectured-fenzi_whir_core_0p8_plus_m31_mul_0p75,Circle,fri_conjectured,120.0,fenzi_whir_core_0p8_plus_m31_mul_0p75,log_blowup,1,2,24,96,96,640,23136,9656692.759600,9597671.364310,9715714.154890,9631151.463051,25541.296549,6.897638,18.779221,false,predicted CU exceeds the transaction compute budget; fri_conjectured soundness term 120.0 bits is below the 128.0-bit target,false,predicted CU exceeds the transaction compute budget
qualified-circle-t120-r2-g32-fri_proven-baseline,Circle,fri_proven,120.0,baseline,log_blowup,1,2,32,176,176,640,38496,21816997.458517,21757976.063228,21876018.853807,21775070.789264,41926.669254,15.583570,31.246753,false,predicted CU exceeds the transaction compute budget; fri_proven soundness term 120.0 bits is below the 128.0-bit target,false,predicted CU exceeds the transaction compute budget
qualified-circle-t120-r2-g32-fri_proven-fenzi_whir_core_0p8,Circle,fri_proven,120.0,fenzi_whir_core_0p8,log_blowup,1,2,32,176,176,640,38496,21816997.458517,21757976.063228,21876018.853807,21775070.789264,41926.669254,15.583570,31.246753,false,predicted CU exceeds the transaction compute budget; fri_proven soundness term 120.0 bits is below the 128.0-bit target,false,predicted CU exceeds the transaction compute budget
qualified-circle-t120-r2-g32-fri_proven-m31_mul_0p75,Circle,fri_proven,120.0,m31_mul_0p75,log_blowup,1,2,32,176,176,640,38496,16749960.709341,16690939.314051,16808982.104631,16708034.040087,41926.669254,11.964258,31.246753,false,predicted CU exceeds the transaction compute budget; fri_proven soundness term 120.0 bits is below the 128.0-bit target,false,predicted CU exceeds the transaction compute budget
qualified-circle-t120-r2-g32-fri_proven-fenzi_whir_core_0p8_plus_m31_mul_0p75,Circle,fri_proven,120.0,fenzi_whir_core_0p8_plus_m31_mul_0p75,log_blowup,1,2,32,176,176,640,38496,16749960.709341,16690939.314051,16808982.104631,16708034.040087,41926.669254,11.964258,31.246753,false,predicted CU exceeds the transaction compute budget; fri_proven soundness term 120.0 bits is below the 128.0-bit target,false,predicted CU exceeds the transaction compute budget
qualified-circle-t120-r2-g32-fri_conjectured-baseline,Circle,fri_conjectured,120.0,baseline,log_blowup,1,2,32,88,88,640,21600,11580010.550028,11520989.154739,11639031.945318,11556212.841567,23797.708461,8.271436,17.532468,false,predicted CU exceeds the transaction compute budget; fri_conjectured soundness term 120.0 bits is below the 128.0-bit target,false,predicted CU exceeds the transaction compute budget
qualified-circle-t120-r2-g32-fri_conjectured-fenzi_whir_core_0p8,Circle,fri_conjectured,120.0,fenzi_whir_core_0p8,log_blowup,1,2,32,88,88,640,21600,11580010.550028,11520989.154739,11639031.945318,11556212.841567,23797.708461,8.271436,17.532468,false,predicted CU exceeds the transaction compute budget; fri_conjectured soundness term 120.0 bits is below the 128.0-bit target,false,predicted CU exceeds the transaction compute budget
qualified-circle-t120-r2-g32-fri_conjectured-m31_mul_0p75,Circle,fri_conjectured,120.0,m31_mul_0p75,log_blowup,1,2,32,88,88,640,21600,8947260.913808,8888239.518519,9006282.309098,8923463.205347,23797.708461,6.390901,17.532468,false,predicted CU exceeds the transaction compute budget; fri_conjectured soundness term 120.0 bits is below the 128.0-bit target,false,predicted CU exceeds the transaction compute budget
qualified-circle-t120-r2-g32-fri_conjectured-fenzi_whir_core_0p8_plus_m31_mul_0p75,Circle,fri_conjectured,120.0,fenzi_whir_core_0p8_plus_m31_mul_0p75,log_blowup,1,2,32,88,88,640,21600,8947260.913808,8888239.518519,9006282.309098,8923463.205347,23797.708461,6.390901,17.532468,false,predicted CU exceeds the transaction compute budget; fri_conjectured soundness term 120.0 bits is below the 128.0-bit target,false,predicted CU exceeds the transaction compute budget
qualified-circle-t120-r4-g0-fri_proven-baseline,Circle,fri_proven,120.0,baseline,log_blowup,2,4,0,120,120,640,31672,15405428.189846,15346406.794556,15464449.585135,15370840.154863,34588.034983,11.003877,25.707792,false,predicted CU exceeds the transaction compute budget; fri_proven soundness term 120.0 bits is below the 128.0-bit target,false,predicted CU exceeds the transaction compute budget
qualified-circle-t120-r4-g0-fri_proven-fenzi_whir_core_0p8,Circle,fri_proven,120.0,fenzi_whir_core_0p8,log_blowup,2,4,0,120,120,640,31672,15405428.189846,15346406.794556,15464449.585135,15370840.154863,34588.034983,11.003877,25.707792,false,predicted CU exceeds the transaction compute budget; fri_proven soundness term 120.0 bits is below the 128.0-bit target,false,predicted CU exceeds the transaction compute budget
qualified-circle-t120-r4-g0-fri_proven-m31_mul_0p75,Circle,fri_proven,120.0,m31_mul_0p75,log_blowup,2,4,0,120,120,640,31672,11887483.239823,11828461.844534,11946504.635113,11852895.204840,34588.034983,8.491059,25.707792,false,predicted CU exceeds the transaction compute budget; fri_proven soundness term 120.0 bits is below the 128.0-bit target,false,predicted CU exceeds the transaction compute budget
qualified-circle-t120-r4-g0-fri_proven-fenzi_whir_core_0p8_plus_m31_mul_0p75,Circle,fri_proven,120.0,fenzi_whir_core_0p8_plus_m31_mul_0p75,log_blowup,2,4,0,120,120,640,31672,11887483.239823,11828461.844534,11946504.635113,11852895.204840,34588.034983,8.491059,25.707792,false,predicted CU exceeds the transaction compute budget; fri_proven soundness term 120.0 bits is below the 128.0-bit target,false,predicted CU exceeds the transaction compute budget
qualified-circle-t120-r4-g0-fri_conjectured-baseline,Circle,fri_conjectured,120.0,baseline,log_blowup,2,4,0,60,60,640,18232,8374603.399553,8315582.004263,8433624.794842,8354352.565686,20250.833867,5.981860,14.798701,false,predicted CU exceeds the transaction compute budget; fri_conjectured soundness term 120.0 bits is below the 128.0-bit target,false,predicted CU exceeds the transaction compute budget
qualified-circle-t120-r4-g0-fri_conjectured-fenzi_whir_core_0p8,Circle,fri_conjectured,120.0,fenzi_whir_core_0p8,log_blowup,2,4,0,60,60,640,18232,8374603.399553,8315582.004263,8433624.794842,8354352.565686,20250.833867,5.981860,14.798701,false,predicted CU exceeds the transaction compute budget; fri_conjectured soundness term 120.0 bits is below the 128.0-bit target,false,predicted CU exceeds the transaction compute budget
qualified-circle-t120-r4-g0-fri_conjectured-m31_mul_0p75,Circle,fri_conjectured,120.0,m31_mul_0p75,log_blowup,2,4,0,60,60,640,18232,6516399.662909,6457378.267620,6575421.058199,6496148.829042,20250.833867,4.654571,14.798701,false,predicted CU exceeds the transaction compute budget; fri_conjectured soundness term 120.0 bits is below the 128.0-bit target,false,predicted CU exceeds the transaction compute budget
qualified-circle-t120-r4-g0-fri_conjectured-fenzi_whir_core_0p8_plus_m31_mul_0p75,Circle,fri_conjectured,120.0,fenzi_whir_core_0p8_plus_m31_mul_0p75,log_blowup,2,4,0,60,60,640,18232,6516399.662909,6457378.267620,6575421.058199,6496148.829042,20250.833867,4.654571,14.798701,false,predicted CU exceeds the transaction compute budget; fri_conjectured soundness term 120.0 bits is below the 128.0-bit target,false,predicted CU exceeds the transaction compute budget
qualified-circle-t120-r4-g8-fri_proven-baseline,Circle,fri_proven,120.0,baseline,log_blowup,2,4,8,112,112,640,29888,14468203.770810,14409182.375521,14527225.166100,14435556.034093,32647.736718,10.334431,24.259740,false,predicted CU exceeds the transaction compute budget; fri_proven soundness term 120.0 bits is below the 128.0-bit target,false,predicted CU exceeds the transaction compute budget
qualified-circle-t120-r4-g8-fri_proven-fenzi_whir_core_0p8,Circle,fri_proven,120.0,fenzi_whir_core_0p8,log_blowup,2,4,8,112,112,640,29888,14468203.770810,14409182.375521,14527225.166100,14435556.034093,32647.736718,10.334431,24.259740,false,predicted CU exceeds the transaction compute budget; fri_proven soundness term 120.0 bits is below the 128.0-bit target,false,predicted CU exceeds the transaction compute budget
qualified-circle-t120-r4-g8-fri_proven-m31_mul_0p75,Circle,fri_proven,120.0,m31_mul_0p75,log_blowup,2,4,8,112,112,640,29888,11171557.649238,11112536.253949,11230579.044528,11138909.912521,32647.736718,7.979684,24.259740,false,predicted CU exceeds the transaction compute budget; fri_proven soundness term 120.0 bits is below the 128.0-bit target,false,predicted CU exceeds the transaction compute budget
qualified-circle-t120-r4-g8-fri_proven-fenzi_whir_core_0p8_plus_m31_mul_0p75,Circle,fri_proven,120.0,fenzi_whir_core_0p8_plus_m31_mul_0p75,log_blowup,2,4,8,112,112,640,29888,11171557.649238,11112536.253949,11230579.044528,11138909.912521,32647.736718,7.979684,24.259740,false,predicted CU exceeds the transaction compute budget; fri_proven soundness term 120.0 bits is below the 128.0-bit target,false,predicted CU exceeds the transaction compute budget
qualified-circle-t120-r4-g8-fri_conjectured-baseline,Circle,fri_conjectured,120.0,baseline,log_blowup,2,4,8,56,56,640,17344,7906205.684021,7847184.288732,7965227.079311,7886834.284194,19371.399827,5.647290,14.077922,false,predicted CU exceeds the transaction compute budget; fri_conjectured soundness term 120.0 bits is below the 128.0-bit target,false,predicted CU exceeds the transaction compute budget
qualified-circle-t120-r4-g8-fri_conjectured-fenzi_whir_core_0p8,Circle,fri_conjectured,120.0,fenzi_whir_core_0p8,log_blowup,2,4,8,56,56,640,17344,7906205.684021,7847184.288732,7965227.079311,7886834.284194,19371.399827,5.647290,14.077922,false,predicted CU exceeds the transaction compute budget; fri_conjectured soundness term 120.0 bits is below the 128.0-bit target,false,predicted CU exceeds the transaction compute budget
qualified-circle-t120-r4-g8-fri_conjectured-m31_mul_0p75,Circle,fri_conjectured,120.0,m31_mul_0p75,log_blowup,2,4,8,56,56,640,17344,6158651.361603,6099629.966314,6217672.756893,6139279.961776,19371.399827,4.399037,14.077922,false,predicted CU exceeds the transaction compute budget; fri_conjectured soundness term 120.0 bits is below the 128.0-bit target,false,predicted CU exceeds the transaction compute budget
qualified-circle-t120-r4-g8-fri_conjectured-fenzi_whir_core_0p8_plus_m31_mul_0p75,Circle,fri_conjectured,120.0,fenzi_whir_core_0p8_plus_m31_mul_0p75,log_blowup,2,4,8,56,56,640,17344,6158651.361603,6099629.966314,6217672.756893,6139279.961776,19371.399827,4.399037,14.077922,false,predicted CU exceeds the transaction compute budget; fri_conjectured soundness term 120.0 bits is below the 128.0-bit target,false,predicted CU exceeds the transaction compute budget
qualified-circle-t120-r4-g16-fri_proven-baseline,Circle,fri_proven,120.0,baseline,log_blowup,2,4,16,104,104,640,28096,13530725.448499,13471704.053209,13589746.843788,13500024.355536,30701.092963,9.664804,22.805195,false,predicted CU exceeds the transaction compute budget; fri_proven soundness term 120.0 bits is below the 128.0-bit target,false,predicted CU exceeds the transaction compute budget
qualified-circle-t120-r4-g16-fri_proven-fenzi_whir_core_0p8,Circle,fri_proven,120.0,fenzi_whir_core_0p8,log_blowup,2,4,16,104,104,640,28096,13530725.448499,13471704.053209,13589746.843788,13500024.355536,30701.092963,9.664804,22.805195,false,predicted CU exceeds the transaction compute budget; fri_proven soundness term 120.0 bits is below the 128.0-bit target,false,predicted CU exceeds the transaction compute budget
qualified-circle-t120-r4-g16-fri_proven-m31_mul_0p75,Circle,fri_proven,120.0,m31_mul_0p75,log_blowup,2,4,16,104,104,640,28096,10455378.155377,10396356.760088,10514399.550667,10424677.062414,30701.092963,7.468127,22.805195,false,predicted CU exceeds the transaction compute budget; fri_proven soundness term 120.0 bits is below the 128.0-bit target,false,predicted CU exceeds the transaction compute budget
qualified-circle-t120-r4-g16-fri_proven-fenzi_whir_core_0p8_plus_m31_mul_0p75,Circle,fri_proven,120.0,fenzi_whir_core_0p8_plus_m31_mul_0p75,log_blowup,2,4,16,104,104,640,28096,10455378.155377,10396356.760088,10514399.550667,10424677.062414,30701.092963,7.468127,22.805195,false,predicted CU exceeds the transaction compute budget; fri_proven soundness term 120.0 bits is below the 128.0-bit target,false,predicted CU exceeds the transaction compute budget
qualified-circle-t120-r4-g16-fri_conjectured-baseline,Circle,fri_conjectured,120.0,baseline,log_blowup,2,4,16,52,52,640,16448,7437378.980517,7378357.585228,7496400.375807,7419068.444916,18310.535601,5.312414,13.350649,false,predicted CU exceeds the transaction compute budget; fri_conjectured soundness term 120.0 bits is below the 128.0-bit target,false,predicted CU exceeds the transaction compute budget
qualified-circle-t120-r4-g16-fri_conjectured-fenzi_whir_core_0p8,Circle,fri_conjectured,120.0,fenzi_whir_core_0p8,log_blowup,2,4,16,52,52,640,16448,7437378.980517,7378357.585228,7496400.375807,7419068.444916,18310.535601,5.312414,13.350649,false,predicted CU exceeds the transaction compute budget; fri_conjectured soundness term 120.0 bits is below the 128.0-bit target,false,predicted CU exceeds the transaction compute budget
qualified-circle-t120-r4-g16-fri_conjectured-m31_mul_0p75,Circle,fri_conjectured,120.0,m31_mul_0p75,log_blowup,2,4,16,52,52,640,16448,5800474.072324,5741452.677035,5859495.467614,5782163.536723,18310.535601,4.143196,13.350649,false,predicted CU exceeds the transaction compute budget; fri_conjectured soundness term 120.0 bits is below the 128.0-bit target,false,predicted CU exceeds the transaction compute budget
qualified-circle-t120-r4-g16-fri_conjectured-fenzi_whir_core_0p8_plus_m31_mul_0p75,Circle,fri_conjectured,120.0,fenzi_whir_core_0p8_plus_m31_mul_0p75,log_blowup,2,4,16,52,52,640,16448,5800474.072324,5741452.677035,5859495.467614,5782163.536723,18310.535601,4.143196,13.350649,false,predicted CU exceeds the transaction compute budget; fri_conjectured soundness term 120.0 bits is below the 128.0-bit target,false,predicted CU exceeds the transaction compute budget
qualified-circle-t120-r4-g24-fri_proven-baseline,Circle,fri_proven,120.0,baseline,log_blowup,2,4,24,96,96,640,26304,12593422.210883,12534400.815594,12652443.606173,12564492.676979,28929.533905,8.995302,21.350649,false,predicted CU exceeds the transaction compute budget; fri_proven soundness term 120.0 bits is below the 128.0-bit target,false,predicted CU exceeds the transaction compute budget
qualified-circle-t120-r4-g24-fri_proven-fenzi_whir_core_0p8,Circle,fri_proven,120.0,fenzi_whir_core_0p8,log_blowup,2,4,24,96,96,640,26304,12593422.210883,12534400.815594,12652443.606173,12564492.676979,28929.533905,8.995302,21.350649,false,predicted CU exceeds the transaction compute budget; fri_proven soundness term 120.0 bits is below the 128.0-bit target,false,predicted CU exceeds the transaction compute budget
qualified-circle-t120-r4-g24-fri_proven-m31_mul_0p75,Circle,fri_proven,120.0,m31_mul_0p75,log_blowup,2,4,24,96,96,640,26304,9739373.746212,9680352.350923,9798395.141502,9710444.212308,28929.533905,6.956696,21.350649,false,predicted CU exceeds the transaction compute budget; fri_proven soundness term 120.0 bits is below the 128.0-bit target,false,predicted CU exceeds the transaction compute budget
qualified-circle-t120-r4-g24-fri_proven-fenzi_whir_core_0p8_plus_m31_mul_0p75,Circle,fri_proven,120.0,fenzi_whir_core_0p8_plus_m31_mul_0p75,log_blowup,2,4,24,96,96,640,26304,9739373.746212,9680352.350923,9798395.141502,9710444.212308,28929.533905,6.956696,21.350649,false,predicted CU exceeds the transaction compute budget; fri_proven soundness term 120.0 bits is below the 128.0-bit target,false,predicted CU exceeds the transaction compute budget
qualified-circle-t120-r4-g24-fri_conjectured-baseline,Circle,fri_conjectured,120.0,baseline,log_blowup,2,4,24,48,48,640,15552,6968727.361710,6909705.966420,7027748.756999,6951302.605637,17424.756072,4.977662,12.623377,false,predicted CU exceeds the transaction compute budget; fri_conjectured soundness term 120.0 bits is below the 128.0-bit target,false,predicted CU exceeds the transaction compute budget
qualified-circle-t120-r4-g24-fri_conjectured-fenzi_whir_core_0p8,Circle,fri_conjectured,120.0,fenzi_whir_core_0p8,log_blowup,2,4,24,48,48,640,15552,6968727.361710,6909705.966420,7027748.756999,6951302.605637,17424.756072,4.977662,12.623377,false,predicted CU exceeds the transaction compute budget; fri_conjectured soundness term 120.0 bits is below the 128.0-bit target,false,predicted CU exceeds the transaction compute budget
qualified-circle-t120-r4-g24-fri_conjectured-m31_mul_0p75,Circle,fri_conjectured,120.0,m31_mul_0p75,log_blowup,2,4,24,48,48,640,15552,5442471.867742,5383450.472452,5501493.263032,5425047.111670,17424.756072,3.887480,12.623377,false,predicted CU exceeds the transaction compute budget; fri_conjectured soundness term 120.0 bits is below the 128.0-bit target,false,predicted CU exceeds the transaction compute budget
qualified-circle-t120-r4-g24-fri_conjectured-fenzi_whir_core_0p8_plus_m31_mul_0p75,Circle,fri_conjectured,120.0,fenzi_whir_core_0p8_plus_m31_mul_0p75,log_blowup,2,4,24,48,48,640,15552,5442471.867742,5383450.472452,5501493.263032,5425047.111670,17424.756072,3.887480,12.623377,false,predicted CU exceeds the transaction compute budget; fri_conjectured soundness term 120.0 bits is below the 128.0-bit target,false,predicted CU exceeds the transaction compute budget
qualified-circle-t120-r4-g32-fri_proven-baseline,Circle,fri_proven,120.0,baseline,log_blowup,2,4,32,88,88,640,24512,11655943.888572,11596922.493282,11714965.283861,11628960.998422,26982.890150,8.325674,19.896104,false,predicted CU exceeds the transaction compute budget; fri_proven soundness term 120.0 bits is below the 128.0-bit target,false,predicted CU exceeds the transaction compute budget
qualified-circle-t120-r4-g32-fri_proven-fenzi_whir_core_0p8,Circle,fri_proven,120.0,fenzi_whir_core_0p8,log_blowup,2,4,32,88,88,640,24512,11655943.888572,11596922.493282,11714965.283861,11628960.998422,26982.890150,8.325674,19.896104,false,predicted CU exceeds the transaction compute budget; fri_proven soundness term 120.0 bits is below the 128.0-bit target,false,predicted CU exceeds the transaction compute budget
qualified-circle-t120-r4-g32-fri_proven-m31_mul_0p75,Circle,fri_proven,120.0,m31_mul_0p75,log_blowup,2,4,32,88,88,640,24512,9023194.252351,8964172.857062,9082215.647641,8996211.362202,26982.890150,6.445139,19.896104,false,predicted CU exceeds the transaction compute budget; fri_proven soundness term 120.0 bits is below the 128.0-bit target,false,predicted CU exceeds the transaction compute budget
qualified-circle-t120-r4-g32-fri_proven-fenzi_whir_core_0p8_plus_m31_mul_0p75,Circle,fri_proven,120.0,fenzi_whir_core_0p8_plus_m31_mul_0p75,log_blowup,2,4,32,88,88,640,24512,9023194.252351,8964172.857062,9082215.647641,8996211.362202,26982.890150,6.445139,19.896104,false,predicted CU exceeds the transaction compute budget; fri_proven soundness term 120.0 bits is below the 128.0-bit target,false,predicted CU exceeds the transaction compute budget
qualified-circle-t120-r4-g32-fri_conjectured-baseline,Circle,fri_conjectured,120.0,baseline,log_blowup,2,4,32,44,44,640,14656,6499900.658206,6440879.262916,6558922.053495,6483536.766359,16363.891847,4.642786,11.896104,false,predicted CU exceeds the transaction compute budget; fri_conjectured soundness term 120.0 bits is below the 128.0-bit target,false,predicted CU exceeds the transaction compute budget
qualified-circle-t120-r4-g32-fri_conjectured-fenzi_whir_core_0p8,Circle,fri_conjectured,120.0,fenzi_whir_core_0p8,log_blowup,2,4,32,44,44,640,14656,6499900.658206,6440879.262916,6558922.053495,6483536.766359,16363.891847,4.642786,11.896104,false,predicted CU exceeds the transaction compute budget; fri_conjectured soundness term 120.0 bits is below the 128.0-bit target,false,predicted CU exceeds the transaction compute budget
qualified-circle-t120-r4-g32-fri_conjectured-m31_mul_0p75,Circle,fri_conjectured,120.0,m31_mul_0p75,log_blowup,2,4,32,44,44,640,14656,5084294.578463,5025273.183174,5143315.973753,5067930.686617,16363.891847,3.631639,11.896104,false,predicted CU exceeds the transaction compute budget; fri_conjectured soundness term 120.0 bits is below the 128.0-bit target,false,predicted CU exceeds the transaction compute budget
qualified-circle-t120-r4-g32-fri_conjectured-fenzi_whir_core_0p8_plus_m31_mul_0p75,Circle,fri_conjectured,120.0,fenzi_whir_core_0p8_plus_m31_mul_0p75,log_blowup,2,4,32,44,44,640,14656,5084294.578463,5025273.183174,5143315.973753,5067930.686617,16363.891847,3.631639,11.896104,false,predicted CU exceeds the transaction compute budget; fri_conjectured soundness term 120.0 bits is below the 128.0-bit target,false,predicted CU exceeds the transaction compute budget
qualified-circle-t120-r8-g0-fri_proven-baseline,Circle,fri_proven,120.0,baseline,log_blowup,3,8,0,80,80,640,25368,10787222.268761,10728200.873472,10846243.664051,10759385.326530,27836.942231,7.705159,20.590909,false,predicted CU exceeds the transaction compute budget; fri_proven soundness term 120.0 bits is below the 128.0-bit target,false,predicted CU exceeds the transaction compute budget
qualified-circle-t120-r8-g0-fri_proven-fenzi_whir_core_0p8,Circle,fri_proven,120.0,fenzi_whir_core_0p8,log_blowup,3,8,0,80,80,640,25368,10787222.268761,10728200.873472,10846243.664051,10759385.326530,27836.942231,7.705159,20.590909,false,predicted CU exceeds the transaction compute budget; fri_proven soundness term 120.0 bits is below the 128.0-bit target,false,predicted CU exceeds the transaction compute budget
qualified-circle-t120-r8-g0-fri_proven-m31_mul_0p75,Circle,fri_proven,120.0,m31_mul_0p75,log_blowup,3,8,0,80,80,640,25368,8375771.460991,8316750.065702,8434792.856281,8347934.518760,27836.942231,5.982694,20.590909,false,predicted CU exceeds the transaction compute budget; fri_proven soundness term 120.0 bits is below the 128.0-bit target,false,predicted CU exceeds the transaction compute budget
qualified-circle-t120-r8-g0-fri_proven-fenzi_whir_core_0p8_plus_m31_mul_0p75,Circle,fri_proven,120.0,fenzi_whir_core_0p8_plus_m31_mul_0p75,log_blowup,3,8,0,80,80,640,25368,8375771.460991,8316750.065702,8434792.856281,8347934.518760,27836.942231,5.982694,20.590909,false,predicted CU exceeds the transaction compute budget; fri_proven soundness term 120.0 bits is below the 128.0-bit target,false,predicted CU exceeds the transaction compute budget
qualified-circle-t120-r8-g0-fri_conjectured-baseline,Circle,fri_conjectured,120.0,baseline,log_blowup,3,8,0,40,40,640,15128,6065917.332160,6006895.936871,6124938.727450,6049003.971732,16913.360428,4.332798,12.279221,false,predicted CU exceeds the transaction compute budget; fri_conjectured soundness term 120.0 bits is below the 128.0-bit target,false,predicted CU exceeds the transaction compute budget
qualified-circle-t120-r8-g0-fri_conjectured-fenzi_whir_core_0p8,Circle,fri_conjectured,120.0,fenzi_whir_core_0p8,log_blowup,3,8,0,40,40,640,15128,6065917.332160,6006895.936871,6124938.727450,6049003.971732,16913.360428,4.332798,12.279221,false,predicted CU exceeds the transaction compute budget; fri_conjectured soundness term 120.0 bits is below the 128.0-bit target,false,predicted CU exceeds the transaction compute budget
qualified-circle-t120-r8-g0-fri_conjectured-m31_mul_0p75,Circle,fri_conjectured,120.0,m31_mul_0p75,log_blowup,3,8,0,40,40,640,15128,4760960.666643,4701939.271354,4819982.061933,4744047.306215,16913.360428,3.400686,12.279221,false,predicted CU exceeds the transaction compute budget; fri_conjectured soundness term 120.0 bits is below the 128.0-bit target,false,predicted CU exceeds the transaction compute budget
qualified-circle-t120-r8-g0-fri_conjectured-fenzi_whir_core_0p8_plus_m31_mul_0p75,Circle,fri_conjectured,120.0,fenzi_whir_core_0p8_plus_m31_mul_0p75,log_blowup,3,8,0,40,40,640,15128,4760960.666643,4701939.271354,4819982.061933,4744047.306215,16913.360428,3.400686,12.279221,false,predicted CU exceeds the transaction compute budget; fri_conjectured soundness term 120.0 bits is below the 128.0-bit target,false,predicted CU exceeds the transaction compute budget
qualified-circle-t120-r8-g8-fri_proven-baseline,Circle,fri_proven,120.0,baseline,log_blowup,3,8,8,75,75,640,24096,10197313.054963,10138291.659673,10256334.450252,10170835.214967,26477.839995,7.283795,19.558442,false,predicted CU exceeds the transaction compute budget; fri_proven soundness term 120.5 bits is below the 128.0-bit target,false,predicted CU exceeds the transaction compute budget
qualified-circle-t120-r8-g8-fri_proven-fenzi_whir_core_0p8,Circle,fri_proven,120.0,fenzi_whir_core_0p8,log_blowup,3,8,8,75,75,640,24096,10197313.054963,10138291.659673,10256334.450252,10170835.214967,26477.839995,7.283795,19.558442,false,predicted CU exceeds the transaction compute budget; fri_proven soundness term 120.5 bits is below the 128.0-bit target,false,predicted CU exceeds the transaction compute budget
qualified-circle-t120-r8-g8-fri_proven-m31_mul_0p75,Circle,fri_proven,120.0,m31_mul_0p75,log_blowup,3,8,8,75,75,640,24096,7924174.014974,7865152.619685,7983195.410264,7897696.174979,26477.839995,5.660124,19.558442,false,predicted CU exceeds the transaction compute budget; fri_proven soundness term 120.5 bits is below the 128.0-bit target,false,predicted CU exceeds the transaction compute budget
qualified-circle-t120-r8-g8-fri_proven-fenzi_whir_core_0p8_plus_m31_mul_0p75,Circle,fri_proven,120.0,fenzi_whir_core_0p8_plus_m31_mul_0p75,log_blowup,3,8,8,75,75,640,24096,7924174.014974,7865152.619685,7983195.410264,7897696.174979,26477.839995,5.660124,19.558442,false,predicted CU exceeds the transaction compute budget; fri_proven soundness term 120.5 bits is below the 128.0-bit target,false,predicted CU exceeds the transaction compute budget
qualified-circle-t120-r8-g8-fri_conjectured-baseline,Circle,fri_conjectured,120.0,baseline,log_blowup,3,8,8,38,38,640,14624,5830070.971667,5771049.576378,5889092.366957,5813732.461779,16338.509888,4.164336,11.870130,false,predicted CU exceeds the transaction compute budget; fri_conjectured soundness term 122.0 bits is below the 128.0-bit target,false,predicted CU exceeds the transaction compute budget
qualified-circle-t120-r8-g8-fri_conjectured-fenzi_whir_core_0p8,Circle,fri_conjectured,120.0,fenzi_whir_core_0p8,log_blowup,3,8,8,38,38,640,14624,5830070.971667,5771049.576378,5889092.366957,5813732.461779,16338.509888,4.164336,11.870130,false,predicted CU exceeds the transaction compute budget; fri_conjectured soundness term 122.0 bits is below the 128.0-bit target,false,predicted CU exceeds the transaction compute budget
qualified-circle-t120-r8-g8-fri_conjectured-m31_mul_0p75,Circle,fri_conjectured,120.0,m31_mul_0p75,log_blowup,3,8,8,38,38,640,14624,4580439.013263,4521417.617973,4639460.408553,4564100.503375,16338.509888,3.271742,11.870130,false,predicted CU exceeds the transaction compute budget; fri_conjectured soundness term 122.0 bits is below the 128.0-bit target,false,predicted CU exceeds the transaction compute budget
qualified-circle-t120-r8-g8-fri_conjectured-fenzi_whir_core_0p8_plus_m31_mul_0p75,Circle,fri_conjectured,120.0,fenzi_whir_core_0p8_plus_m31_mul_0p75,log_blowup,3,8,8,38,38,640,14624,4580439.013263,4521417.617973,4639460.408553,4564100.503375,16338.509888,3.271742,11.870130,false,predicted CU exceeds the transaction compute budget; fri_conjectured soundness term 122.0 bits is below the 128.0-bit target,false,predicted CU exceeds the transaction compute budget
qualified-circle-t120-r8-g16-fri_proven-baseline,Circle,fri_proven,120.0,baseline,log_blowup,3,8,16,70,70,640,22816,9607149.937887,9548128.542598,9666171.333177,9582037.545617,25112.392270,6.862250,18.519481,false,predicted CU exceeds the transaction compute budget; fri_proven soundness term 121.0 bits is below the 128.0-bit target,false,predicted CU exceeds the transaction compute budget
qualified-circle-t120-r8-g16-fri_proven-fenzi_whir_core_0p8,Circle,fri_proven,120.0,fenzi_whir_core_0p8,log_blowup,3,8,16,70,70,640,22816,9607149.937887,9548128.542598,9666171.333177,9582037.545617,25112.392270,6.862250,18.519481,false,predicted CU exceeds the transaction compute budget; fri_proven soundness term 121.0 bits is below the 128.0-bit target,false,predicted CU exceeds the transaction compute budget
qualified-circle-t120-r8-g16-fri_proven-m31_mul_0p75,Circle,fri_proven,120.0,m31_mul_0p75,log_blowup,3,8,16,70,70,640,22816,7472322.665681,7413301.270391,7531344.060970,7447210.273411,25112.392270,5.337373,18.519481,false,predicted CU exceeds the transaction compute budget; fri_proven soundness term 121.0 bits is below the 128.0-bit target,false,predicted CU exceeds the transaction compute budget
qualified-circle-t120-r8-g16-fri_proven-fenzi_whir_core_0p8_plus_m31_mul_0p75,Circle,fri_proven,120.0,fenzi_whir_core_0p8_plus_m31_mul_0p75,log_blowup,3,8,16,70,70,640,22816,7472322.665681,7413301.270391,7531344.060970,7447210.273411,25112.392270,5.337373,18.519481,false,predicted CU exceeds the transaction compute budget; fri_proven soundness term 121.0 bits is below the 128.0-bit target,false,predicted CU exceeds the transaction compute budget
qualified-circle-t120-r8-g16-fri_conjectured-baseline,Circle,fri_conjectured,120.0,baseline,log_blowup,3,8,16,35,35,640,13856,5476008.118362,5416986.723072,5535029.513651,5460453.860169,15554.258192,3.911434,11.246753,false,predicted CU exceeds the transaction compute budget; fri_conjectured soundness term 121.0 bits is below the 128.0-bit target,false,predicted CU exceeds the transaction compute budget
qualified-circle-t120-r8-g16-fri_conjectured-fenzi_whir_core_0p8,Circle,fri_conjectured,120.0,fenzi_whir_core_0p8,log_blowup,3,8,16,35,35,640,13856,5476008.118362,5416986.723072,5535029.513651,5460453.860169,15554.258192,3.911434,11.246753,false,predicted CU exceeds the transaction compute budget; fri_conjectured soundness term 121.0 bits is below the 128.0-bit target,false,predicted CU exceeds the transaction compute budget
qualified-circle-t120-r8-g16-fri_conjectured-m31_mul_0p75,Circle,fri_conjectured,120.0,m31_mul_0p75,log_blowup,3,8,16,35,35,640,13856,4309363.220626,4250341.825337,4368384.615916,4293808.962434,15554.258192,3.078117,11.246753,false,predicted CU exceeds the transaction compute budget; fri_conjectured soundness term 121.0 bits is below the 128.0-bit target,false,predicted CU exceeds the transaction compute budget
qualified-circle-t120-r8-g16-fri_conjectured-fenzi_whir_core_0p8_plus_m31_mul_0p75,Circle,fri_conjectured,120.0,fenzi_whir_core_0p8_plus_m31_mul_0p75,log_blowup,3,8,16,35,35,640,13856,4309363.220626,4250341.825337,4368384.615916,4293808.962434,15554.258192,3.078117,11.246753,false,predicted CU exceeds the transaction compute budget; fri_conjectured soundness term 121.0 bits is below the 128.0-bit target,false,predicted CU exceeds the transaction compute budget
qualified-circle-t120-r8-g24-fri_proven-baseline,Circle,fri_proven,120.0,baseline,log_blowup,3,8,24,64,64,640,21280,8899024.231276,8840002.835986,8958045.626565,8875480.342398,23543.888878,6.356446,17.272727,false,predicted CU exceeds the transaction compute budget; fri_proven soundness term 120.0 bits is below the 128.0-bit target,false,predicted CU exceeds the transaction compute budget
qualified-circle-t120-r8-g24-fri_proven-fenzi_whir_core_0p8,Circle,fri_proven,120.0,fenzi_whir_core_0p8,log_blowup,3,8,24,64,64,640,21280,8899024.231276,8840002.835986,8958045.626565,8875480.342398,23543.888878,6.356446,17.272727,false,predicted CU exceeds the transaction compute budget; fri_proven soundness term 120.0 bits is below the 128.0-bit target,false,predicted CU exceeds the transaction compute budget
qualified-circle-t120-r8-g24-fri_proven-m31_mul_0p75,Circle,fri_proven,120.0,m31_mul_0p75,log_blowup,3,8,24,64,64,640,21280,6930171.080407,6871149.685118,6989192.475697,6906627.191529,23543.888878,4.950122,17.272727,false,predicted CU exceeds the transaction compute budget; fri_proven soundness term 120.0 bits is below the 128.0-bit target,false,predicted CU exceeds the transaction compute budget
qualified-circle-t120-r8-g24-fri_proven-fenzi_whir_core_0p8_plus_m31_mul_0p75,Circle,fri_proven,120.0,fenzi_whir_core_0p8_plus_m31_mul_0p75,log_blowup,3,8,24,64,64,640,21280,6930171.080407,6871149.685118,6989192.475697,6906627.191529,23543.888878,4.950122,17.272727,false,predicted CU exceeds the transaction compute budget; fri_proven soundness term 120.0 bits is below the 128.0-bit target,false,predicted CU exceeds the transaction compute budget
qualified-circle-t120-r8-g24-fri_conjectured-baseline,Circle,fri_conjectured,120.0,baseline,log_blowup,3,8,24,32,32,640,13088,5121945.265056,5062923.869766,5180966.660345,5107175.258559,14770.006496,3.658532,10.623377,false,predicted CU exceeds the transaction compute budget; fri_conjectured soundness term 120.0 bits is below the 128.0-bit target,false,predicted CU exceeds the transaction compute budget
qualified-circle-t120-r8-g24-fri_conjectured-fenzi_whir_core_0p8,Circle,fri_conjectured,120.0,fenzi_whir_core_0p8,log_blowup,3,8,24,32,32,640,13088,5121945.265056,5062923.869766,5180966.660345,5107175.258559,14770.006496,3.658532,10.623377,false,predicted CU exceeds the transaction compute budget; fri_conjectured soundness term 120.0 bits is below the 128.0-bit target,false,predicted CU exceeds the transaction compute budget
qualified-circle-t120-r8-g24-fri_conjectured-m31_mul_0p75,Circle,fri_conjectured,120.0,m31_mul_0p75,log_blowup,3,8,24,32,32,640,13088,4038287.427989,3979266.032700,4097308.823279,4023517.421493,14770.006496,2.884491,10.623377,false,predicted CU exceeds the transaction compute budget; fri_conjectured soundness term 120.0 bits is below the 128.0-bit target,false,predicted CU exceeds the transaction compute budget
qualified-circle-t120-r8-g24-fri_conjectured-fenzi_whir_core_0p8_plus_m31_mul_0p75,Circle,fri_conjectured,120.0,fenzi_whir_core_0p8_plus_m31_mul_0p75,log_blowup,3,8,24,32,32,640,13088,4038287.427989,3979266.032700,4097308.823279,4023517.421493,14770.006496,2.884491,10.623377,false,predicted CU exceeds the transaction compute budget; fri_conjectured soundness term 120.0 bits is below the 128.0-bit target,false,predicted CU exceeds the transaction compute budget
qualified-circle-t120-r8-g32-fri_proven-baseline,Circle,fri_proven,120.0,baseline,log_blowup,3,8,32,59,59,640,20000,8308861.114201,8249839.718911,8367882.509490,8286682.673048,22178.441153,5.934901,16.233766,false,predicted CU exceeds the transaction compute budget; fri_proven soundness term 120.5 bits is below the 128.0-bit target,false,predicted CU exceeds the transaction compute budget
qualified-circle-t120-r8-g32-fri_proven-fenzi_whir_core_0p8,Circle,fri_proven,120.0,fenzi_whir_core_0p8,log_blowup,3,8,32,59,59,640,20000,8308861.114201,8249839.718911,8367882.509490,8286682.673048,22178.441153,5.934901,16.233766,false,predicted CU exceeds the transaction compute budget; fri_proven soundness term 120.5 bits is below the 128.0-bit target,false,predicted CU exceeds the transaction compute budget
qualified-circle-t120-r8-g32-fri_proven-m31_mul_0p75,Circle,fri_proven,120.0,m31_mul_0p75,log_blowup,3,8,32,59,59,640,20000,6478319.731114,6419298.335824,6537341.126403,6456141.289961,22178.441153,4.627371,16.233766,false,predicted CU exceeds the transaction compute budget; fri_proven soundness term 120.5 bits is below the 128.0-bit target,false,predicted CU exceeds the transaction compute budget
qualified-circle-t120-r8-g32-fri_proven-fenzi_whir_core_0p8_plus_m31_mul_0p75,Circle,fri_proven,120.0,fenzi_whir_core_0p8_plus_m31_mul_0p75,log_blowup,3,8,32,59,59,640,20000,6478319.731114,6419298.335824,6537341.126403,6456141.289961,22178.441153,4.627371,16.233766,false,predicted CU exceeds the transaction compute budget; fri_proven soundness term 120.5 bits is below the 128.0-bit target,false,predicted CU exceeds the transaction compute budget
qualified-circle-t120-r8-g32-fri_conjectured-baseline,Circle,fri_conjectured,120.0,baseline,log_blowup,3,8,32,30,30,640,12576,4885845.001286,4826823.605997,4944866.396576,4871656.190819,14188.810467,3.489889,10.207792,false,predicted CU exceeds the transaction compute budget; fri_conjectured soundness term 122.0 bits is below the 128.0-bit target,false,predicted CU exceeds the transaction compute budget
qualified-circle-t120-r8-g32-fri_conjectured-fenzi_whir_core_0p8,Circle,fri_conjectured,120.0,fenzi_whir_core_0p8,log_blowup,3,8,32,30,30,640,12576,4885845.001286,4826823.605997,4944866.396576,4871656.190819,14188.810467,3.489889,10.207792,false,predicted CU exceeds the transaction compute budget; fri_conjectured soundness term 122.0 bits is below the 128.0-bit target,false,predicted CU exceeds the transaction compute budget
qualified-circle-t120-r8-g32-fri_conjectured-m31_mul_0p75,Circle,fri_conjectured,120.0,m31_mul_0p75,log_blowup,3,8,32,30,30,640,12576,3857511.871333,3798490.476043,3916533.266622,3843323.060866,14188.810467,2.755366,10.207792,false,predicted CU exceeds the transaction compute budget; fri_conjectured soundness term 122.0 bits is below the 128.0-bit target,false,predicted CU exceeds the transaction compute budget
qualified-circle-t120-r8-g32-fri_conjectured-fenzi_whir_core_0p8_plus_m31_mul_0p75,Circle,fri_conjectured,120.0,fenzi_whir_core_0p8_plus_m31_mul_0p75,log_blowup,3,8,32,30,30,640,12576,3857511.871333,3798490.476043,3916533.266622,3843323.060866,14188.810467,2.755366,10.207792,false,predicted CU exceeds the transaction compute budget; fri_conjectured soundness term 122.0 bits is below the 128.0-bit target,false,predicted CU exceeds the transaction compute budget
qualified-circle-t120-r16-g0-fri_proven-baseline,Circle,fri_proven,120.0,baseline,log_blowup,4,16,0,60,60,640,22264,8478536.201369,8419514.806079,8537557.596659,8454036.732576,24499.468793,6.056097,18.071429,false,predicted CU exceeds the transaction compute budget; fri_proven soundness term 120.0 bits is below the 128.0-bit target,false,predicted CU exceeds the transaction compute budget
qualified-circle-t120-r16-g0-fri_proven-fenzi_whir_core_0p8,Circle,fri_proven,120.0,fenzi_whir_core_0p8,log_blowup,4,16,0,60,60,640,22264,8478536.201369,8419514.806079,8537557.596659,8454036.732576,24499.468793,6.056097,18.071429,false,predicted CU exceeds the transaction compute budget; fri_proven soundness term 120.0 bits is below the 128.0-bit target,false,predicted CU exceeds the transaction compute budget
qualified-circle-t120-r16-g0-fri_proven-m31_mul_0p75,Circle,fri_proven,120.0,m31_mul_0p75,log_blowup,4,16,0,60,60,640,22264,6620332.464726,6561311.069436,6679353.860015,6595832.995933,24499.468793,4.728809,18.071429,false,predicted CU exceeds the transaction compute budget; fri_proven soundness term 120.0 bits is below the 128.0-bit target,false,predicted CU exceeds the transaction compute budget
qualified-circle-t120-r16-g0-fri_proven-fenzi_whir_core_0p8_plus_m31_mul_0p75,Circle,fri_proven,120.0,fenzi_whir_core_0p8_plus_m31_mul_0p75,log_blowup,4,16,0,60,60,640,22264,6620332.464726,6561311.069436,6679353.860015,6595832.995933,24499.468793,4.728809,18.071429,false,predicted CU exceeds the transaction compute budget; fri_proven soundness term 120.0 bits is below the 128.0-bit target,false,predicted CU exceeds the transaction compute budget
qualified-circle-t120-r16-g0-fri_conjectured-baseline,Circle,fri_conjectured,120.0,baseline,log_blowup,4,16,0,30,30,640,13624,4912078.733962,4853057.338673,4971100.129252,4896708.494968,15370.238995,3.508628,11.058442,false,predicted CU exceeds the transaction compute budget; fri_conjectured soundness term 120.0 bits is below the 128.0-bit target,false,predicted CU exceeds the transaction compute budget
qualified-circle-t120-r16-g0-fri_conjectured-fenzi_whir_core_0p8,Circle,fri_conjectured,120.0,fenzi_whir_core_0p8,log_blowup,4,16,0,30,30,640,13624,4912078.733962,4853057.338673,4971100.129252,4896708.494968,15370.238995,3.508628,11.058442,false,predicted CU exceeds the transaction compute budget; fri_conjectured soundness term 120.0 bits is below the 128.0-bit target,false,predicted CU exceeds the transaction compute budget
qualified-circle-t120-r16-g0-fri_conjectured-m31_mul_0p75,Circle,fri_conjectured,120.0,m31_mul_0p75,log_blowup,4,16,0,30,30,640,13624,3883745.604009,3824724.208719,3942766.999298,3868375.365014,15370.238995,2.774104,11.058442,false,predicted CU exceeds the transaction compute budget; fri_conjectured soundness term 120.0 bits is below the 128.0-bit target,false,predicted CU exceeds the transaction compute budget
qualified-circle-t120-r16-g0-fri_conjectured-fenzi_whir_core_0p8_plus_m31_mul_0p75,Circle,fri_conjectured,120.0,fenzi_whir_core_0p8_plus_m31_mul_0p75,log_blowup,4,16,0,30,30,640,13624,3883745.604009,3824724.208719,3942766.999298,3868375.365014,15370.238995,2.774104,11.058442,false,predicted CU exceeds the transaction compute budget; fri_conjectured soundness term 120.0 bits is below the 128.0-bit target,false,predicted CU exceeds the transaction compute budget
qualified-circle-t120-r16-g8-fri_proven-baseline,Circle,fri_proven,120.0,baseline,log_blowup,4,16,8,56,56,640,21120,8003215.753072,7944194.357783,8062237.148362,7979973.858682,23241.894390,5.716583,17.142857,false,predicted CU exceeds the transaction compute budget; fri_proven soundness term 120.0 bits is below the 128.0-bit target,false,predicted CU exceeds the transaction compute budget
qualified-circle-t120-r16-g8-fri_proven-fenzi_whir_core_0p8,Circle,fri_proven,120.0,fenzi_whir_core_0p8,log_blowup,4,16,8,56,56,640,21120,8003215.753072,7944194.357783,8062237.148362,7979973.858682,23241.894390,5.716583,17.142857,false,predicted CU exceeds the transaction compute budget; fri_proven soundness term 120.0 bits is below the 128.0-bit target,false,predicted CU exceeds the transaction compute budget
qualified-circle-t120-r16-g8-fri_proven-m31_mul_0p75,Circle,fri_proven,120.0,m31_mul_0p75,log_blowup,4,16,8,56,56,640,21120,6255661.430654,6196640.035364,6314682.825944,6232419.536264,23241.894390,4.468330,17.142857,false,predicted CU exceeds the transaction compute budget; fri_proven soundness term 120.0 bits is below the 128.0-bit target,false,predicted CU exceeds the transaction compute budget
qualified-circle-t120-r16-g8-fri_proven-fenzi_whir_core_0p8_plus_m31_mul_0p75,Circle,fri_proven,120.0,fenzi_whir_core_0p8_plus_m31_mul_0p75,log_blowup,4,16,8,56,56,640,21120,6255661.430654,6196640.035364,6314682.825944,6232419.536264,23241.894390,4.468330,17.142857,false,predicted CU exceeds the transaction compute budget; fri_proven soundness term 120.0 bits is below the 128.0-bit target,false,predicted CU exceeds the transaction compute budget
qualified-circle-t120-r16-g8-fri_conjectured-baseline,Circle,fri_conjectured,120.0,baseline,log_blowup,4,16,8,28,28,640,13056,4674545.461452,4615524.066163,4733566.856742,4659800.836914,14744.624538,3.338961,10.597403,false,predicted CU exceeds the transaction compute budget; fri_conjectured soundness term 120.0 bits is below the 128.0-bit target,false,predicted CU exceeds the transaction compute budget
qualified-circle-t120-r16-g8-fri_conjectured-fenzi_whir_core_0p8,Circle,fri_conjectured,120.0,fenzi_whir_core_0p8,log_blowup,4,16,8,28,28,640,13056,4674545.461452,4615524.066163,4733566.856742,4659800.836914,14744.624538,3.338961,10.597403,false,predicted CU exceeds the transaction compute budget; fri_conjectured soundness term 120.0 bits is below the 128.0-bit target,false,predicted CU exceeds the transaction compute budget
qualified-circle-t120-r16-g8-fri_conjectured-m31_mul_0p75,Circle,fri_conjectured,120.0,m31_mul_0p75,log_blowup,4,16,8,28,28,640,13056,3701537.038611,3642515.643321,3760558.433900,3686792.414073,14744.624538,2.643955,10.597403,false,predicted CU exceeds the transaction compute budget; fri_conjectured soundness term 120.0 bits is below the 128.0-bit target,false,predicted CU exceeds the transaction compute budget
qualified-circle-t120-r16-g8-fri_conjectured-fenzi_whir_core_0p8_plus_m31_mul_0p75,Circle,fri_conjectured,120.0,fenzi_whir_core_0p8_plus_m31_mul_0p75,log_blowup,4,16,8,28,28,640,13056,3701537.038611,3642515.643321,3760558.433900,3686792.414073,14744.624538,2.643955,10.597403,false,predicted CU exceeds the transaction compute budget; fri_conjectured soundness term 120.0 bits is below the 128.0-bit target,false,predicted CU exceeds the transaction compute budget
qualified-circle-t120-r16-g16-fri_proven-baseline,Circle,fri_proven,120.0,baseline,log_blowup,4,16,16,52,52,640,19968,7527816.486195,7468795.090906,7586837.881485,7505663.427001,22153.059194,5.377012,16.207792,false,predicted CU exceeds the transaction compute budget; fri_proven soundness term 120.0 bits is below the 128.0-bit target,false,predicted CU exceeds the transaction compute budget
qualified-circle-t120-r16-g16-fri_proven-fenzi_whir_core_0p8,Circle,fri_proven,120.0,fenzi_whir_core_0p8,log_blowup,4,16,16,52,52,640,19968,7527816.486195,7468795.090906,7586837.881485,7505663.427001,22153.059194,5.377012,16.207792,false,predicted CU exceeds the transaction compute budget; fri_proven soundness term 120.0 bits is below the 128.0-bit target,false,predicted CU exceeds the transaction compute budget
qualified-circle-t120-r16-g16-fri_proven-m31_mul_0p75,Circle,fri_proven,120.0,m31_mul_0p75,log_blowup,4,16,16,52,52,640,19968,5890911.578002,5831890.182713,5949932.973292,5868758.518808,22153.059194,4.207794,16.207792,false,predicted CU exceeds the transaction compute budget; fri_proven soundness term 120.0 bits is below the 128.0-bit target,false,predicted CU exceeds the transaction compute budget
qualified-circle-t120-r16-g16-fri_proven-fenzi_whir_core_0p8_plus_m31_mul_0p75,Circle,fri_proven,120.0,fenzi_whir_core_0p8_plus_m31_mul_0p75,log_blowup,4,16,16,52,52,640,19968,5890911.578002,5831890.182713,5949932.973292,5868758.518808,22153.059194,4.207794,16.207792,false,predicted CU exceeds the transaction compute budget; fri_proven soundness term 120.0 bits is below the 128.0-bit target,false,predicted CU exceeds the transaction compute budget
qualified-circle-t120-r16-g16-fri_conjectured-baseline,Circle,fri_conjectured,120.0,baseline,log_blowup,4,16,16,26,26,640,12480,4436758.285666,4377736.890376,4495779.680955,4422645.621073,14112.664592,3.169113,10.129870,false,predicted CU exceeds the transaction compute budget; fri_conjectured soundness term 120.0 bits is below the 128.0-bit target,false,predicted CU exceeds the transaction compute budget
qualified-circle-t120-r16-g16-fri_conjectured-fenzi_whir_core_0p8,Circle,fri_conjectured,120.0,fenzi_whir_core_0p8,log_blowup,4,16,16,26,26,640,12480,4436758.285666,4377736.890376,4495779.680955,4422645.621073,14112.664592,3.169113,10.129870,false,predicted CU exceeds the transaction compute budget; fri_conjectured soundness term 120.0 bits is below the 128.0-bit target,false,predicted CU exceeds the transaction compute budget
qualified-circle-t120-r16-g16-fri_conjectured-m31_mul_0p75,Circle,fri_conjectured,120.0,m31_mul_0p75,log_blowup,4,16,16,26,26,640,12480,3519074.569937,3460053.174647,3578095.965226,3504961.905345,14112.664592,2.513625,10.129870,false,predicted CU exceeds the transaction compute budget; fri_conjectured soundness term 120.0 bits is below the 128.0-bit target,false,predicted CU exceeds the transaction compute budget
qualified-circle-t120-r16-g16-fri_conjectured-fenzi_whir_core_0p8_plus_m31_mul_0p75,Circle,fri_conjectured,120.0,fenzi_whir_core_0p8_plus_m31_mul_0p75,log_blowup,4,16,16,26,26,640,12480,3519074.569937,3460053.174647,3578095.965226,3504961.905345,14112.664592,2.513625,10.129870,false,predicted CU exceeds the transaction compute budget; fri_conjectured soundness term 120.0 bits is below the 128.0-bit target,false,predicted CU exceeds the transaction compute budget
qualified-circle-t120-r16-g24-fri_proven-baseline,Circle,fri_proven,120.0,baseline,log_blowup,4,16,24,48,48,640,18816,7052242.134622,6993220.739332,7111263.529912,7031352.995320,20889.139302,5.037316,15.272727,false,predicted CU exceeds the transaction compute budget; fri_proven soundness term 120.0 bits is below the 128.0-bit target,false,predicted CU exceeds the transaction compute budget
qualified-circle-t120-r16-g24-fri_proven-fenzi_whir_core_0p8,Circle,fri_proven,120.0,fenzi_whir_core_0p8,log_blowup,4,16,24,48,48,640,18816,7052242.134622,6993220.739332,7111263.529912,7031352.995320,20889.139302,5.037316,15.272727,false,predicted CU exceeds the transaction compute budget; fri_proven soundness term 120.0 bits is below the 128.0-bit target,false,predicted CU exceeds the transaction compute budget
qualified-circle-t120-r16-g24-fri_proven-m31_mul_0p75,Circle,fri_proven,120.0,m31_mul_0p75,log_blowup,4,16,24,48,48,640,18816,5525986.640654,5466965.245365,5585008.035944,5505097.501352,20889.139302,3.947133,15.272727,false,predicted CU exceeds the transaction compute budget; fri_proven soundness term 120.0 bits is below the 128.0-bit target,false,predicted CU exceeds the transaction compute budget
qualified-circle-t120-r16-g24-fri_proven-fenzi_whir_core_0p8_plus_m31_mul_0p75,Circle,fri_proven,120.0,fenzi_whir_core_0p8_plus_m31_mul_0p75,log_blowup,4,16,24,48,48,640,18816,5525986.640654,5466965.245365,5585008.035944,5505097.501352,20889.139302,3.947133,15.272727,false,predicted CU exceeds the transaction compute budget; fri_proven soundness term 120.0 bits is below the 128.0-bit target,false,predicted CU exceeds the transaction compute budget
qualified-circle-t120-r16-g24-fri_conjectured-baseline,Circle,fri_conjectured,120.0,baseline,log_blowup,4,16,24,24,24,640,11904,4198971.109879,4139949.714589,4257992.505168,4185490.405233,13480.704646,2.999265,9.662338,false,predicted CU exceeds the transaction compute budget; fri_conjectured soundness term 120.0 bits is below the 128.0-bit target,false,predicted CU exceeds the transaction compute budget
qualified-circle-t120-r16-g24-fri_conjectured-fenzi_whir_core_0p8,Circle,fri_conjectured,120.0,fenzi_whir_core_0p8,log_blowup,4,16,24,24,24,640,11904,4198971.109879,4139949.714589,4257992.505168,4185490.405233,13480.704646,2.999265,9.662338,false,predicted CU exceeds the transaction compute budget; fri_conjectured soundness term 120.0 bits is below the 128.0-bit target,false,predicted CU exceeds the transaction compute budget
qualified-circle-t120-r16-g24-fri_conjectured-m31_mul_0p75,Circle,fri_conjectured,120.0,m31_mul_0p75,log_blowup,4,16,24,24,24,640,11904,3336612.101263,3277590.705973,3395633.496553,3323131.396617,13480.704646,2.383294,9.662338,false,predicted CU exceeds the transaction compute budget; fri_conjectured soundness term 120.0 bits is below the 128.0-bit target,false,predicted CU exceeds the transaction compute budget
qualified-circle-t120-r16-g24-fri_conjectured-fenzi_whir_core_0p8_plus_m31_mul_0p75,Circle,fri_conjectured,120.0,fenzi_whir_core_0p8_plus_m31_mul_0p75,log_blowup,4,16,24,24,24,640,11904,3336612.101263,3277590.705973,3395633.496553,3323131.396617,13480.704646,2.383294,9.662338,false,predicted CU exceeds the transaction compute budget; fri_conjectured soundness term 120.0 bits is below the 128.0-bit target,false,predicted CU exceeds the transaction compute budget
qualified-circle-t120-r16-g32-fri_proven-baseline,Circle,fri_proven,120.0,baseline,log_blowup,4,16,32,44,44,640,17664,6576667.783049,6517646.387759,6635689.178338,6557042.563639,19625.219410,4.697620,14.337662,false,predicted CU exceeds the transaction compute budget; fri_proven soundness term 120.0 bits is below the 128.0-bit target,false,predicted CU exceeds the transaction compute budget
qualified-circle-t120-r16-g32-fri_proven-fenzi_whir_core_0p8,Circle,fri_proven,120.0,fenzi_whir_core_0p8,log_blowup,4,16,32,44,44,640,17664,6576667.783049,6517646.387759,6635689.178338,6557042.563639,19625.219410,4.697620,14.337662,false,predicted CU exceeds the transaction compute budget; fri_proven soundness term 120.0 bits is below the 128.0-bit target,false,predicted CU exceeds the transaction compute budget
qualified-circle-t120-r16-g32-fri_proven-m31_mul_0p75,Circle,fri_proven,120.0,m31_mul_0p75,log_blowup,4,16,32,44,44,640,17664,5161061.703306,5102040.308017,5220083.098596,5141436.483896,19625.219410,3.686473,14.337662,false,predicted CU exceeds the transaction compute budget; fri_proven soundness term 120.0 bits is below the 128.0-bit target,false,predicted CU exceeds the transaction compute budget
qualified-circle-t120-r16-g32-fri_proven-fenzi_whir_core_0p8_plus_m31_mul_0p75,Circle,fri_proven,120.0,fenzi_whir_core_0p8_plus_m31_mul_0p75,log_blowup,4,16,32,44,44,640,17664,5161061.703306,5102040.308017,5220083.098596,5141436.483896,19625.219410,3.686473,14.337662,false,predicted CU exceeds the transaction compute budget; fri_proven soundness term 120.0 bits is below the 128.0-bit target,false,predicted CU exceeds the transaction compute budget
qualified-circle-t120-r16-g32-fri_conjectured-baseline,Circle,fri_conjectured,120.0,baseline,log_blowup,4,16,32,22,22,640,11328,3961183.934092,3902162.538803,4020205.329382,3948335.189392,12848.744700,2.829417,9.194805,false,predicted CU exceeds the transaction compute budget; fri_conjectured soundness term 120.0 bits is below the 128.0-bit target,false,predicted CU exceeds the transaction compute budget
qualified-circle-t120-r16-g32-fri_conjectured-fenzi_whir_core_0p8,Circle,fri_conjectured,120.0,fenzi_whir_core_0p8,log_blowup,4,16,32,22,22,640,11328,3961183.934092,3902162.538803,4020205.329382,3948335.189392,12848.744700,2.829417,9.194805,false,predicted CU exceeds the transaction compute budget; fri_conjectured soundness term 120.0 bits is below the 128.0-bit target,false,predicted CU exceeds the transaction compute budget
qualified-circle-t120-r16-g32-fri_conjectured-m31_mul_0p75,Circle,fri_conjectured,120.0,m31_mul_0p75,log_blowup,4,16,32,22,22,640,11328,3154149.632589,3095128.237299,3213171.027879,3141300.887889,12848.744700,2.252964,9.194805,false,predicted CU exceeds the transaction compute budget; fri_conjectured soundness term 120.0 bits is below the 128.0-bit target,false,predicted CU exceeds the transaction compute budget
qualified-circle-t120-r16-g32-fri_conjectured-fenzi_whir_core_0p8_plus_m31_mul_0p75,Circle,fri_conjectured,120.0,fenzi_whir_core_0p8_plus_m31_mul_0p75,log_blowup,4,16,32,22,22,640,11328,3154149.632589,3095128.237299,3213171.027879,3141300.887889,12848.744700,2.252964,9.194805,false,predicted CU exceeds the transaction compute budget; fri_conjectured soundness term 120.0 bits is below the 128.0-bit target,false,predicted CU exceeds the transaction compute budget
qualified-circle-t120-r32-g0-fri_proven-baseline,Circle,fri_proven,120.0,baseline,log_blowup,5,32,0,48,48,640,20440,7093658.075454,7034636.680164,7152679.470743,7071130.632374,22527.443080,5.066899,16.590909,false,predicted CU exceeds the transaction compute budget; fri_proven soundness term 120.0 bits is below the 128.0-bit target,false,predicted CU exceeds the transaction compute budget
qualified-circle-t120-r32-g0-fri_proven-fenzi_whir_core_0p8,Circle,fri_proven,120.0,fenzi_whir_core_0p8,log_blowup,5,32,0,48,48,640,20440,7093658.075454,7034636.680164,7152679.470743,7071130.632374,22527.443080,5.066899,16.590909,false,predicted CU exceeds the transaction compute budget; fri_proven soundness term 120.0 bits is below the 128.0-bit target,false,predicted CU exceeds the transaction compute budget
qualified-circle-t120-r32-g0-fri_proven-m31_mul_0p75,Circle,fri_proven,120.0,m31_mul_0p75,log_blowup,5,32,0,48,48,640,20440,5567402.581486,5508381.186197,5626423.976776,5544875.138407,22527.443080,3.976716,16.590909,false,predicted CU exceeds the transaction compute budget; fri_proven soundness term 120.0 bits is below the 128.0-bit target,false,predicted CU exceeds the transaction compute budget
qualified-circle-t120-r32-g0-fri_proven-fenzi_whir_core_0p8_plus_m31_mul_0p75,Circle,fri_proven,120.0,fenzi_whir_core_0p8_plus_m31_mul_0p75,log_blowup,5,32,0,48,48,640,20440,5567402.581486,5508381.186197,5626423.976776,5544875.138407,22527.443080,3.976716,16.590909,false,predicted CU exceeds the transaction compute budget; fri_proven soundness term 120.0 bits is below the 128.0-bit target,false,predicted CU exceeds the transaction compute budget
qualified-circle-t120-r32-g0-fri_conjectured-baseline,Circle,fri_conjectured,120.0,baseline,log_blowup,5,32,0,24,24,640,12760,4219969.021807,4160947.626517,4278990.417096,4205634.265079,14334.756727,3.014264,10.357143,false,predicted CU exceeds the transaction compute budget; fri_conjectured soundness term 120.0 bits is below the 128.0-bit target,false,predicted CU exceeds the transaction compute budget
qualified-circle-t120-r32-g0-fri_conjectured-fenzi_whir_core_0p8,Circle,fri_conjectured,120.0,fenzi_whir_core_0p8,log_blowup,5,32,0,24,24,640,12760,4219969.021807,4160947.626517,4278990.417096,4205634.265079,14334.756727,3.014264,10.357143,false,predicted CU exceeds the transaction compute budget; fri_conjectured soundness term 120.0 bits is below the 128.0-bit target,false,predicted CU exceeds the transaction compute budget
qualified-circle-t120-r32-g0-fri_conjectured-m31_mul_0p75,Circle,fri_conjectured,120.0,m31_mul_0p75,log_blowup,5,32,0,24,24,640,12760,3357610.013191,3298588.617901,3416631.408480,3343275.256463,14334.756727,2.398293,10.357143,false,predicted CU exceeds the transaction compute budget; fri_conjectured soundness term 120.0 bits is below the 128.0-bit target,false,predicted CU exceeds the transaction compute budget
qualified-circle-t120-r32-g0-fri_conjectured-fenzi_whir_core_0p8_plus_m31_mul_0p75,Circle,fri_conjectured,120.0,fenzi_whir_core_0p8_plus_m31_mul_0p75,log_blowup,5,32,0,24,24,640,12760,3357610.013191,3298588.617901,3416631.408480,3343275.256463,14334.756727,2.398293,10.357143,false,predicted CU exceeds the transaction compute budget; fri_conjectured soundness term 120.0 bits is below the 128.0-bit target,false,predicted CU exceeds the transaction compute budget
qualified-circle-t120-r32-g8-fri_proven-baseline,Circle,fri_proven,120.0,baseline,log_blowup,5,32,8,45,45,640,19488,6734788.389372,6675766.994083,6793809.784662,6713191.144249,21597.245123,4.810563,15.818182,false,predicted CU exceeds the transaction compute budget; fri_proven soundness term 120.5 bits is below the 128.0-bit target,false,predicted CU exceeds the transaction compute budget
qualified-circle-t120-r32-g8-fri_proven-fenzi_whir_core_0p8,Circle,fri_proven,120.0,fenzi_whir_core_0p8,log_blowup,5,32,8,45,45,640,19488,6734788.389372,6675766.994083,6793809.784662,6713191.144249,21597.245123,4.810563,15.818182,false,predicted CU exceeds the transaction compute budget; fri_proven soundness term 120.5 bits is below the 128.0-bit target,false,predicted CU exceeds the transaction compute budget
qualified-circle-t120-r32-g8-fri_proven-m31_mul_0p75,Circle,fri_proven,120.0,m31_mul_0p75,log_blowup,5,32,8,45,45,640,19488,5291519.956074,5232498.560784,5350541.351363,5269922.710950,21597.245123,3.779657,15.818182,false,predicted CU exceeds the transaction compute budget; fri_proven soundness term 120.5 bits is below the 128.0-bit target,false,predicted CU exceeds the transaction compute budget
qualified-circle-t120-r32-g8-fri_proven-fenzi_whir_core_0p8_plus_m31_mul_0p75,Circle,fri_proven,120.0,fenzi_whir_core_0p8_plus_m31_mul_0p75,log_blowup,5,32,8,45,45,640,19488,5291519.956074,5232498.560784,5350541.351363,5269922.710950,21597.245123,3.779657,15.818182,false,predicted CU exceeds the transaction compute budget; fri_proven soundness term 120.5 bits is below the 128.0-bit target,false,predicted CU exceeds the transaction compute budget
qualified-circle-t120-r32-g8-fri_conjectured-baseline,Circle,fri_conjectured,120.0,baseline,log_blowup,5,32,8,23,23,640,12448,4100573.423529,4041552.028240,4159594.818819,4086486.140895,14087.282634,2.928981,10.103896,false,predicted CU exceeds the transaction compute budget; fri_conjectured soundness term 123.0 bits is below the 128.0-bit target,false,predicted CU exceeds the transaction compute budget
qualified-circle-t120-r32-g8-fri_conjectured-fenzi_whir_core_0p8,Circle,fri_conjectured,120.0,fenzi_whir_core_0p8,log_blowup,5,32,8,23,23,640,12448,4100573.423529,4041552.028240,4159594.818819,4086486.140895,14087.282634,2.928981,10.103896,false,predicted CU exceeds the transaction compute budget; fri_conjectured soundness term 123.0 bits is below the 128.0-bit target,false,predicted CU exceeds the transaction compute budget
qualified-circle-t120-r32-g8-fri_conjectured-m31_mul_0p75,Circle,fri_conjectured,120.0,m31_mul_0p75,log_blowup,5,32,8,23,23,640,12448,3265876.768470,3206855.373180,3324898.163759,3251789.485836,14087.282634,2.332769,10.103896,false,predicted CU exceeds the transaction compute budget; fri_conjectured soundness term 123.0 bits is below the 128.0-bit target,false,predicted CU exceeds the transaction compute budget
qualified-circle-t120-r32-g8-fri_conjectured-fenzi_whir_core_0p8_plus_m31_mul_0p75,Circle,fri_conjectured,120.0,fenzi_whir_core_0p8_plus_m31_mul_0p75,log_blowup,5,32,8,23,23,640,12448,3265876.768470,3206855.373180,3324898.163759,3251789.485836,14087.282634,2.332769,10.103896,false,predicted CU exceeds the transaction compute budget; fri_conjectured soundness term 123.0 bits is below the 128.0-bit target,false,predicted CU exceeds the transaction compute budget
qualified-circle-t120-r32-g16-fri_proven-baseline,Circle,fri_proven,120.0,baseline,log_blowup,5,32,16,42,42,640,18528,6375489.715318,6316468.320029,6434511.110608,6355004.098337,20485.616981,4.553921,15.038961,false,predicted CU exceeds the transaction compute budget; fri_proven soundness term 121.0 bits is below the 128.0-bit target,false,predicted CU exceeds the transaction compute budget
qualified-circle-t120-r32-g16-fri_proven-fenzi_whir_core_0p8,Circle,fri_proven,120.0,fenzi_whir_core_0p8,log_blowup,5,32,16,42,42,640,18528,6375489.715318,6316468.320029,6434511.110608,6355004.098337,20485.616981,4.553921,15.038961,false,predicted CU exceeds the transaction compute budget; fri_proven soundness term 121.0 bits is below the 128.0-bit target,false,predicted CU exceeds the transaction compute budget
qualified-circle-t120-r32-g16-fri_proven-m31_mul_0p75,Circle,fri_proven,120.0,m31_mul_0p75,log_blowup,5,32,16,42,42,640,18528,5015208.342689,4956186.947399,5074229.737978,4994722.725707,20485.616981,3.582292,15.038961,false,predicted CU exceeds the transaction compute budget; fri_proven soundness term 121.0 bits is below the 128.0-bit target,false,predicted CU exceeds the transaction compute budget
qualified-circle-t120-r32-g16-fri_proven-fenzi_whir_core_0p8_plus_m31_mul_0p75,Circle,fri_proven,120.0,fenzi_whir_core_0p8_plus_m31_mul_0p75,log_blowup,5,32,16,42,42,640,18528,5015208.342689,4956186.947399,5074229.737978,4994722.725707,20485.616981,3.582292,15.038961,false,predicted CU exceeds the transaction compute budget; fri_proven soundness term 121.0 bits is below the 128.0-bit target,false,predicted CU exceeds the transaction compute budget
qualified-circle-t120-r32-g16-fri_conjectured-baseline,Circle,fri_conjectured,120.0,baseline,log_blowup,5,32,16,21,21,640,11808,3861099.335725,3802077.940436,3920120.731015,3847694.776954,13404.558771,2.757928,9.584416,false,predicted CU exceeds the transaction compute budget; fri_conjectured soundness term 121.0 bits is below the 128.0-bit target,false,predicted CU exceeds the transaction compute budget
qualified-circle-t120-r32-g16-fri_conjectured-fenzi_whir_core_0p8,Circle,fri_conjectured,120.0,fenzi_whir_core_0p8,log_blowup,5,32,16,21,21,640,11808,3861099.335725,3802077.940436,3920120.731015,3847694.776954,13404.558771,2.757928,9.584416,false,predicted CU exceeds the transaction compute budget; fri_conjectured soundness term 121.0 bits is below the 128.0-bit target,false,predicted CU exceeds the transaction compute budget
qualified-circle-t120-r32-g16-fri_conjectured-m31_mul_0p75,Circle,fri_conjectured,120.0,m31_mul_0p75,log_blowup,5,32,16,21,21,640,11808,3081727.387778,3022705.992489,3140748.783068,3068322.829007,13404.558771,2.201234,9.584416,false,predicted CU exceeds the transaction compute budget; fri_conjectured soundness term 121.0 bits is below the 128.0-bit target,false,predicted CU exceeds the transaction compute budget
qualified-circle-t120-r32-g16-fri_conjectured-fenzi_whir_core_0p8_plus_m31_mul_0p75,Circle,fri_conjectured,120.0,fenzi_whir_core_0p8_plus_m31_mul_0p75,log_blowup,5,32,16,21,21,640,11808,3081727.387778,3022705.992489,3140748.783068,3068322.829007,13404.558771,2.201234,9.584416,false,predicted CU exceeds the transaction compute budget; fri_conjectured soundness term 121.0 bits is below the 128.0-bit target,false,predicted CU exceeds the transaction compute budget
qualified-circle-t120-r32-g24-fri_proven-baseline,Circle,fri_proven,120.0,baseline,log_blowup,5,32,24,39,39,640,17568,6016366.125961,5957344.730671,6075387.521250,5996817.052425,19549.073535,4.297404,14.259740,false,predicted CU exceeds the transaction compute budget; fri_proven soundness term 121.5 bits is below the 128.0-bit target,false,predicted CU exceeds the transaction compute budget
qualified-circle-t120-r32-g24-fri_proven-fenzi_whir_core_0p8,Circle,fri_proven,120.0,fenzi_whir_core_0p8,log_blowup,5,32,24,39,39,640,17568,6016366.125961,5957344.730671,6075387.521250,5996817.052425,19549.073535,4.297404,14.259740,false,predicted CU exceeds the transaction compute budget; fri_proven soundness term 121.5 bits is below the 128.0-bit target,false,predicted CU exceeds the transaction compute budget
qualified-circle-t120-r32-g24-fri_proven-m31_mul_0p75,Circle,fri_proven,120.0,m31_mul_0p75,log_blowup,5,32,24,39,39,640,17568,4739071.814000,4680050.418710,4798093.209289,4719522.740465,19549.073535,3.385051,14.259740,false,predicted CU exceeds the transaction compute budget; fri_proven soundness term 121.5 bits is below the 128.0-bit target,false,predicted CU exceeds the transaction compute budget
qualified-circle-t120-r32-g24-fri_proven-fenzi_whir_core_0p8_plus_m31_mul_0p75,Circle,fri_proven,120.0,fenzi_whir_core_0p8_plus_m31_mul_0p75,log_blowup,5,32,24,39,39,640,17568,4739071.814000,4680050.418710,4798093.209289,4719522.740465,19549.073535,3.385051,14.259740,false,predicted CU exceeds the transaction compute budget; fri_proven soundness term 121.5 bits is below the 128.0-bit target,false,predicted CU exceeds the transaction compute budget
qualified-circle-t120-r32-g24-fri_conjectured-baseline,Circle,fri_conjectured,120.0,baseline,log_blowup,5,32,24,20,20,640,11488,3741274.749475,3682253.354186,3800296.144765,3728299.094983,12975.654492,2.672339,9.324675,false,predicted CU exceeds the transaction compute budget; fri_conjectured soundness term 124.0 bits is below the 128.0-bit target,false,predicted CU exceeds the transaction compute budget
qualified-circle-t120-r32-g24-fri_conjectured-fenzi_whir_core_0p8,Circle,fri_conjectured,120.0,fenzi_whir_core_0p8,log_blowup,5,32,24,20,20,640,11488,3741274.749475,3682253.354186,3800296.144765,3728299.094983,12975.654492,2.672339,9.324675,false,predicted CU exceeds the transaction compute budget; fri_conjectured soundness term 124.0 bits is below the 128.0-bit target,false,predicted CU exceeds the transaction compute budget
qualified-circle-t120-r32-g24-fri_conjectured-m31_mul_0p75,Circle,fri_conjectured,120.0,m31_mul_0p75,log_blowup,5,32,24,20,20,640,11488,2989565.155084,2930543.759795,3048586.550374,2976589.500593,12975.654492,2.135404,9.324675,false,predicted CU exceeds the transaction compute budget; fri_conjectured soundness term 124.0 bits is below the 128.0-bit target,false,predicted CU exceeds the transaction compute budget
qualified-circle-t120-r32-g24-fri_conjectured-fenzi_whir_core_0p8_plus_m31_mul_0p75,Circle,fri_conjectured,120.0,fenzi_whir_core_0p8_plus_m31_mul_0p75,log_blowup,5,32,24,20,20,640,11488,2989565.155084,2930543.759795,3048586.550374,2976589.500593,12975.654492,2.135404,9.324675,false,predicted CU exceeds the transaction compute budget; fri_conjectured soundness term 124.0 bits is below the 128.0-bit target,false,predicted CU exceeds the transaction compute budget
qualified-circle-t120-r32-g32-fri_proven-baseline,Circle,fri_proven,120.0,baseline,log_blowup,5,32,32,36,36,640,16608,5657067.451907,5598046.056617,5716088.847196,5638630.006513,18437.445393,4.040762,13.480519,false,predicted CU exceeds the transaction compute budget; fri_proven soundness term 122.0 bits is below the 128.0-bit target,false,predicted CU exceeds the transaction compute budget
qualified-circle-t120-r32-g32-fri_proven-fenzi_whir_core_0p8,Circle,fri_proven,120.0,fenzi_whir_core_0p8,log_blowup,5,32,32,36,36,640,16608,5657067.451907,5598046.056617,5716088.847196,5638630.006513,18437.445393,4.040762,13.480519,false,predicted CU exceeds the transaction compute budget; fri_proven soundness term 122.0 bits is below the 128.0-bit target,false,predicted CU exceeds the transaction compute budget
qualified-circle-t120-r32-g32-fri_proven-m31_mul_0p75,Circle,fri_proven,120.0,m31_mul_0p75,log_blowup,5,32,32,36,36,640,16608,4462760.200615,4403738.805325,4521781.595904,4444322.755222,18437.445393,3.187686,13.480519,false,predicted CU exceeds the transaction compute budget; fri_proven soundness term 122.0 bits is below the 128.0-bit target,false,predicted CU exceeds the transaction compute budget
qualified-circle-t120-r32-g32-fri_proven-fenzi_whir_core_0p8_plus_m31_mul_0p75,Circle,fri_proven,120.0,fenzi_whir_core_0p8_plus_m31_mul_0p75,log_blowup,5,32,32,36,36,640,16608,4462760.200615,4403738.805325,4521781.595904,4444322.755222,18437.445393,3.187686,13.480519,false,predicted CU exceeds the transaction compute budget; fri_proven soundness term 122.0 bits is below the 128.0-bit target,false,predicted CU exceeds the transaction compute budget
qualified-circle-t120-r32-g32-fri_conjectured-baseline,Circle,fri_conjectured,120.0,baseline,log_blowup,5,32,32,18,18,640,10848,3501800.661671,3442779.266382,3560822.056961,3489507.731042,12292.930629,2.501286,8.805195,false,predicted CU exceeds the transaction compute budget; fri_conjectured soundness term 122.0 bits is below the 128.0-bit target,false,predicted CU exceeds the transaction compute budget
qualified-circle-t120-r32-g32-fri_conjectured-fenzi_whir_core_0p8,Circle,fri_conjectured,120.0,fenzi_whir_core_0p8,log_blowup,5,32,32,18,18,640,10848,3501800.661671,3442779.266382,3560822.056961,3489507.731042,12292.930629,2.501286,8.805195,false,predicted CU exceeds the transaction compute budget; fri_conjectured soundness term 122.0 bits is below the 128.0-bit target,false,predicted CU exceeds the transaction compute budget
qualified-circle-t120-r32-g32-fri_conjectured-m31_mul_0p75,Circle,fri_conjectured,120.0,m31_mul_0p75,log_blowup,5,32,32,18,18,640,10848,2805415.774393,2746394.379104,2864437.169683,2793122.843764,12292.930629,2.003868,8.805195,false,predicted CU exceeds the transaction compute budget; fri_conjectured soundness term 122.0 bits is below the 128.0-bit target,false,predicted CU exceeds the transaction compute budget
qualified-circle-t120-r32-g32-fri_conjectured-fenzi_whir_core_0p8_plus_m31_mul_0p75,Circle,fri_conjectured,120.0,fenzi_whir_core_0p8_plus_m31_mul_0p75,log_blowup,5,32,32,18,18,640,10848,2805415.774393,2746394.379104,2864437.169683,2793122.843764,12292.930629,2.003868,8.805195,false,predicted CU exceeds the transaction compute budget; fri_conjectured soundness term 122.0 bits is below the 128.0-bit target,false,predicted CU exceeds the transaction compute budget
qualified-circle-t128-r2-g0-fri_proven-baseline,Circle,fri_proven,128.0,baseline,log_blowup,1,2,0,256,256,640,53848,31122999.789488,31063978.394198,31182021.184777,31064694.093019,58305.696469,22.230714,43.707792,false,predicted CU exceeds the transaction compute budget,false,predicted CU exceeds the transaction compute budget
qualified-circle-t128-r2-g0-fri_proven-fenzi_whir_core_0p8,Circle,fri_proven,128.0,fenzi_whir_core_0p8,log_blowup,1,2,0,256,256,640,53848,31122999.789488,31063978.394198,31182021.184777,31064694.093019,58305.696469,22.230714,43.707792,false,predicted CU exceeds the transaction compute budget,false,predicted CU exceeds the transaction compute budget
qualified-circle-t128-r2-g0-fri_proven-m31_mul_0p75,Circle,fri_proven,128.0,m31_mul_0p75,log_blowup,1,2,0,256,256,640,53848,23842974.755806,23783953.360516,23901996.151095,23784669.059337,58305.696469,17.030696,43.707792,false,predicted CU exceeds the transaction compute budget,false,predicted CU exceeds the transaction compute budget
qualified-circle-t128-r2-g0-fri_proven-fenzi_whir_core_0p8_plus_m31_mul_0p75,Circle,fri_proven,128.0,fenzi_whir_core_0p8_plus_m31_mul_0p75,log_blowup,1,2,0,256,256,640,53848,23842974.755806,23783953.360516,23901996.151095,23784669.059337,58305.696469,17.030696,43.707792,false,predicted CU exceeds the transaction compute budget,false,predicted CU exceeds the transaction compute budget
qualified-circle-t128-r2-g0-fri_conjectured-baseline,Circle,fri_conjectured,128.0,baseline,log_blowup,1,2,0,128,128,640,29272,16232884.763875,16173863.368586,16291906.159165,16200900.714551,31984.049324,11.594918,23.759740,false,predicted CU exceeds the transaction compute budget; fri_conjectured soundness term 128.0 bits is below the 128.0-bit target,false,predicted CU exceeds the transaction compute budget
qualified-circle-t128-r2-g0-fri_conjectured-fenzi_whir_core_0p8,Circle,fri_conjectured,128.0,fenzi_whir_core_0p8,log_blowup,1,2,0,128,128,640,29272,16232884.763875,16173863.368586,16291906.159165,16200900.714551,31984.049324,11.594918,23.759740,false,predicted CU exceeds the transaction compute budget; fri_conjectured soundness term 128.0 bits is below the 128.0-bit target,false,predicted CU exceeds the transaction compute budget
qualified-circle-t128-r2-g0-fri_conjectured-m31_mul_0p75,Circle,fri_conjectured,128.0,m31_mul_0p75,log_blowup,1,2,0,128,128,640,29272,12493640.985402,12434619.590113,12552662.380692,12461656.936078,31984.049324,8.924029,23.759740,false,predicted CU exceeds the transaction compute budget; fri_conjectured soundness term 128.0 bits is below the 128.0-bit target,false,predicted CU exceeds the transaction compute budget
qualified-circle-t128-r2-g0-fri_conjectured-fenzi_whir_core_0p8_plus_m31_mul_0p75,Circle,fri_conjectured,128.0,fenzi_whir_core_0p8_plus_m31_mul_0p75,log_blowup,1,2,0,128,128,640,29272,12493640.985402,12434619.590113,12552662.380692,12461656.936078,31984.049324,8.924029,23.759740,false,predicted CU exceeds the transaction compute budget; fri_conjectured soundness term 128.0 bits is below the 128.0-bit target,false,predicted CU exceeds the transaction compute budget
qualified-circle-t128-r2-g8-fri_proven-baseline,Circle,fri_proven,128.0,baseline,log_blowup,1,2,8,240,240,640,50784,29261967.428975,29202946.033686,29320988.824265,29206967.478497,54999.950478,20.901405,41.220779,false,predicted CU exceeds the transaction compute budget,false,predicted CU exceeds the transaction compute budget
qualified-circle-t128-r2-g8-fri_proven-fenzi_whir_core_0p8,Circle,fri_proven,128.0,fenzi_whir_core_0p8,log_blowup,1,2,8,240,240,640,50784,29261967.428975,29202946.033686,29320988.824265,29206967.478497,54999.950478,20.901405,41.220779,false,predicted CU exceeds the transaction compute budget,false,predicted CU exceeds the transaction compute budget
qualified-circle-t128-r2-g8-fri_proven-m31_mul_0p75,Circle,fri_proven,128.0,m31_mul_0p75,log_blowup,1,2,8,240,240,640,50784,22424540.052195,22365518.656905,22483561.447484,22369540.101717,54999.950478,16.017529,41.220779,false,predicted CU exceeds the transaction compute budget,false,predicted CU exceeds the transaction compute budget
qualified-circle-t128-r2-g8-fri_proven-fenzi_whir_core_0p8_plus_m31_mul_0p75,Circle,fri_proven,128.0,fenzi_whir_core_0p8_plus_m31_mul_0p75,log_blowup,1,2,8,240,240,640,50784,22424540.052195,22365518.656905,22483561.447484,22369540.101717,54999.950478,16.017529,41.220779,false,predicted CU exceeds the transaction compute budget,false,predicted CU exceeds the transaction compute budget
qualified-circle-t128-r2-g8-fri_conjectured-baseline,Circle,fri_conjectured,128.0,baseline,log_blowup,1,2,8,120,120,640,27744,15302583.077606,15243561.682316,15361604.472895,15272161.186184,30421.891422,10.930416,22.519481,false,predicted CU exceeds the transaction compute budget; fri_conjectured soundness term 128.0 bits is below the 128.0-bit target,false,predicted CU exceeds the transaction compute budget
qualified-circle-t128-r2-g8-fri_conjectured-fenzi_whir_core_0p8,Circle,fri_conjectured,128.0,fenzi_whir_core_0p8,log_blowup,1,2,8,120,120,640,27744,15302583.077606,15243561.682316,15361604.472895,15272161.186184,30421.891422,10.930416,22.519481,false,predicted CU exceeds the transaction compute budget; fri_conjectured soundness term 128.0 bits is below the 128.0-bit target,false,predicted CU exceeds the transaction compute budget
qualified-circle-t128-r2-g8-fri_conjectured-m31_mul_0p75,Circle,fri_conjectured,128.0,m31_mul_0p75,log_blowup,1,2,8,120,120,640,27744,11784638.127583,11725616.732293,11843659.522873,11754216.236162,30421.891422,8.417599,22.519481,false,predicted CU exceeds the transaction compute budget; fri_conjectured soundness term 128.0 bits is below the 128.0-bit target,false,predicted CU exceeds the transaction compute budget
qualified-circle-t128-r2-g8-fri_conjectured-fenzi_whir_core_0p8_plus_m31_mul_0p75,Circle,fri_conjectured,128.0,fenzi_whir_core_0p8_plus_m31_mul_0p75,log_blowup,1,2,8,120,120,640,27744,11784638.127583,11725616.732293,11843659.522873,11754216.236162,30421.891422,8.417599,22.519481,false,predicted CU exceeds the transaction compute budget; fri_conjectured soundness term 128.0 bits is below the 128.0-bit target,false,predicted CU exceeds the transaction compute budget
qualified-circle-t128-r2-g16-fri_proven-baseline,Circle,fri_proven,128.0,baseline,log_blowup,1,2,16,224,224,640,47712,27400681.165187,27341659.769897,27459702.560476,27348993.306189,51687.858998,19.571915,38.727273,false,predicted CU exceeds the transaction compute budget,false,predicted CU exceeds the transaction compute budget
qualified-circle-t128-r2-g16-fri_proven-fenzi_whir_core_0p8,Circle,fri_proven,128.0,fenzi_whir_core_0p8,log_blowup,1,2,16,224,224,640,47712,27400681.165187,27341659.769897,27459702.560476,27348993.306189,51687.858998,19.571915,38.727273,false,predicted CU exceeds the transaction compute budget,false,predicted CU exceeds the transaction compute budget
qualified-circle-t128-r2-g16-fri_proven-m31_mul_0p75,Circle,fri_proven,128.0,m31_mul_0p75,log_blowup,1,2,16,224,224,640,47712,21005851.445307,20946830.050018,21064872.840597,20954163.586309,51687.858998,15.004180,38.727273,false,predicted CU exceeds the transaction compute budget,false,predicted CU exceeds the transaction compute budget
qualified-circle-t128-r2-g16-fri_proven-fenzi_whir_core_0p8_plus_m31_mul_0p75,Circle,fri_proven,128.0,fenzi_whir_core_0p8_plus_m31_mul_0p75,log_blowup,1,2,16,224,224,640,47712,21005851.445307,20946830.050018,21064872.840597,20954163.586309,51687.858998,15.004180,38.727273,false,predicted CU exceeds the transaction compute budget,false,predicted CU exceeds the transaction compute budget
qualified-circle-t128-r2-g16-fri_conjectured-baseline,Circle,fri_conjectured,128.0,baseline,log_blowup,1,2,16,112,112,640,26208,14371852.403363,14312831.008074,14430873.798653,14343174.100030,28678.303333,10.265609,21.272727,false,predicted CU exceeds the transaction compute budget; fri_conjectured soundness term 128.0 bits is below the 128.0-bit target,false,predicted CU exceeds the transaction compute budget
qualified-circle-t128-r2-g16-fri_conjectured-fenzi_whir_core_0p8,Circle,fri_conjectured,128.0,fenzi_whir_core_0p8,log_blowup,1,2,16,112,112,640,26208,14371852.403363,14312831.008074,14430873.798653,14343174.100030,28678.303333,10.265609,21.272727,false,predicted CU exceeds the transaction compute budget; fri_conjectured soundness term 128.0 bits is below the 128.0-bit target,false,predicted CU exceeds the transaction compute budget
qualified-circle-t128-r2-g16-fri_conjectured-m31_mul_0p75,Circle,fri_conjectured,128.0,m31_mul_0p75,log_blowup,1,2,16,112,112,640,26208,11075206.281791,11016184.886502,11134227.677081,11046527.978458,28678.303333,7.910862,21.272727,false,predicted CU exceeds the transaction compute budget; fri_conjectured soundness term 128.0 bits is below the 128.0-bit target,false,predicted CU exceeds the transaction compute budget
qualified-circle-t128-r2-g16-fri_conjectured-fenzi_whir_core_0p8_plus_m31_mul_0p75,Circle,fri_conjectured,128.0,fenzi_whir_core_0p8_plus_m31_mul_0p75,log_blowup,1,2,16,112,112,640,26208,11075206.281791,11016184.886502,11134227.677081,11046527.978458,28678.303333,7.910862,21.272727,false,predicted CU exceeds the transaction compute budget; fri_conjectured soundness term 128.0 bits is below the 128.0-bit target,false,predicted CU exceeds the transaction compute budget
qualified-circle-t128-r2-g24-fri_proven-baseline,Circle,fri_proven,128.0,baseline,log_blowup,1,2,24,208,208,640,44640,25539394.901398,25480373.506109,25598416.296688,25491019.133880,48375.767518,18.242425,36.233766,false,predicted CU exceeds the transaction compute budget,false,predicted CU exceeds the transaction compute budget
qualified-circle-t128-r2-g24-fri_proven-fenzi_whir_core_0p8,Circle,fri_proven,128.0,fenzi_whir_core_0p8,log_blowup,1,2,24,208,208,640,44640,25539394.901398,25480373.506109,25598416.296688,25491019.133880,48375.767518,18.242425,36.233766,false,predicted CU exceeds the transaction compute budget,false,predicted CU exceeds the transaction compute budget
qualified-circle-t128-r2-g24-fri_proven-m31_mul_0p75,Circle,fri_proven,128.0,m31_mul_0p75,log_blowup,1,2,24,208,208,640,44640,19587162.838420,19528141.443130,19646184.233709,19538787.070902,48375.767518,13.990831,36.233766,false,predicted CU exceeds the transaction compute budget,false,predicted CU exceeds the transaction compute budget
qualified-circle-t128-r2-g24-fri_proven-fenzi_whir_core_0p8_plus_m31_mul_0p75,Circle,fri_proven,128.0,fenzi_whir_core_0p8_plus_m31_mul_0p75,log_blowup,1,2,24,208,208,640,44640,19587162.838420,19528141.443130,19646184.233709,19538787.070902,48375.767518,13.990831,36.233766,false,predicted CU exceeds the transaction compute budget,false,predicted CU exceeds the transaction compute budget
qualified-circle-t128-r2-g24-fri_conjectured-baseline,Circle,fri_conjectured,128.0,baseline,log_blowup,1,2,24,104,104,640,24672,13441296.813817,13382275.418527,13500318.209107,13414187.013876,27109.799941,9.600926,20.025974,false,predicted CU exceeds the transaction compute budget; fri_conjectured soundness term 128.0 bits is below the 128.0-bit target,false,predicted CU exceeds the transaction compute budget
qualified-circle-t128-r2-g24-fri_conjectured-fenzi_whir_core_0p8,Circle,fri_conjectured,128.0,fenzi_whir_core_0p8,log_blowup,1,2,24,104,104,640,24672,13441296.813817,13382275.418527,13500318.209107,13414187.013876,27109.799941,9.600926,20.025974,false,predicted CU exceeds the transaction compute budget; fri_conjectured soundness term 128.0 bits is below the 128.0-bit target,false,predicted CU exceeds the transaction compute budget
qualified-circle-t128-r2-g24-fri_conjectured-m31_mul_0p75,Circle,fri_conjectured,128.0,m31_mul_0p75,log_blowup,1,2,24,104,104,640,24672,10365949.520696,10306928.125406,10424970.915985,10338839.720754,27109.799941,7.404250,20.025974,false,predicted CU exceeds the transaction compute budget; fri_conjectured soundness term 128.0 bits is below the 128.0-bit target,false,predicted CU exceeds the transaction compute budget
qualified-circle-t128-r2-g24-fri_conjectured-fenzi_whir_core_0p8_plus_m31_mul_0p75,Circle,fri_conjectured,128.0,fenzi_whir_core_0p8_plus_m31_mul_0p75,log_blowup,1,2,24,104,104,640,24672,10365949.520696,10306928.125406,10424970.915985,10338839.720754,27109.799941,7.404250,20.025974,false,predicted CU exceeds the transaction compute budget; fri_conjectured soundness term 128.0 bits is below the 128.0-bit target,false,predicted CU exceeds the transaction compute budget
qualified-circle-t128-r2-g32-fri_proven-baseline,Circle,fri_proven,128.0,baseline,log_blowup,1,2,32,192,192,640,41568,23678108.637610,23619087.242320,23737130.032899,23633044.961572,45063.676038,16.912935,33.740260,false,predicted CU exceeds the transaction compute budget,false,predicted CU exceeds the transaction compute budget
qualified-circle-t128-r2-g32-fri_proven-fenzi_whir_core_0p8,Circle,fri_proven,128.0,fenzi_whir_core_0p8,log_blowup,1,2,32,192,192,640,41568,23678108.637610,23619087.242320,23737130.032899,23633044.961572,45063.676038,16.912935,33.740260,false,predicted CU exceeds the transaction compute budget,false,predicted CU exceeds the transaction compute budget
qualified-circle-t128-r2-g32-fri_proven-m31_mul_0p75,Circle,fri_proven,128.0,m31_mul_0p75,log_blowup,1,2,32,192,192,640,41568,18168474.231532,18109452.836243,18227495.626822,18123410.555495,45063.676038,12.977482,33.740260,false,predicted CU exceeds the transaction compute budget,false,predicted CU exceeds the transaction compute budget
qualified-circle-t128-r2-g32-fri_proven-fenzi_whir_core_0p8_plus_m31_mul_0p75,Circle,fri_proven,128.0,fenzi_whir_core_0p8_plus_m31_mul_0p75,log_blowup,1,2,32,192,192,640,41568,18168474.231532,18109452.836243,18227495.626822,18123410.555495,45063.676038,12.977482,33.740260,false,predicted CU exceeds the transaction compute budget,false,predicted CU exceeds the transaction compute budget
qualified-circle-t128-r2-g32-fri_conjectured-baseline,Circle,fri_conjectured,128.0,baseline,log_blowup,1,2,32,96,96,640,23136,12510741.224271,12451719.828981,12569762.619560,12485199.927721,25541.296549,8.936244,18.779221,false,predicted CU exceeds the transaction compute budget; fri_conjectured soundness term 128.0 bits is below the 128.0-bit target,false,predicted CU exceeds the transaction compute budget
qualified-circle-t128-r2-g32-fri_conjectured-fenzi_whir_core_0p8,Circle,fri_conjectured,128.0,fenzi_whir_core_0p8,log_blowup,1,2,32,96,96,640,23136,12510741.224271,12451719.828981,12569762.619560,12485199.927721,25541.296549,8.936244,18.779221,false,predicted CU exceeds the transaction compute budget; fri_conjectured soundness term 128.0 bits is below the 128.0-bit target,false,predicted CU exceeds the transaction compute budget
qualified-circle-t128-r2-g32-fri_conjectured-m31_mul_0p75,Circle,fri_conjectured,128.0,m31_mul_0p75,log_blowup,1,2,32,96,96,640,23136,9656692.759600,9597671.364310,9715714.154890,9631151.463051,25541.296549,6.897638,18.779221,false,predicted CU exceeds the transaction compute budget; fri_conjectured soundness term 128.0 bits is below the 128.0-bit target,false,predicted CU exceeds the transaction compute budget
qualified-circle-t128-r2-g32-fri_conjectured-fenzi_whir_core_0p8_plus_m31_mul_0p75,Circle,fri_conjectured,128.0,fenzi_whir_core_0p8_plus_m31_mul_0p75,log_blowup,1,2,32,96,96,640,23136,9656692.759600,9597671.364310,9715714.154890,9631151.463051,25541.296549,6.897638,18.779221,false,predicted CU exceeds the transaction compute budget; fri_conjectured soundness term 128.0 bits is below the 128.0-bit target,false,predicted CU exceeds the transaction compute budget
qualified-circle-t128-r4-g0-fri_proven-baseline,Circle,fri_proven,128.0,baseline,log_blowup,2,4,0,128,128,640,33464,16342906.512157,16283885.116868,16401927.907447,16306371.833420,36534.678738,11.673505,27.162338,false,predicted CU exceeds the transaction compute budget,false,predicted CU exceeds the transaction compute budget
qualified-circle-t128-r4-g0-fri_proven-fenzi_whir_core_0p8,Circle,fri_proven,128.0,fenzi_whir_core_0p8,log_blowup,2,4,0,128,128,640,33464,16342906.512157,16283885.116868,16401927.907447,16306371.833420,36534.678738,11.673505,27.162338,false,predicted CU exceeds the transaction compute budget,false,predicted CU exceeds the transaction compute budget
qualified-circle-t128-r4-g0-fri_proven-m31_mul_0p75,Circle,fri_proven,128.0,m31_mul_0p75,log_blowup,2,4,0,128,128,640,33464,12603662.733684,12544641.338395,12662684.128974,12567128.054947,36534.678738,9.002616,27.162338,false,predicted CU exceeds the transaction compute budget,false,predicted CU exceeds the transaction compute budget
qualified-circle-t128-r4-g0-fri_proven-fenzi_whir_core_0p8_plus_m31_mul_0p75,Circle,fri_proven,128.0,fenzi_whir_core_0p8_plus_m31_mul_0p75,log_blowup,2,4,0,128,128,640,33464,12603662.733684,12544641.338395,12662684.128974,12567128.054947,36534.678738,9.002616,27.162338,false,predicted CU exceeds the transaction compute budget,false,predicted CU exceeds the transaction compute budget
qualified-circle-t128-r4-g0-fri_conjectured-baseline,Circle,fri_conjectured,128.0,baseline,log_blowup,2,4,0,64,64,640,19128,8843255.018360,8784233.623071,8902276.413650,8822118.404964,21136.613396,6.316611,15.525974,false,predicted CU exceeds the transaction compute budget; fri_conjectured soundness term 128.0 bits is below the 128.0-bit target,false,predicted CU exceeds the transaction compute budget
qualified-circle-t128-r4-g0-fri_conjectured-fenzi_whir_core_0p8,Circle,fri_conjectured,128.0,fenzi_whir_core_0p8,log_blowup,2,4,0,64,64,640,19128,8843255.018360,8784233.623071,8902276.413650,8822118.404964,21136.613396,6.316611,15.525974,false,predicted CU exceeds the transaction compute budget; fri_conjectured soundness term 128.0 bits is below the 128.0-bit target,false,predicted CU exceeds the transaction compute budget
qualified-circle-t128-r4-g0-fri_conjectured-m31_mul_0p75,Circle,fri_conjectured,128.0,m31_mul_0p75,log_blowup,2,4,0,64,64,640,19128,6874401.867492,6815380.472202,6933423.262781,6853265.254096,21136.613396,4.910287,15.525974,false,predicted CU exceeds the transaction compute budget; fri_conjectured soundness term 128.0 bits is below the 128.0-bit target,false,predicted CU exceeds the transaction compute budget
qualified-circle-t128-r4-g0-fri_conjectured-fenzi_whir_core_0p8_plus_m31_mul_0p75,Circle,fri_conjectured,128.0,fenzi_whir_core_0p8_plus_m31_mul_0p75,log_blowup,2,4,0,64,64,640,19128,6874401.867492,6815380.472202,6933423.262781,6853265.254096,21136.613396,4.910287,15.525974,false,predicted CU exceeds the transaction compute budget; fri_conjectured soundness term 128.0 bits is below the 128.0-bit target,false,predicted CU exceeds the transaction compute budget
qualified-circle-t128-r4-g8-fri_proven-baseline,Circle,fri_proven,128.0,baseline,log_blowup,2,4,8,120,120,640,31680,15405682.093122,15346660.697832,15464703.488412,15371087.712649,34594.380473,11.004059,25.714286,false,predicted CU exceeds the transaction compute budget,false,predicted CU exceeds the transaction compute budget
qualified-circle-t128-r4-g8-fri_proven-fenzi_whir_core_0p8,Circle,fri_proven,128.0,fenzi_whir_core_0p8,log_blowup,2,4,8,120,120,640,31680,15405682.093122,15346660.697832,15464703.488412,15371087.712649,34594.380473,11.004059,25.714286,false,predicted CU exceeds the transaction compute budget,false,predicted CU exceeds the transaction compute budget
qualified-circle-t128-r4-g8-fri_proven-m31_mul_0p75,Circle,fri_proven,128.0,m31_mul_0p75,log_blowup,2,4,8,120,120,640,31680,11887737.143100,11828715.747810,11946758.538389,11853142.762627,34594.380473,8.491241,25.714286,false,predicted CU exceeds the transaction compute budget,false,predicted CU exceeds the transaction compute budget
qualified-circle-t128-r4-g8-fri_proven-fenzi_whir_core_0p8_plus_m31_mul_0p75,Circle,fri_proven,128.0,fenzi_whir_core_0p8_plus_m31_mul_0p75,log_blowup,2,4,8,120,120,640,31680,11887737.143100,11828715.747810,11946758.538389,11853142.762627,34594.380473,8.491241,25.714286,false,predicted CU exceeds the transaction compute budget,false,predicted CU exceeds the transaction compute budget
qualified-circle-t128-r4-g8-fri_conjectured-baseline,Circle,fri_conjectured,128.0,baseline,log_blowup,2,4,8,60,60,640,18240,8374857.302829,8315835.907539,8433878.698118,8354600.123473,20257.179356,5.982041,14.805195,false,predicted CU exceeds the transaction compute budget; fri_conjectured soundness term 128.0 bits is below the 128.0-bit target,false,predicted CU exceeds the transaction compute budget
qualified-circle-t128-r4-g8-fri_conjectured-fenzi_whir_core_0p8,Circle,fri_conjectured,128.0,fenzi_whir_core_0p8,log_blowup,2,4,8,60,60,640,18240,8374857.302829,8315835.907539,8433878.698118,8354600.123473,20257.179356,5.982041,14.805195,false,predicted CU exceeds the transaction compute budget; fri_conjectured soundness term 128.0 bits is below the 128.0-bit target,false,predicted CU exceeds the transaction compute budget
qualified-circle-t128-r4-g8-fri_conjectured-m31_mul_0p75,Circle,fri_conjectured,128.0,m31_mul_0p75,log_blowup,2,4,8,60,60,640,18240,6516653.566185,6457632.170896,6575674.961475,6496396.386829,20257.179356,4.654753,14.805195,false,predicted CU exceeds the transaction compute budget; fri_conjectured soundness term 128.0 bits is below the 128.0-bit target,false,predicted CU exceeds the transaction compute budget
qualified-circle-t128-r4-g8-fri_conjectured-fenzi_whir_core_0p8_plus_m31_mul_0p75,Circle,fri_conjectured,128.0,fenzi_whir_core_0p8_plus_m31_mul_0p75,log_blowup,2,4,8,60,60,640,18240,6516653.566185,6457632.170896,6575674.961475,6496396.386829,20257.179356,4.654753,14.805195,false,predicted CU exceeds the transaction compute budget; fri_conjectured soundness term 128.0 bits is below the 128.0-bit target,false,predicted CU exceeds the transaction compute budget
qualified-circle-t128-r4-g16-fri_proven-baseline,Circle,fri_proven,128.0,baseline,log_blowup,2,4,16,112,112,640,29888,14468203.770810,14409182.375521,14527225.166100,14435556.034093,32647.736718,10.334431,24.259740,false,predicted CU exceeds the transaction compute budget,false,predicted CU exceeds the transaction compute budget
qualified-circle-t128-r4-g16-fri_proven-fenzi_whir_core_0p8,Circle,fri_proven,128.0,fenzi_whir_core_0p8,log_blowup,2,4,16,112,112,640,29888,14468203.770810,14409182.375521,14527225.166100,14435556.034093,32647.736718,10.334431,24.259740,false,predicted CU exceeds the transaction compute budget,false,predicted CU exceeds the transaction compute budget
qualified-circle-t128-r4-g16-fri_proven-m31_mul_0p75,Circle,fri_proven,128.0,m31_mul_0p75,log_blowup,2,4,16,112,112,640,29888,11171557.649238,11112536.253949,11230579.044528,11138909.912521,32647.736718,7.979684,24.259740,false,predicted CU exceeds the transaction compute budget,false,predicted CU exceeds the transaction compute budget
qualified-circle-t128-r4-g16-fri_proven-fenzi_whir_core_0p8_plus_m31_mul_0p75,Circle,fri_proven,128.0,fenzi_whir_core_0p8_plus_m31_mul_0p75,log_blowup,2,4,16,112,112,640,29888,11171557.649238,11112536.253949,11230579.044528,11138909.912521,32647.736718,7.979684,24.259740,false,predicted CU exceeds the transaction compute budget,false,predicted CU exceeds the transaction compute budget
qualified-circle-t128-r4-g16-fri_conjectured-baseline,Circle,fri_conjectured,128.0,baseline,log_blowup,2,4,16,56,56,640,17344,7906205.684021,7847184.288732,7965227.079311,7886834.284194,19371.399827,5.647290,14.077922,false,predicted CU exceeds the transaction compute budget; fri_conjectured soundness term 128.0 bits is below the 128.0-bit target,false,predicted CU exceeds the transaction compute budget
qualified-circle-t128-r4-g16-fri_conjectured-fenzi_whir_core_0p8,Circle,fri_conjectured,128.0,fenzi_whir_core_0p8,log_blowup,2,4,16,56,56,640,17344,7906205.684021,7847184.288732,7965227.079311,7886834.284194,19371.399827,5.647290,14.077922,false,predicted CU exceeds the transaction compute budget; fri_conjectured soundness term 128.0 bits is below the 128.0-bit target,false,predicted CU exceeds the transaction compute budget
qualified-circle-t128-r4-g16-fri_conjectured-m31_mul_0p75,Circle,fri_conjectured,128.0,m31_mul_0p75,log_blowup,2,4,16,56,56,640,17344,6158651.361603,6099629.966314,6217672.756893,6139279.961776,19371.399827,4.399037,14.077922,false,predicted CU exceeds the transaction compute budget; fri_conjectured soundness term 128.0 bits is below the 128.0-bit target,false,predicted CU exceeds the transaction compute budget
qualified-circle-t128-r4-g16-fri_conjectured-fenzi_whir_core_0p8_plus_m31_mul_0p75,Circle,fri_conjectured,128.0,fenzi_whir_core_0p8_plus_m31_mul_0p75,log_blowup,2,4,16,56,56,640,17344,6158651.361603,6099629.966314,6217672.756893,6139279.961776,19371.399827,4.399037,14.077922,false,predicted CU exceeds the transaction compute budget; fri_conjectured soundness term 128.0 bits is below the 128.0-bit target,false,predicted CU exceeds the transaction compute budget
qualified-circle-t128-r4-g24-fri_proven-baseline,Circle,fri_proven,128.0,baseline,log_blowup,2,4,24,104,104,640,28096,13530725.448499,13471704.053209,13589746.843788,13500024.355536,30701.092963,9.664804,22.805195,false,predicted CU exceeds the transaction compute budget,false,predicted CU exceeds the transaction compute budget
qualified-circle-t128-r4-g24-fri_proven-fenzi_whir_core_0p8,Circle,fri_proven,128.0,fenzi_whir_core_0p8,log_blowup,2,4,24,104,104,640,28096,13530725.448499,13471704.053209,13589746.843788,13500024.355536,30701.092963,9.664804,22.805195,false,predicted CU exceeds the transaction compute budget,false,predicted CU exceeds the transaction compute budget
qualified-circle-t128-r4-g24-fri_proven-m31_mul_0p75,Circle,fri_proven,128.0,m31_mul_0p75,log_blowup,2,4,24,104,104,640,28096,10455378.155377,10396356.760088,10514399.550667,10424677.062414,30701.092963,7.468127,22.805195,false,predicted CU exceeds the transaction compute budget,false,predicted CU exceeds the transaction compute budget
qualified-circle-t128-r4-g24-fri_proven-fenzi_whir_core_0p8_plus_m31_mul_0p75,Circle,fri_proven,128.0,fenzi_whir_core_0p8_plus_m31_mul_0p75,log_blowup,2,4,24,104,104,640,28096,10455378.155377,10396356.760088,10514399.550667,10424677.062414,30701.092963,7.468127,22.805195,false,predicted CU exceeds the transaction compute budget,false,predicted CU exceeds the transaction compute budget
qualified-circle-t128-r4-g24-fri_conjectured-baseline,Circle,fri_conjectured,128.0,baseline,log_blowup,2,4,24,52,52,640,16448,7437378.980517,7378357.585228,7496400.375807,7419068.444916,18310.535601,5.312414,13.350649,false,predicted CU exceeds the transaction compute budget; fri_conjectured soundness term 128.0 bits is below the 128.0-bit target,false,predicted CU exceeds the transaction compute budget
qualified-circle-t128-r4-g24-fri_conjectured-fenzi_whir_core_0p8,Circle,fri_conjectured,128.0,fenzi_whir_core_0p8,log_blowup,2,4,24,52,52,640,16448,7437378.980517,7378357.585228,7496400.375807,7419068.444916,18310.535601,5.312414,13.350649,false,predicted CU exceeds the transaction compute budget; fri_conjectured soundness term 128.0 bits is below the 128.0-bit target,false,predicted CU exceeds the transaction compute budget
qualified-circle-t128-r4-g24-fri_conjectured-m31_mul_0p75,Circle,fri_conjectured,128.0,m31_mul_0p75,log_blowup,2,4,24,52,52,640,16448,5800474.072324,5741452.677035,5859495.467614,5782163.536723,18310.535601,4.143196,13.350649,false,predicted CU exceeds the transaction compute budget; fri_conjectured soundness term 128.0 bits is below the 128.0-bit target,false,predicted CU exceeds the transaction compute budget
qualified-circle-t128-r4-g24-fri_conjectured-fenzi_whir_core_0p8_plus_m31_mul_0p75,Circle,fri_conjectured,128.0,fenzi_whir_core_0p8_plus_m31_mul_0p75,log_blowup,2,4,24,52,52,640,16448,5800474.072324,5741452.677035,5859495.467614,5782163.536723,18310.535601,4.143196,13.350649,false,predicted CU exceeds the transaction compute budget; fri_conjectured soundness term 128.0 bits is below the 128.0-bit target,false,predicted CU exceeds the transaction compute budget
qualified-circle-t128-r4-g32-fri_proven-baseline,Circle,fri_proven,128.0,baseline,log_blowup,2,4,32,96,96,640,26304,12593422.210883,12534400.815594,12652443.606173,12564492.676979,28929.533905,8.995302,21.350649,false,predicted CU exceeds the transaction compute budget,false,predicted CU exceeds the transaction compute budget
qualified-circle-t128-r4-g32-fri_proven-fenzi_whir_core_0p8,Circle,fri_proven,128.0,fenzi_whir_core_0p8,log_blowup,2,4,32,96,96,640,26304,12593422.210883,12534400.815594,12652443.606173,12564492.676979,28929.533905,8.995302,21.350649,false,predicted CU exceeds the transaction compute budget,false,predicted CU exceeds the transaction compute budget
qualified-circle-t128-r4-g32-fri_proven-m31_mul_0p75,Circle,fri_proven,128.0,m31_mul_0p75,log_blowup,2,4,32,96,96,640,26304,9739373.746212,9680352.350923,9798395.141502,9710444.212308,28929.533905,6.956696,21.350649,false,predicted CU exceeds the transaction compute budget,false,predicted CU exceeds the transaction compute budget
qualified-circle-t128-r4-g32-fri_proven-fenzi_whir_core_0p8_plus_m31_mul_0p75,Circle,fri_proven,128.0,fenzi_whir_core_0p8_plus_m31_mul_0p75,log_blowup,2,4,32,96,96,640,26304,9739373.746212,9680352.350923,9798395.141502,9710444.212308,28929.533905,6.956696,21.350649,false,predicted CU exceeds the transaction compute budget,false,predicted CU exceeds the transaction compute budget
qualified-circle-t128-r4-g32-fri_conjectured-baseline,Circle,fri_conjectured,128.0,baseline,log_blowup,2,4,32,48,48,640,15552,6968727.361710,6909705.966420,7027748.756999,6951302.605637,17424.756072,4.977662,12.623377,false,predicted CU exceeds the transaction compute budget; fri_conjectured soundness term 128.0 bits is below the 128.0-bit target,false,predicted CU exceeds the transaction compute budget
qualified-circle-t128-r4-g32-fri_conjectured-fenzi_whir_core_0p8,Circle,fri_conjectured,128.0,fenzi_whir_core_0p8,log_blowup,2,4,32,48,48,640,15552,6968727.361710,6909705.966420,7027748.756999,6951302.605637,17424.756072,4.977662,12.623377,false,predicted CU exceeds the transaction compute budget; fri_conjectured soundness term 128.0 bits is below the 128.0-bit target,false,predicted CU exceeds the transaction compute budget
qualified-circle-t128-r4-g32-fri_conjectured-m31_mul_0p75,Circle,fri_conjectured,128.0,m31_mul_0p75,log_blowup,2,4,32,48,48,640,15552,5442471.867742,5383450.472452,5501493.263032,5425047.111670,17424.756072,3.887480,12.623377,false,predicted CU exceeds the transaction compute budget; fri_conjectured soundness term 128.0 bits is below the 128.0-bit target,false,predicted CU exceeds the transaction compute budget
qualified-circle-t128-r4-g32-fri_conjectured-fenzi_whir_core_0p8_plus_m31_mul_0p75,Circle,fri_conjectured,128.0,fenzi_whir_core_0p8_plus_m31_mul_0p75,log_blowup,2,4,32,48,48,640,15552,5442471.867742,5383450.472452,5501493.263032,5425047.111670,17424.756072,3.887480,12.623377,false,predicted CU exceeds the transaction compute budget; fri_conjectured soundness term 128.0 bits is below the 128.0-bit target,false,predicted CU exceeds the transaction compute budget
qualified-circle-t128-r8-g0-fri_proven-baseline,Circle,fri_proven,128.0,baseline,log_blowup,3,8,0,86,86,640,26904,11495523.060069,11436501.664780,11554544.455359,11465942.529750,29580.530319,8.211088,21.837662,false,predicted CU exceeds the transaction compute budget,false,predicted CU exceeds the transaction compute budget
qualified-circle-t128-r8-g0-fri_proven-fenzi_whir_core_0p8,Circle,fri_proven,128.0,fenzi_whir_core_0p8,log_blowup,3,8,0,86,86,640,26904,11495523.060069,11436501.664780,11554544.455359,11465942.529750,29580.530319,8.211088,21.837662,false,predicted CU exceeds the transaction compute budget,false,predicted CU exceeds the transaction compute budget
qualified-circle-t128-r8-g0-fri_proven-m31_mul_0p75,Circle,fri_proven,128.0,m31_mul_0p75,log_blowup,3,8,0,86,86,640,26904,8918098.130962,8859076.735672,8977119.526251,8888517.600642,29580.530319,6.370070,21.837662,false,predicted CU exceeds the transaction compute budget,false,predicted CU exceeds the transaction compute budget
qualified-circle-t128-r8-g0-fri_proven-fenzi_whir_core_0p8_plus_m31_mul_0p75,Circle,fri_proven,128.0,fenzi_whir_core_0p8_plus_m31_mul_0p75,log_blowup,3,8,0,86,86,640,26904,8918098.130962,8859076.735672,8977119.526251,8888517.600642,29580.530319,6.370070,21.837662,false,predicted CU exceeds the transaction compute budget,false,predicted CU exceeds the transaction compute budget
qualified-circle-t128-r8-g0-fri_conjectured-baseline,Circle,fri_conjectured,128.0,baseline,log_blowup,3,8,0,43,43,640,15896,6419980.185466,6360958.790177,6479001.580756,6402282.573342,17697.612124,4.585700,12.902597,false,predicted CU exceeds the transaction compute budget; fri_conjectured soundness term 129.0 bits is below the 128.0-bit target,false,predicted CU exceeds the transaction compute budget
qualified-circle-t128-r8-g0-fri_conjectured-fenzi_whir_core_0p8,Circle,fri_conjectured,128.0,fenzi_whir_core_0p8,log_blowup,3,8,0,43,43,640,15896,6419980.185466,6360958.790177,6479001.580756,6402282.573342,17697.612124,4.585700,12.902597,false,predicted CU exceeds the transaction compute budget; fri_conjectured soundness term 129.0 bits is below the 128.0-bit target,false,predicted CU exceeds the transaction compute budget
qualified-circle-t128-r8-g0-fri_conjectured-m31_mul_0p75,Circle,fri_conjectured,128.0,m31_mul_0p75,log_blowup,3,8,0,43,43,640,15896,5032036.459280,4973015.063991,5091057.854570,5014338.847156,17697.612124,3.594312,12.902597,false,predicted CU exceeds the transaction compute budget; fri_conjectured soundness term 129.0 bits is below the 128.0-bit target,false,predicted CU exceeds the transaction compute budget
qualified-circle-t128-r8-g0-fri_conjectured-fenzi_whir_core_0p8_plus_m31_mul_0p75,Circle,fri_conjectured,128.0,fenzi_whir_core_0p8_plus_m31_mul_0p75,log_blowup,3,8,0,43,43,640,15896,5032036.459280,4973015.063991,5091057.854570,5014338.847156,17697.612124,3.594312,12.902597,false,predicted CU exceeds the transaction compute budget; fri_conjectured soundness term 129.0 bits is below the 128.0-bit target,false,predicted CU exceeds the transaction compute budget
qualified-circle-t128-r8-g8-fri_proven-baseline,Circle,fri_proven,128.0,baseline,log_blowup,3,8,8,80,80,640,25376,10787476.172038,10728454.776748,10846497.567327,10759632.884317,27843.287721,7.705340,20.597403,false,predicted CU exceeds the transaction compute budget,false,predicted CU exceeds the transaction compute budget
qualified-circle-t128-r8-g8-fri_proven-fenzi_whir_core_0p8,Circle,fri_proven,128.0,fenzi_whir_core_0p8,log_blowup,3,8,8,80,80,640,25376,10787476.172038,10728454.776748,10846497.567327,10759632.884317,27843.287721,7.705340,20.597403,false,predicted CU exceeds the transaction compute budget,false,predicted CU exceeds the transaction compute budget
qualified-circle-t128-r8-g8-fri_proven-m31_mul_0p75,Circle,fri_proven,128.0,m31_mul_0p75,log_blowup,3,8,8,80,80,640,25376,8376025.364268,8317003.968978,8435046.759557,8348182.076547,27843.287721,5.982875,20.597403,false,predicted CU exceeds the transaction compute budget,false,predicted CU exceeds the transaction compute budget
qualified-circle-t128-r8-g8-fri_proven-fenzi_whir_core_0p8_plus_m31_mul_0p75,Circle,fri_proven,128.0,fenzi_whir_core_0p8_plus_m31_mul_0p75,log_blowup,3,8,8,80,80,640,25376,8376025.364268,8317003.968978,8435046.759557,8348182.076547,27843.287721,5.982875,20.597403,false,predicted CU exceeds the transaction compute budget,false,predicted CU exceeds the transaction compute budget
qualified-circle-t128-r8-g8-fri_conjectured-baseline,Circle,fri_conjectured,128.0,baseline,log_blowup,3,8,8,40,40,640,15136,6066171.235437,6007149.840147,6125192.630726,6049251.529519,16919.705918,4.332979,12.285714,false,predicted CU exceeds the transaction compute budget; fri_conjectured soundness term 128.0 bits is below the 128.0-bit target,false,predicted CU exceeds the transaction compute budget
qualified-circle-t128-r8-g8-fri_conjectured-fenzi_whir_core_0p8,Circle,fri_conjectured,128.0,fenzi_whir_core_0p8,log_blowup,3,8,8,40,40,640,15136,6066171.235437,6007149.840147,6125192.630726,6049251.529519,16919.705918,4.332979,12.285714,false,predicted CU exceeds the transaction compute budget; fri_conjectured soundness term 128.0 bits is below the 128.0-bit target,false,predicted CU exceeds the transaction compute budget
qualified-circle-t128-r8-g8-fri_conjectured-m31_mul_0p75,Circle,fri_conjectured,128.0,m31_mul_0p75,log_blowup,3,8,8,40,40,640,15136,4761214.569920,4702193.174630,4820235.965209,4744294.864002,16919.705918,3.400868,12.285714,false,predicted CU exceeds the transaction compute budget; fri_conjectured soundness term 128.0 bits is below the 128.0-bit target,false,predicted CU exceeds the transaction compute budget
qualified-circle-t128-r8-g8-fri_conjectured-fenzi_whir_core_0p8_plus_m31_mul_0p75,Circle,fri_conjectured,128.0,fenzi_whir_core_0p8_plus_m31_mul_0p75,log_blowup,3,8,8,40,40,640,15136,4761214.569920,4702193.174630,4820235.965209,4744294.864002,16919.705918,3.400868,12.285714,false,predicted CU exceeds the transaction compute budget; fri_conjectured soundness term 128.0 bits is below the 128.0-bit target,false,predicted CU exceeds the transaction compute budget
qualified-circle-t128-r8-g16-fri_proven-baseline,Circle,fri_proven,128.0,baseline,log_blowup,3,8,16,75,75,640,24096,10197313.054963,10138291.659673,10256334.450252,10170835.214967,26477.839995,7.283795,19.558442,false,predicted CU exceeds the transaction compute budget,false,predicted CU exceeds the transaction compute budget
qualified-circle-t128-r8-g16-fri_proven-fenzi_whir_core_0p8,Circle,fri_proven,128.0,fenzi_whir_core_0p8,log_blowup,3,8,16,75,75,640,24096,10197313.054963,10138291.659673,10256334.450252,10170835.214967,26477.839995,7.283795,19.558442,false,predicted CU exceeds the transaction compute budget,false,predicted CU exceeds the transaction compute budget
qualified-circle-t128-r8-g16-fri_proven-m31_mul_0p75,Circle,fri_proven,128.0,m31_mul_0p75,log_blowup,3,8,16,75,75,640,24096,7924174.014974,7865152.619685,7983195.410264,7897696.174979,26477.839995,5.660124,19.558442,false,predicted CU exceeds the transaction compute budget,false,predicted CU exceeds the transaction compute budget
qualified-circle-t128-r8-g16-fri_proven-fenzi_whir_core_0p8_plus_m31_mul_0p75,Circle,fri_proven,128.0,fenzi_whir_core_0p8_plus_m31_mul_0p75,log_blowup,3,8,16,75,75,640,24096,7924174.014974,7865152.619685,7983195.410264,7897696.174979,26477.839995,5.660124,19.558442,false,predicted CU exceeds the transaction compute budget,false,predicted CU exceeds the transaction compute budget
qualified-circle-t128-r8-g16-fri_conjectured-baseline,Circle,fri_conjectured,128.0,baseline,log_blowup,3,8,16,38,38,640,14624,5830070.971667,5771049.576378,5889092.366957,5813732.461779,16338.509888,4.164336,11.870130,false,predicted CU exceeds the transaction compute budget; fri_conjectured soundness term 130.0 bits is below the 128.0-bit target,false,predicted CU exceeds the transaction compute budget
qualified-circle-t128-r8-g16-fri_conjectured-fenzi_whir_core_0p8,Circle,fri_conjectured,128.0,fenzi_whir_core_0p8,log_blowup,3,8,16,38,38,640,14624,5830070.971667,5771049.576378,5889092.366957,5813732.461779,16338.509888,4.164336,11.870130,false,predicted CU exceeds the transaction compute budget; fri_conjectured soundness term 130.0 bits is below the 128.0-bit target,false,predicted CU exceeds the transaction compute budget
qualified-circle-t128-r8-g16-fri_conjectured-m31_mul_0p75,Circle,fri_conjectured,128.0,m31_mul_0p75,log_blowup,3,8,16,38,38,640,14624,4580439.013263,4521417.617973,4639460.408553,4564100.503375,16338.509888,3.271742,11.870130,false,predicted CU exceeds the transaction compute budget; fri_conjectured soundness term 130.0 bits is below the 128.0-bit target,false,predicted CU exceeds the transaction compute budget
qualified-circle-t128-r8-g16-fri_conjectured-fenzi_whir_core_0p8_plus_m31_mul_0p75,Circle,fri_conjectured,128.0,fenzi_whir_core_0p8_plus_m31_mul_0p75,log_blowup,3,8,16,38,38,640,14624,4580439.013263,4521417.617973,4639460.408553,4564100.503375,16338.509888,3.271742,11.870130,false,predicted CU exceeds the transaction compute budget; fri_conjectured soundness term 130.0 bits is below the 128.0-bit target,false,predicted CU exceeds the transaction compute budget
qualified-circle-t128-r8-g24-fri_proven-baseline,Circle,fri_proven,128.0,baseline,log_blowup,3,8,24,70,70,640,22816,9607149.937887,9548128.542598,9666171.333177,9582037.545617,25112.392270,6.862250,18.519481,false,predicted CU exceeds the transaction compute budget,false,predicted CU exceeds the transaction compute budget
qualified-circle-t128-r8-g24-fri_proven-fenzi_whir_core_0p8,Circle,fri_proven,128.0,fenzi_whir_core_0p8,log_blowup,3,8,24,70,70,640,22816,9607149.937887,9548128.542598,9666171.333177,9582037.545617,25112.392270,6.862250,18.519481,false,predicted CU exceeds the transaction compute budget,false,predicted CU exceeds the transaction compute budget
qualified-circle-t128-r8-g24-fri_proven-m31_mul_0p75,Circle,fri_proven,128.0,m31_mul_0p75,log_blowup,3,8,24,70,70,640,22816,7472322.665681,7413301.270391,7531344.060970,7447210.273411,25112.392270,5.337373,18.519481,false,predicted CU exceeds the transaction compute budget,false,predicted CU exceeds the transaction compute budget
qualified-circle-t128-r8-g24-fri_proven-fenzi_whir_core_0p8_plus_m31_mul_0p75,Circle,fri_proven,128.0,fenzi_whir_core_0p8_plus_m31_mul_0p75,log_blowup,3,8,24,70,70,640,22816,7472322.665681,7413301.270391,7531344.060970,7447210.273411,25112.392270,5.337373,18.519481,false,predicted CU exceeds the transaction compute budget,false,predicted CU exceeds the transaction compute budget
qualified-circle-t128-r8-g24-fri_conjectured-baseline,Circle,fri_conjectured,128.0,baseline,log_blowup,3,8,24,35,35,640,13856,5476008.118362,5416986.723072,5535029.513651,5460453.860169,15554.258192,3.911434,11.246753,false,predicted CU exceeds the transaction compute budget; fri_conjectured soundness term 129.0 bits is below the 128.0-bit target,false,predicted CU exceeds the transaction compute budget
qualified-circle-t128-r8-g24-fri_conjectured-fenzi_whir_core_0p8,Circle,fri_conjectured,128.0,fenzi_whir_core_0p8,log_blowup,3,8,24,35,35,640,13856,5476008.118362,5416986.723072,5535029.513651,5460453.860169,15554.258192,3.911434,11.246753,false,predicted CU exceeds the transaction compute budget; fri_conjectured soundness term 129.0 bits is below the 128.0-bit target,false,predicted CU exceeds the transaction compute budget
qualified-circle-t128-r8-g24-fri_conjectured-m31_mul_0p75,Circle,fri_conjectured,128.0,m31_mul_0p75,log_blowup,3,8,24,35,35,640,13856,4309363.220626,4250341.825337,4368384.615916,4293808.962434,15554.258192,3.078117,11.246753,false,predicted CU exceeds the transaction compute budget; fri_conjectured soundness term 129.0 bits is below the 128.0-bit target,false,predicted CU exceeds the transaction compute budget
qualified-circle-t128-r8-g24-fri_conjectured-fenzi_whir_core_0p8_plus_m31_mul_0p75,Circle,fri_conjectured,128.0,fenzi_whir_core_0p8_plus_m31_mul_0p75,log_blowup,3,8,24,35,35,640,13856,4309363.220626,4250341.825337,4368384.615916,4293808.962434,15554.258192,3.078117,11.246753,false,predicted CU exceeds the transaction compute budget; fri_conjectured soundness term 129.0 bits is below the 128.0-bit target,false,predicted CU exceeds the transaction compute budget
qualified-circle-t128-r8-g32-fri_proven-baseline,Circle,fri_proven,128.0,baseline,log_blowup,3,8,32,64,64,640,21280,8899024.231276,8840002.835986,8958045.626565,8875480.342398,23543.888878,6.356446,17.272727,false,predicted CU exceeds the transaction compute budget,false,predicted CU exceeds the transaction compute budget
qualified-circle-t128-r8-g32-fri_proven-fenzi_whir_core_0p8,Circle,fri_proven,128.0,fenzi_whir_core_0p8,log_blowup,3,8,32,64,64,640,21280,8899024.231276,8840002.835986,8958045.626565,8875480.342398,23543.888878,6.356446,17.272727,false,predicted CU exceeds the transaction compute budget,false,predicted CU exceeds the transaction compute budget
qualified-circle-t128-r8-g32-fri_proven-m31_mul_0p75,Circle,fri_proven,128.0,m31_mul_0p75,log_blowup,3,8,32,64,64,640,21280,6930171.080407,6871149.685118,6989192.475697,6906627.191529,23543.888878,4.950122,17.272727,false,predicted CU exceeds the transaction compute budget,false,predicted CU exceeds the transaction compute budget
qualified-circle-t128-r8-g32-fri_proven-fenzi_whir_core_0p8_plus_m31_mul_0p75,Circle,fri_proven,128.0,fenzi_whir_core_0p8_plus_m31_mul_0p75,log_blowup,3,8,32,64,64,640,21280,6930171.080407,6871149.685118,6989192.475697,6906627.191529,23543.888878,4.950122,17.272727,false,predicted CU exceeds the transaction compute budget,false,predicted CU exceeds the transaction compute budget
qualified-circle-t128-r8-g32-fri_conjectured-baseline,Circle,fri_conjectured,128.0,baseline,log_blowup,3,8,32,32,32,640,13088,5121945.265056,5062923.869766,5180966.660345,5107175.258559,14770.006496,3.658532,10.623377,false,predicted CU exceeds the transaction compute budget; fri_conjectured soundness term 128.0 bits is below the 128.0-bit target,false,predicted CU exceeds the transaction compute budget
qualified-circle-t128-r8-g32-fri_conjectured-fenzi_whir_core_0p8,Circle,fri_conjectured,128.0,fenzi_whir_core_0p8,log_blowup,3,8,32,32,32,640,13088,5121945.265056,5062923.869766,5180966.660345,5107175.258559,14770.006496,3.658532,10.623377,false,predicted CU exceeds the transaction compute budget; fri_conjectured soundness term 128.0 bits is below the 128.0-bit target,false,predicted CU exceeds the transaction compute budget
qualified-circle-t128-r8-g32-fri_conjectured-m31_mul_0p75,Circle,fri_conjectured,128.0,m31_mul_0p75,log_blowup,3,8,32,32,32,640,13088,4038287.427989,3979266.032700,4097308.823279,4023517.421493,14770.006496,2.884491,10.623377,false,predicted CU exceeds the transaction compute budget; fri_conjectured soundness term 128.0 bits is below the 128.0-bit target,false,predicted CU exceeds the transaction compute budget
qualified-circle-t128-r8-g32-fri_conjectured-fenzi_whir_core_0p8_plus_m31_mul_0p75,Circle,fri_conjectured,128.0,fenzi_whir_core_0p8_plus_m31_mul_0p75,log_blowup,3,8,32,32,32,640,13088,4038287.427989,3979266.032700,4097308.823279,4023517.421493,14770.006496,2.884491,10.623377,false,predicted CU exceeds the transaction compute budget; fri_conjectured soundness term 128.0 bits is below the 128.0-bit target,false,predicted CU exceeds the transaction compute budget
qualified-circle-t128-r16-g0-fri_proven-baseline,Circle,fri_proven,128.0,baseline,log_blowup,4,16,0,64,64,640,23416,8954110.552942,8895089.157653,9013131.948232,8928347.164258,25763.388685,6.395793,19.006494,false,predicted CU exceeds the transaction compute budget,false,predicted CU exceeds the transaction compute budget
qualified-circle-t128-r16-g0-fri_proven-fenzi_whir_core_0p8,Circle,fri_proven,128.0,fenzi_whir_core_0p8,log_blowup,4,16,0,64,64,640,23416,8954110.552942,8895089.157653,9013131.948232,8928347.164258,25763.388685,6.395793,19.006494,false,predicted CU exceeds the transaction compute budget,false,predicted CU exceeds the transaction compute budget
qualified-circle-t128-r16-g0-fri_proven-m31_mul_0p75,Circle,fri_proven,128.0,m31_mul_0p75,log_blowup,4,16,0,64,64,640,23416,6985257.402074,6926236.006784,7044278.797363,6959494.013389,25763.388685,4.989470,19.006494,false,predicted CU exceeds the transaction compute budget,false,predicted CU exceeds the transaction compute budget
qualified-circle-t128-r16-g0-fri_proven-fenzi_whir_core_0p8_plus_m31_mul_0p75,Circle,fri_proven,128.0,fenzi_whir_core_0p8_plus_m31_mul_0p75,log_blowup,4,16,0,64,64,640,23416,6985257.402074,6926236.006784,7044278.797363,6959494.013389,25763.388685,4.989470,19.006494,false,predicted CU exceeds the transaction compute budget,false,predicted CU exceeds the transaction compute budget
qualified-circle-t128-r16-g0-fri_conjectured-baseline,Circle,fri_conjectured,128.0,baseline,log_blowup,4,16,0,32,32,640,14200,5149865.909749,5090844.514459,5208887.305039,5133863.710808,16002.198941,3.678476,11.525974,false,predicted CU exceeds the transaction compute budget; fri_conjectured soundness term 128.0 bits is below the 128.0-bit target,false,predicted CU exceeds the transaction compute budget
qualified-circle-t128-r16-g0-fri_conjectured-fenzi_whir_core_0p8,Circle,fri_conjectured,128.0,fenzi_whir_core_0p8,log_blowup,4,16,0,32,32,640,14200,5149865.909749,5090844.514459,5208887.305039,5133863.710808,16002.198941,3.678476,11.525974,false,predicted CU exceeds the transaction compute budget; fri_conjectured soundness term 128.0 bits is below the 128.0-bit target,false,predicted CU exceeds the transaction compute budget
qualified-circle-t128-r16-g0-fri_conjectured-m31_mul_0p75,Circle,fri_conjectured,128.0,m31_mul_0p75,log_blowup,4,16,0,32,32,640,14200,4066208.072683,4007186.677393,4125229.467972,4050205.873742,16002.198941,2.904434,11.525974,false,predicted CU exceeds the transaction compute budget; fri_conjectured soundness term 128.0 bits is below the 128.0-bit target,false,predicted CU exceeds the transaction compute budget
qualified-circle-t128-r16-g0-fri_conjectured-fenzi_whir_core_0p8_plus_m31_mul_0p75,Circle,fri_conjectured,128.0,fenzi_whir_core_0p8_plus_m31_mul_0p75,log_blowup,4,16,0,32,32,640,14200,4066208.072683,4007186.677393,4125229.467972,4050205.873742,16002.198941,2.904434,11.525974,false,predicted CU exceeds the transaction compute budget; fri_conjectured soundness term 128.0 bits is below the 128.0-bit target,false,predicted CU exceeds the transaction compute budget
qualified-circle-t128-r16-g8-fri_proven-baseline,Circle,fri_proven,128.0,baseline,log_blowup,4,16,8,60,60,640,22272,8478790.104645,8419768.709356,8537811.499935,8454284.290363,24505.814282,6.056279,18.077922,false,predicted CU exceeds the transaction compute budget,false,predicted CU exceeds the transaction compute budget
qualified-circle-t128-r16-g8-fri_proven-fenzi_whir_core_0p8,Circle,fri_proven,128.0,fenzi_whir_core_0p8,log_blowup,4,16,8,60,60,640,22272,8478790.104645,8419768.709356,8537811.499935,8454284.290363,24505.814282,6.056279,18.077922,false,predicted CU exceeds the transaction compute budget,false,predicted CU exceeds the transaction compute budget
qualified-circle-t128-r16-g8-fri_proven-m31_mul_0p75,Circle,fri_proven,128.0,m31_mul_0p75,log_blowup,4,16,8,60,60,640,22272,6620586.368002,6561564.972712,6679607.763292,6596080.553720,24505.814282,4.728990,18.077922,false,predicted CU exceeds the transaction compute budget,false,predicted CU exceeds the transaction compute budget
qualified-circle-t128-r16-g8-fri_proven-fenzi_whir_core_0p8_plus_m31_mul_0p75,Circle,fri_proven,128.0,fenzi_whir_core_0p8_plus_m31_mul_0p75,log_blowup,4,16,8,60,60,640,22272,6620586.368002,6561564.972712,6679607.763292,6596080.553720,24505.814282,4.728990,18.077922,false,predicted CU exceeds the transaction compute budget,false,predicted CU exceeds the transaction compute budget
qualified-circle-t128-r16-g8-fri_conjectured-baseline,Circle,fri_conjectured,128.0,baseline,log_blowup,4,16,8,30,30,640,13632,4912332.637239,4853311.241949,4971354.032528,4896956.052755,15376.584484,3.508809,11.064935,false,predicted CU exceeds the transaction compute budget; fri_conjectured soundness term 128.0 bits is below the 128.0-bit target,false,predicted CU exceeds the transaction compute budget
qualified-circle-t128-r16-g8-fri_conjectured-fenzi_whir_core_0p8,Circle,fri_conjectured,128.0,fenzi_whir_core_0p8,log_blowup,4,16,8,30,30,640,13632,4912332.637239,4853311.241949,4971354.032528,4896956.052755,15376.584484,3.508809,11.064935,false,predicted CU exceeds the transaction compute budget; fri_conjectured soundness term 128.0 bits is below the 128.0-bit target,false,predicted CU exceeds the transaction compute budget
qualified-circle-t128-r16-g8-fri_conjectured-m31_mul_0p75,Circle,fri_conjectured,128.0,m31_mul_0p75,log_blowup,4,16,8,30,30,640,13632,3883999.507285,3824978.111995,3943020.902574,3868622.922801,15376.584484,2.774285,11.064935,false,predicted CU exceeds the transaction compute budget; fri_conjectured soundness term 128.0 bits is below the 128.0-bit target,false,predicted CU exceeds the transaction compute budget
qualified-circle-t128-r16-g8-fri_conjectured-fenzi_whir_core_0p8_plus_m31_mul_0p75,Circle,fri_conjectured,128.0,fenzi_whir_core_0p8_plus_m31_mul_0p75,log_blowup,4,16,8,30,30,640,13632,3883999.507285,3824978.111995,3943020.902574,3868622.922801,15376.584484,2.774285,11.064935,false,predicted CU exceeds the transaction compute budget; fri_conjectured soundness term 128.0 bits is below the 128.0-bit target,false,predicted CU exceeds the transaction compute budget
qualified-circle-t128-r16-g16-fri_proven-baseline,Circle,fri_proven,128.0,baseline,log_blowup,4,16,16,56,56,640,21120,8003215.753072,7944194.357783,8062237.148362,7979973.858682,23241.894390,5.716583,17.142857,false,predicted CU exceeds the transaction compute budget,false,predicted CU exceeds the transaction compute budget
qualified-circle-t128-r16-g16-fri_proven-fenzi_whir_core_0p8,Circle,fri_proven,128.0,fenzi_whir_core_0p8,log_blowup,4,16,16,56,56,640,21120,8003215.753072,7944194.357783,8062237.148362,7979973.858682,23241.894390,5.716583,17.142857,false,predicted CU exceeds the transaction compute budget,false,predicted CU exceeds the transaction compute budget
qualified-circle-t128-r16-g16-fri_proven-m31_mul_0p75,Circle,fri_proven,128.0,m31_mul_0p75,log_blowup,4,16,16,56,56,640,21120,6255661.430654,6196640.035364,6314682.825944,6232419.536264,23241.894390,4.468330,17.142857,false,predicted CU exceeds the transaction compute budget,false,predicted CU exceeds the transaction compute budget
qualified-circle-t128-r16-g16-fri_proven-fenzi_whir_core_0p8_plus_m31_mul_0p75,Circle,fri_proven,128.0,fenzi_whir_core_0p8_plus_m31_mul_0p75,log_blowup,4,16,16,56,56,640,21120,6255661.430654,6196640.035364,6314682.825944,6232419.536264,23241.894390,4.468330,17.142857,false,predicted CU exceeds the transaction compute budget,false,predicted CU exceeds the transaction compute budget
qualified-circle-t128-r16-g16-fri_conjectured-baseline,Circle,fri_conjectured,128.0,baseline,log_blowup,4,16,16,28,28,640,13056,4674545.461452,4615524.066163,4733566.856742,4659800.836914,14744.624538,3.338961,10.597403,false,predicted CU exceeds the transaction compute budget; fri_conjectured soundness term 128.0 bits is below the 128.0-bit target,false,predicted CU exceeds the transaction compute budget
qualified-circle-t128-r16-g16-fri_conjectured-fenzi_whir_core_0p8,Circle,fri_conjectured,128.0,fenzi_whir_core_0p8,log_blowup,4,16,16,28,28,640,13056,4674545.461452,4615524.066163,4733566.856742,4659800.836914,14744.624538,3.338961,10.597403,false,predicted CU exceeds the transaction compute budget; fri_conjectured soundness term 128.0 bits is below the 128.0-bit target,false,predicted CU exceeds the transaction compute budget
qualified-circle-t128-r16-g16-fri_conjectured-m31_mul_0p75,Circle,fri_conjectured,128.0,m31_mul_0p75,log_blowup,4,16,16,28,28,640,13056,3701537.038611,3642515.643321,3760558.433900,3686792.414073,14744.624538,2.643955,10.597403,false,predicted CU exceeds the transaction compute budget; fri_conjectured soundness term 128.0 bits is below the 128.0-bit target,false,predicted CU exceeds the transaction compute budget
qualified-circle-t128-r16-g16-fri_conjectured-fenzi_whir_core_0p8_plus_m31_mul_0p75,Circle,fri_conjectured,128.0,fenzi_whir_core_0p8_plus_m31_mul_0p75,log_blowup,4,16,16,28,28,640,13056,3701537.038611,3642515.643321,3760558.433900,3686792.414073,14744.624538,2.643955,10.597403,false,predicted CU exceeds the transaction compute budget; fri_conjectured soundness term 128.0 bits is below the 128.0-bit target,false,predicted CU exceeds the transaction compute budget
qualified-circle-t128-r16-g24-fri_proven-baseline,Circle,fri_proven,128.0,baseline,log_blowup,4,16,24,52,52,640,19968,7527816.486195,7468795.090906,7586837.881485,7505663.427001,22153.059194,5.377012,16.207792,false,predicted CU exceeds the transaction compute budget,false,predicted CU exceeds the transaction compute budget
qualified-circle-t128-r16-g24-fri_proven-fenzi_whir_core_0p8,Circle,fri_proven,128.0,fenzi_whir_core_0p8,log_blowup,4,16,24,52,52,640,19968,7527816.486195,7468795.090906,7586837.881485,7505663.427001,22153.059194,5.377012,16.207792,false,predicted CU exceeds the transaction compute budget,false,predicted CU exceeds the transaction compute budget
qualified-circle-t128-r16-g24-fri_proven-m31_mul_0p75,Circle,fri_proven,128.0,m31_mul_0p75,log_blowup,4,16,24,52,52,640,19968,5890911.578002,5831890.182713,5949932.973292,5868758.518808,22153.059194,4.207794,16.207792,false,predicted CU exceeds the transaction compute budget,false,predicted CU exceeds the transaction compute budget
qualified-circle-t128-r16-g24-fri_proven-fenzi_whir_core_0p8_plus_m31_mul_0p75,Circle,fri_proven,128.0,fenzi_whir_core_0p8_plus_m31_mul_0p75,log_blowup,4,16,24,52,52,640,19968,5890911.578002,5831890.182713,5949932.973292,5868758.518808,22153.059194,4.207794,16.207792,false,predicted CU exceeds the transaction compute budget,false,predicted CU exceeds the transaction compute budget
qualified-circle-t128-r16-g24-fri_conjectured-baseline,Circle,fri_conjectured,128.0,baseline,log_blowup,4,16,24,26,26,640,12480,4436758.285666,4377736.890376,4495779.680955,4422645.621073,14112.664592,3.169113,10.129870,false,predicted CU exceeds the transaction compute budget; fri_conjectured soundness term 128.0 bits is below the 128.0-bit target,false,predicted CU exceeds the transaction compute budget
qualified-circle-t128-r16-g24-fri_conjectured-fenzi_whir_core_0p8,Circle,fri_conjectured,128.0,fenzi_whir_core_0p8,log_blowup,4,16,24,26,26,640,12480,4436758.285666,4377736.890376,4495779.680955,4422645.621073,14112.664592,3.169113,10.129870,false,predicted CU exceeds the transaction compute budget; fri_conjectured soundness term 128.0 bits is below the 128.0-bit target,false,predicted CU exceeds the transaction compute budget
qualified-circle-t128-r16-g24-fri_conjectured-m31_mul_0p75,Circle,fri_conjectured,128.0,m31_mul_0p75,log_blowup,4,16,24,26,26,640,12480,3519074.569937,3460053.174647,3578095.965226,3504961.905345,14112.664592,2.513625,10.129870,false,predicted CU exceeds the transaction compute budget; fri_conjectured soundness term 128.0 bits is below the 128.0-bit target,false,predicted CU exceeds the transaction compute budget
qualified-circle-t128-r16-g24-fri_conjectured-fenzi_whir_core_0p8_plus_m31_mul_0p75,Circle,fri_conjectured,128.0,fenzi_whir_core_0p8_plus_m31_mul_0p75,log_blowup,4,16,24,26,26,640,12480,3519074.569937,3460053.174647,3578095.965226,3504961.905345,14112.664592,2.513625,10.129870,false,predicted CU exceeds the transaction compute budget; fri_conjectured soundness term 128.0 bits is below the 128.0-bit target,false,predicted CU exceeds the transaction compute budget
qualified-circle-t128-r16-g32-fri_proven-baseline,Circle,fri_proven,128.0,baseline,log_blowup,4,16,32,48,48,640,18816,7052242.134622,6993220.739332,7111263.529912,7031352.995320,20889.139302,5.037316,15.272727,false,predicted CU exceeds the transaction compute budget,false,predicted CU exceeds the transaction compute budget
qualified-circle-t128-r16-g32-fri_proven-fenzi_whir_core_0p8,Circle,fri_proven,128.0,fenzi_whir_core_0p8,log_blowup,4,16,32,48,48,640,18816,7052242.134622,6993220.739332,7111263.529912,7031352.995320,20889.139302,5.037316,15.272727,false,predicted CU exceeds the transaction compute budget,false,predicted CU exceeds the transaction compute budget
qualified-circle-t128-r16-g32-fri_proven-m31_mul_0p75,Circle,fri_proven,128.0,m31_mul_0p75,log_blowup,4,16,32,48,48,640,18816,5525986.640654,5466965.245365,5585008.035944,5505097.501352,20889.139302,3.947133,15.272727,false,predicted CU exceeds the transaction compute budget,false,predicted CU exceeds the transaction compute budget
qualified-circle-t128-r16-g32-fri_proven-fenzi_whir_core_0p8_plus_m31_mul_0p75,Circle,fri_proven,128.0,fenzi_whir_core_0p8_plus_m31_mul_0p75,log_blowup,4,16,32,48,48,640,18816,5525986.640654,5466965.245365,5585008.035944,5505097.501352,20889.139302,3.947133,15.272727,false,predicted CU exceeds the transaction compute budget,false,predicted CU exceeds the transaction compute budget
qualified-circle-t128-r16-g32-fri_conjectured-baseline,Circle,fri_conjectured,128.0,baseline,log_blowup,4,16,32,24,24,640,11904,4198971.109879,4139949.714589,4257992.505168,4185490.405233,13480.704646,2.999265,9.662338,false,predicted CU exceeds the transaction compute budget; fri_conjectured soundness term 128.0 bits is below the 128.0-bit target,false,predicted CU exceeds the transaction compute budget
qualified-circle-t128-r16-g32-fri_conjectured-fenzi_whir_core_0p8,Circle,fri_conjectured,128.0,fenzi_whir_core_0p8,log_blowup,4,16,32,24,24,640,11904,4198971.109879,4139949.714589,4257992.505168,4185490.405233,13480.704646,2.999265,9.662338,false,predicted CU exceeds the transaction compute budget; fri_conjectured soundness term 128.0 bits is below the 128.0-bit target,false,predicted CU exceeds the transaction compute budget
qualified-circle-t128-r16-g32-fri_conjectured-m31_mul_0p75,Circle,fri_conjectured,128.0,m31_mul_0p75,log_blowup,4,16,32,24,24,640,11904,3336612.101263,3277590.705973,3395633.496553,3323131.396617,13480.704646,2.383294,9.662338,false,predicted CU exceeds the transaction compute budget; fri_conjectured soundness term 128.0 bits is below the 128.0-bit target,false,predicted CU exceeds the transaction compute budget
qualified-circle-t128-r16-g32-fri_conjectured-fenzi_whir_core_0p8_plus_m31_mul_0p75,Circle,fri_conjectured,128.0,fenzi_whir_core_0p8_plus_m31_mul_0p75,log_blowup,4,16,32,24,24,640,11904,3336612.101263,3277590.705973,3395633.496553,3323131.396617,13480.704646,2.383294,9.662338,false,predicted CU exceeds the transaction compute budget; fri_conjectured soundness term 128.0 bits is below the 128.0-bit target,false,predicted CU exceeds the transaction compute budget
qualified-circle-t128-r32-g0-fri_proven-baseline,Circle,fri_proven,128.0,baseline,log_blowup,5,32,0,52,52,640,21720,7572606.251062,7513584.855772,7631627.646351,7548713.360257,23892.890805,5.409004,17.629870,false,predicted CU exceeds the transaction compute budget,false,predicted CU exceeds the transaction compute budget
qualified-circle-t128-r32-g0-fri_proven-fenzi_whir_core_0p8,Circle,fri_proven,128.0,fenzi_whir_core_0p8,log_blowup,5,32,0,52,52,640,21720,7572606.251062,7513584.855772,7631627.646351,7548713.360257,23892.890805,5.409004,17.629870,false,predicted CU exceeds the transaction compute budget,false,predicted CU exceeds the transaction compute budget
qualified-circle-t128-r32-g0-fri_proven-m31_mul_0p75,Circle,fri_proven,128.0,m31_mul_0p75,log_blowup,5,32,0,52,52,640,21720,5935701.342869,5876679.947579,5994722.738158,5911808.452064,23892.890805,4.239787,17.629870,false,predicted CU exceeds the transaction compute budget,false,predicted CU exceeds the transaction compute budget
qualified-circle-t128-r32-g0-fri_proven-fenzi_whir_core_0p8_plus_m31_mul_0p75,Circle,fri_proven,128.0,fenzi_whir_core_0p8_plus_m31_mul_0p75,log_blowup,5,32,0,52,52,640,21720,5935701.342869,5876679.947579,5994722.738158,5911808.452064,23892.890805,4.239787,17.629870,false,predicted CU exceeds the transaction compute budget,false,predicted CU exceeds the transaction compute budget
qualified-circle-t128-r32-g0-fri_conjectured-baseline,Circle,fri_conjectured,128.0,baseline,log_blowup,5,32,0,26,26,640,13400,4459443.109611,4400421.714321,4518464.504900,4444425.629020,15017.480590,3.185317,10.876623,false,predicted CU exceeds the transaction compute budget; fri_conjectured soundness term 130.0 bits is below the 128.0-bit target,false,predicted CU exceeds the transaction compute budget
qualified-circle-t128-r32-g0-fri_conjectured-fenzi_whir_core_0p8,Circle,fri_conjectured,128.0,fenzi_whir_core_0p8,log_blowup,5,32,0,26,26,640,13400,4459443.109611,4400421.714321,4518464.504900,4444425.629020,15017.480590,3.185317,10.876623,false,predicted CU exceeds the transaction compute budget; fri_conjectured soundness term 130.0 bits is below the 128.0-bit target,false,predicted CU exceeds the transaction compute budget
qualified-circle-t128-r32-g0-fri_conjectured-m31_mul_0p75,Circle,fri_conjectured,128.0,m31_mul_0p75,log_blowup,5,32,0,26,26,640,13400,3541759.393882,3482737.998592,3600780.789171,3526741.913292,15017.480590,2.529828,10.876623,false,predicted CU exceeds the transaction compute budget; fri_conjectured soundness term 130.0 bits is below the 128.0-bit target,false,predicted CU exceeds the transaction compute budget
qualified-circle-t128-r32-g0-fri_conjectured-fenzi_whir_core_0p8_plus_m31_mul_0p75,Circle,fri_conjectured,128.0,fenzi_whir_core_0p8_plus_m31_mul_0p75,log_blowup,5,32,0,26,26,640,13400,3541759.393882,3482737.998592,3600780.789171,3526741.913292,15017.480590,2.529828,10.876623,false,predicted CU exceeds the transaction compute budget; fri_conjectured soundness term 130.0 bits is below the 128.0-bit target,false,predicted CU exceeds the transaction compute budget
qualified-circle-t128-r32-g8-fri_proven-baseline,Circle,fri_proven,128.0,baseline,log_blowup,5,32,8,48,48,640,20448,7093911.978730,7034890.583441,7152933.374020,7071378.190161,22533.788569,5.067080,16.597403,false,predicted CU exceeds the transaction compute budget,false,predicted CU exceeds the transaction compute budget
qualified-circle-t128-r32-g8-fri_proven-fenzi_whir_core_0p8,Circle,fri_proven,128.0,fenzi_whir_core_0p8,log_blowup,5,32,8,48,48,640,20448,7093911.978730,7034890.583441,7152933.374020,7071378.190161,22533.788569,5.067080,16.597403,false,predicted CU exceeds the transaction compute budget,false,predicted CU exceeds the transaction compute budget
qualified-circle-t128-r32-g8-fri_proven-m31_mul_0p75,Circle,fri_proven,128.0,m31_mul_0p75,log_blowup,5,32,8,48,48,640,20448,5567656.484762,5508635.089473,5626677.880052,5545122.696193,22533.788569,3.976897,16.597403,false,predicted CU exceeds the transaction compute budget,false,predicted CU exceeds the transaction compute budget
qualified-circle-t128-r32-g8-fri_proven-fenzi_whir_core_0p8_plus_m31_mul_0p75,Circle,fri_proven,128.0,fenzi_whir_core_0p8_plus_m31_mul_0p75,log_blowup,5,32,8,48,48,640,20448,5567656.484762,5508635.089473,5626677.880052,5545122.696193,22533.788569,3.976897,16.597403,false,predicted CU exceeds the transaction compute budget,false,predicted CU exceeds the transaction compute budget
qualified-circle-t128-r32-g8-fri_conjectured-baseline,Circle,fri_conjectured,128.0,baseline,log_blowup,5,32,8,24,24,640,12768,4220222.925083,4161201.529793,4279244.320373,4205881.822866,14341.102217,3.014445,10.363636,false,predicted CU exceeds the transaction compute budget; fri_conjectured soundness term 128.0 bits is below the 128.0-bit target,false,predicted CU exceeds the transaction compute budget
qualified-circle-t128-r32-g8-fri_conjectured-fenzi_whir_core_0p8,Circle,fri_conjectured,128.0,fenzi_whir_core_0p8,log_blowup,5,32,8,24,24,640,12768,4220222.925083,4161201.529793,4279244.320373,4205881.822866,14341.102217,3.014445,10.363636,false,predicted CU exceeds the transaction compute budget; fri_conjectured soundness term 128.0 bits is below the 128.0-bit target,false,predicted CU exceeds the transaction compute budget
qualified-circle-t128-r32-g8-fri_conjectured-m31_mul_0p75,Circle,fri_conjectured,128.0,m31_mul_0p75,log_blowup,5,32,8,24,24,640,12768,3357863.916467,3298842.521177,3416885.311757,3343522.814250,14341.102217,2.398474,10.363636,false,predicted CU exceeds the transaction compute budget; fri_conjectured soundness term 128.0 bits is below the 128.0-bit target,false,predicted CU exceeds the transaction compute budget
qualified-circle-t128-r32-g8-fri_conjectured-fenzi_whir_core_0p8_plus_m31_mul_0p75,Circle,fri_conjectured,128.0,fenzi_whir_core_0p8_plus_m31_mul_0p75,log_blowup,5,32,8,24,24,640,12768,3357863.916467,3298842.521177,3416885.311757,3343522.814250,14341.102217,2.398474,10.363636,false,predicted CU exceeds the transaction compute budget; fri_conjectured soundness term 128.0 bits is below the 128.0-bit target,false,predicted CU exceeds the transaction compute budget
qualified-circle-t128-r32-g16-fri_proven-baseline,Circle,fri_proven,128.0,baseline,log_blowup,5,32,16,45,45,640,19488,6734788.389372,6675766.994083,6793809.784662,6713191.144249,21597.245123,4.810563,15.818182,false,predicted CU exceeds the transaction compute budget,false,predicted CU exceeds the transaction compute budget
qualified-circle-t128-r32-g16-fri_proven-fenzi_whir_core_0p8,Circle,fri_proven,128.0,fenzi_whir_core_0p8,log_blowup,5,32,16,45,45,640,19488,6734788.389372,6675766.994083,6793809.784662,6713191.144249,21597.245123,4.810563,15.818182,false,predicted CU exceeds the transaction compute budget,false,predicted CU exceeds the transaction compute budget
qualified-circle-t128-r32-g16-fri_proven-m31_mul_0p75,Circle,fri_proven,128.0,m31_mul_0p75,log_blowup,5,32,16,45,45,640,19488,5291519.956074,5232498.560784,5350541.351363,5269922.710950,21597.245123,3.779657,15.818182,false,predicted CU exceeds the transaction compute budget,false,predicted CU exceeds the transaction compute budget
qualified-circle-t128-r32-g16-fri_proven-fenzi_whir_core_0p8_plus_m31_mul_0p75,Circle,fri_proven,128.0,fenzi_whir_core_0p8_plus_m31_mul_0p75,log_blowup,5,32,16,45,45,640,19488,5291519.956074,5232498.560784,5350541.351363,5269922.710950,21597.245123,3.779657,15.818182,false,predicted CU exceeds the transaction compute budget,false,predicted CU exceeds the transaction compute budget
qualified-circle-t128-r32-g16-fri_conjectured-baseline,Circle,fri_conjectured,128.0,baseline,log_blowup,5,32,16,23,23,640,12448,4100573.423529,4041552.028240,4159594.818819,4086486.140895,14087.282634,2.928981,10.103896,false,predicted CU exceeds the transaction compute budget; fri_conjectured soundness term 131.0 bits is below the 128.0-bit target,false,predicted CU exceeds the transaction compute budget
qualified-circle-t128-r32-g16-fri_conjectured-fenzi_whir_core_0p8,Circle,fri_conjectured,128.0,fenzi_whir_core_0p8,log_blowup,5,32,16,23,23,640,12448,4100573.423529,4041552.028240,4159594.818819,4086486.140895,14087.282634,2.928981,10.103896,false,predicted CU exceeds the transaction compute budget; fri_conjectured soundness term 131.0 bits is below the 128.0-bit target,false,predicted CU exceeds the transaction compute budget
qualified-circle-t128-r32-g16-fri_conjectured-m31_mul_0p75,Circle,fri_conjectured,128.0,m31_mul_0p75,log_blowup,5,32,16,23,23,640,12448,3265876.768470,3206855.373180,3324898.163759,3251789.485836,14087.282634,2.332769,10.103896,false,predicted CU exceeds the transaction compute budget; fri_conjectured soundness term 131.0 bits is below the 128.0-bit target,false,predicted CU exceeds the transaction compute budget
qualified-circle-t128-r32-g16-fri_conjectured-fenzi_whir_core_0p8_plus_m31_mul_0p75,Circle,fri_conjectured,128.0,fenzi_whir_core_0p8_plus_m31_mul_0p75,log_blowup,5,32,16,23,23,640,12448,3265876.768470,3206855.373180,3324898.163759,3251789.485836,14087.282634,2.332769,10.103896,false,predicted CU exceeds the transaction compute budget; fri_conjectured soundness term 131.0 bits is below the 128.0-bit target,false,predicted CU exceeds the transaction compute budget
qualified-circle-t128-r32-g24-fri_proven-baseline,Circle,fri_proven,128.0,baseline,log_blowup,5,32,24,42,42,640,18528,6375489.715318,6316468.320029,6434511.110608,6355004.098337,20485.616981,4.553921,15.038961,false,predicted CU exceeds the transaction compute budget,false,predicted CU exceeds the transaction compute budget
qualified-circle-t128-r32-g24-fri_proven-fenzi_whir_core_0p8,Circle,fri_proven,128.0,fenzi_whir_core_0p8,log_blowup,5,32,24,42,42,640,18528,6375489.715318,6316468.320029,6434511.110608,6355004.098337,20485.616981,4.553921,15.038961,false,predicted CU exceeds the transaction compute budget,false,predicted CU exceeds the transaction compute budget
qualified-circle-t128-r32-g24-fri_proven-m31_mul_0p75,Circle,fri_proven,128.0,m31_mul_0p75,log_blowup,5,32,24,42,42,640,18528,5015208.342689,4956186.947399,5074229.737978,4994722.725707,20485.616981,3.582292,15.038961,false,predicted CU exceeds the transaction compute budget,false,predicted CU exceeds the transaction compute budget
qualified-circle-t128-r32-g24-fri_proven-fenzi_whir_core_0p8_plus_m31_mul_0p75,Circle,fri_proven,128.0,fenzi_whir_core_0p8_plus_m31_mul_0p75,log_blowup,5,32,24,42,42,640,18528,5015208.342689,4956186.947399,5074229.737978,4994722.725707,20485.616981,3.582292,15.038961,false,predicted CU exceeds the transaction compute budget,false,predicted CU exceeds the transaction compute budget
qualified-circle-t128-r32-g24-fri_conjectured-baseline,Circle,fri_conjectured,128.0,baseline,log_blowup,5,32,24,21,21,640,11808,3861099.335725,3802077.940436,3920120.731015,3847694.776954,13404.558771,2.757928,9.584416,false,predicted CU exceeds the transaction compute budget; fri_conjectured soundness term 129.0 bits is below the 128.0-bit target,false,predicted CU exceeds the transaction compute budget
qualified-circle-t128-r32-g24-fri_conjectured-fenzi_whir_core_0p8,Circle,fri_conjectured,128.0,fenzi_whir_core_0p8,log_blowup,5,32,24,21,21,640,11808,3861099.335725,3802077.940436,3920120.731015,3847694.776954,13404.558771,2.757928,9.584416,false,predicted CU exceeds the transaction compute budget; fri_conjectured soundness term 129.0 bits is below the 128.0-bit target,false,predicted CU exceeds the transaction compute budget
qualified-circle-t128-r32-g24-fri_conjectured-m31_mul_0p75,Circle,fri_conjectured,128.0,m31_mul_0p75,log_blowup,5,32,24,21,21,640,11808,3081727.387778,3022705.992489,3140748.783068,3068322.829007,13404.558771,2.201234,9.584416,false,predicted CU exceeds the transaction compute budget; fri_conjectured soundness term 129.0 bits is below the 128.0-bit target,false,predicted CU exceeds the transaction compute budget
qualified-circle-t128-r32-g24-fri_conjectured-fenzi_whir_core_0p8_plus_m31_mul_0p75,Circle,fri_conjectured,128.0,fenzi_whir_core_0p8_plus_m31_mul_0p75,log_blowup,5,32,24,21,21,640,11808,3081727.387778,3022705.992489,3140748.783068,3068322.829007,13404.558771,2.201234,9.584416,false,predicted CU exceeds the transaction compute budget; fri_conjectured soundness term 129.0 bits is below the 128.0-bit target,false,predicted CU exceeds the transaction compute budget
qualified-circle-t128-r32-g32-fri_proven-baseline,Circle,fri_proven,128.0,baseline,log_blowup,5,32,32,39,39,640,17568,6016366.125961,5957344.730671,6075387.521250,5996817.052425,19549.073535,4.297404,14.259740,false,predicted CU exceeds the transaction compute budget,false,predicted CU exceeds the transaction compute budget
qualified-circle-t128-r32-g32-fri_proven-fenzi_whir_core_0p8,Circle,fri_proven,128.0,fenzi_whir_core_0p8,log_blowup,5,32,32,39,39,640,17568,6016366.125961,5957344.730671,6075387.521250,5996817.052425,19549.073535,4.297404,14.259740,false,predicted CU exceeds the transaction compute budget,false,predicted CU exceeds the transaction compute budget
qualified-circle-t128-r32-g32-fri_proven-m31_mul_0p75,Circle,fri_proven,128.0,m31_mul_0p75,log_blowup,5,32,32,39,39,640,17568,4739071.814000,4680050.418710,4798093.209289,4719522.740465,19549.073535,3.385051,14.259740,false,predicted CU exceeds the transaction compute budget,false,predicted CU exceeds the transaction compute budget
qualified-circle-t128-r32-g32-fri_proven-fenzi_whir_core_0p8_plus_m31_mul_0p75,Circle,fri_proven,128.0,fenzi_whir_core_0p8_plus_m31_mul_0p75,log_blowup,5,32,32,39,39,640,17568,4739071.814000,4680050.418710,4798093.209289,4719522.740465,19549.073535,3.385051,14.259740,false,predicted CU exceeds the transaction compute budget,false,predicted CU exceeds the transaction compute budget
qualified-circle-t128-r32-g32-fri_conjectured-baseline,Circle,fri_conjectured,128.0,baseline,log_blowup,5,32,32,20,20,640,11488,3741274.749475,3682253.354186,3800296.144765,3728299.094983,12975.654492,2.672339,9.324675,false,predicted CU exceeds the transaction compute budget; fri_conjectured soundness term 132.0 bits is below the 128.0-bit target,false,predicted CU exceeds the transaction compute budget
qualified-circle-t128-r32-g32-fri_conjectured-fenzi_whir_core_0p8,Circle,fri_conjectured,128.0,fenzi_whir_core_0p8,log_blowup,5,32,32,20,20,640,11488,3741274.749475,3682253.354186,3800296.144765,3728299.094983,12975.654492,2.672339,9.324675,false,predicted CU exceeds the transaction compute budget; fri_conjectured soundness term 132.0 bits is below the 128.0-bit target,false,predicted CU exceeds the transaction compute budget
qualified-circle-t128-r32-g32-fri_conjectured-m31_mul_0p75,Circle,fri_conjectured,128.0,m31_mul_0p75,log_blowup,5,32,32,20,20,640,11488,2989565.155084,2930543.759795,3048586.550374,2976589.500593,12975.654492,2.135404,9.324675,false,predicted CU exceeds the transaction compute budget; fri_conjectured soundness term 132.0 bits is below the 128.0-bit target,false,predicted CU exceeds the transaction compute budget
qualified-circle-t128-r32-g32-fri_conjectured-fenzi_whir_core_0p8_plus_m31_mul_0p75,Circle,fri_conjectured,128.0,fenzi_whir_core_0p8_plus_m31_mul_0p75,log_blowup,5,32,32,20,20,640,11488,2989565.155084,2930543.759795,3048586.550374,2976589.500593,12975.654492,2.135404,9.324675,false,predicted CU exceeds the transaction compute budget; fri_conjectured soundness term 132.0 bits is below the 128.0-bit target,false,predicted CU exceeds the transaction compute budget
qualified-whir-t100-r2-g0-whir_johnson_full-baseline,WHIR,whir_johnson_full,100.0,baseline,log_inv_rate,1,2,0,233,285,640,52458,29240946.492843,29181925.097553,29299967.888132,29184268.579277,56677.913565,20.886390,42.579545,false,predicted CU exceeds the transaction compute budget,false,predicted CU exceeds the transaction compute budget
qualified-whir-t100-r2-g0-whir_johnson_full-fenzi_whir_core_0p8,WHIR,whir_johnson_full,100.0,fenzi_whir_core_0p8,log_inv_rate,1,2,0,233,285,640,52458,23404268.415288,23345247.019999,23463289.810578,23347590.501723,56677.913565,16.717335,42.579545,false,predicted CU exceeds the transaction compute budget,false,predicted CU exceeds the transaction compute budget
qualified-whir-t100-r2-g0-whir_johnson_full-m31_mul_0p75,WHIR,whir_johnson_full,100.0,m31_mul_0p75,log_inv_rate,1,2,0,233,285,640,52458,22386479.446686,22327458.051397,22445500.841976,22329801.533121,56677.913565,15.990342,42.579545,false,predicted CU exceeds the transaction compute budget,false,predicted CU exceeds the transaction compute budget
qualified-whir-t100-r2-g0-whir_johnson_full-fenzi_whir_core_0p8_plus_m31_mul_0p75,WHIR,whir_johnson_full,100.0,fenzi_whir_core_0p8_plus_m31_mul_0p75,log_inv_rate,1,2,0,233,285,640,52458,17920694.778363,17861673.383074,17979716.173653,17864016.864798,56677.913565,12.800496,42.579545,false,predicted CU exceeds the transaction compute budget,false,predicted CU exceeds the transaction compute budget
qualified-whir-t100-r2-g0-whir_capacity_full-baseline,WHIR,whir_capacity_full,100.0,baseline,log_inv_rate,1,2,0,108,134,640,27010,14344892.453719,14285871.058429,14403913.849008,14315227.845662,29664.608056,10.246352,21.923701,false,predicted CU exceeds the transaction compute budget,false,predicted CU exceeds the transaction compute budget
qualified-whir-t100-r2-g0-whir_capacity_full-fenzi_whir_core_0p8,WHIR,whir_capacity_full,100.0,fenzi_whir_core_0p8,log_inv_rate,1,2,0,108,134,640,27010,11482022.522887,11423001.127598,11541043.918177,11452357.914831,29664.608056,8.201445,21.923701,false,predicted CU exceeds the transaction compute budget,false,predicted CU exceeds the transaction compute budget
qualified-whir-t100-r2-g0-whir_capacity_full-m31_mul_0p75,WHIR,whir_capacity_full,100.0,m31_mul_0p75,log_inv_rate,1,2,0,108,134,640,27010,11039705.080487,10980683.685198,11098726.475777,11010040.472431,29664.608056,7.885504,21.923701,false,predicted CU exceeds the transaction compute budget,false,predicted CU exceeds the transaction compute budget
qualified-whir-t100-r2-g0-whir_capacity_full-fenzi_whir_core_0p8_plus_m31_mul_0p75,WHIR,whir_capacity_full,100.0,fenzi_whir_core_0p8_plus_m31_mul_0p75,log_inv_rate,1,2,0,108,134,640,27010,8837872.624302,8778851.229013,8896894.019592,8808208.016246,29664.608056,6.312766,21.923701,false,predicted CU exceeds the transaction compute budget,false,predicted CU exceeds the transaction compute budget
qualified-whir-t100-r2-g8-whir_johnson_full-baseline,WHIR,whir_johnson_full,100.0,baseline,log_inv_rate,1,2,8,215,263,640,48754,27071005.375428,27011983.980138,27130026.770717,27018140.847019,52864.528408,19.336432,39.573052,false,predicted CU exceeds the transaction compute budget,false,predicted CU exceeds the transaction compute budget
qualified-whir-t100-r2-g8-whir_johnson_full-fenzi_whir_core_0p8,WHIR,whir_johnson_full,100.0,fenzi_whir_core_0p8,log_inv_rate,1,2,8,215,263,640,48754,21667552.844325,21608531.449035,21726574.239615,21614688.315917,52864.528408,15.476823,39.573052,false,predicted CU exceeds the transaction compute budget,false,predicted CU exceeds the transaction compute budget
qualified-whir-t100-r2-g8-whir_johnson_full-m31_mul_0p75,WHIR,whir_johnson_full,100.0,m31_mul_0p75,log_inv_rate,1,2,8,215,263,640,48754,20733651.924002,20674630.528713,20792673.319292,20680787.395594,52864.528408,14.809751,39.573052,false,predicted CU exceeds the transaction compute budget,false,predicted CU exceeds the transaction compute budget
qualified-whir-t100-r2-g8-whir_johnson_full-fenzi_whir_core_0p8_plus_m31_mul_0p75,WHIR,whir_johnson_full,100.0,fenzi_whir_core_0p8_plus_m31_mul_0p75,log_inv_rate,1,2,8,215,263,640,48754,16597670.083185,16538648.687895,16656691.478474,16544805.554776,52864.528408,11.855479,39.573052,false,predicted CU exceeds the transaction compute budget,false,predicted CU exceeds the transaction compute budget
qualified-whir-t100-r2-g8-whir_capacity_full-baseline,WHIR,whir_capacity_full,100.0,baseline,log_inv_rate,1,2,8,99,123,640,25170,13260215.207577,13201193.812288,13319236.602867,13232535.316213,27679.891364,9.471582,20.430195,false,predicted CU exceeds the transaction compute budget,false,predicted CU exceeds the transaction compute budget
qualified-whir-t100-r2-g8-whir_capacity_full-fenzi_whir_core_0p8,WHIR,whir_capacity_full,100.0,fenzi_whir_core_0p8,log_inv_rate,1,2,8,99,123,640,25170,10613883.782636,10554862.387346,10672905.177926,10586203.891272,27679.891364,7.581346,20.430195,false,predicted CU exceeds the transaction compute budget,false,predicted CU exceeds the transaction compute budget
qualified-whir-t100-r2-g8-whir_capacity_full-m31_mul_0p75,WHIR,whir_capacity_full,100.0,m31_mul_0p75,log_inv_rate,1,2,8,99,123,640,25170,10213584.631711,10154563.236422,10272606.027001,10185904.740347,27679.891364,7.295418,20.430195,false,predicted CU exceeds the transaction compute budget,false,predicted CU exceeds the transaction compute budget
qualified-whir-t100-r2-g8-whir_capacity_full-fenzi_whir_core_0p8_plus_m31_mul_0p75,WHIR,whir_capacity_full,100.0,fenzi_whir_core_0p8_plus_m31_mul_0p75,log_inv_rate,1,2,8,99,123,640,25170,8176579.321943,8117557.926654,8235600.717233,8148899.430579,27679.891364,5.840414,20.430195,false,predicted CU exceeds the transaction compute budget,false,predicted CU exceeds the transaction compute budget
qualified-whir-t100-r2-g16-whir_johnson_full-baseline,WHIR,whir_johnson_full,100.0,baseline,log_inv_rate,1,2,16,196,240,640,44874,24801959.012048,24742937.616759,24860980.407338,24753222.554264,48736.457784,17.715685,36.423701,false,predicted CU exceeds the transaction compute budget,false,predicted CU exceeds the transaction compute budget
qualified-whir-t100-r2-g16-whir_johnson_full-fenzi_whir_core_0p8,WHIR,whir_johnson_full,100.0,fenzi_whir_core_0p8,log_inv_rate,1,2,16,196,240,640,44874,19851490.139497,19792468.744207,19910511.534786,19802753.681712,48736.457784,14.179636,36.423701,false,predicted CU exceeds the transaction compute budget,false,predicted CU exceeds the transaction compute budget
qualified-whir-t100-r2-g16-whir_johnson_full-m31_mul_0p75,WHIR,whir_johnson_full,100.0,m31_mul_0p75,log_inv_rate,1,2,16,196,240,640,44874,19005224.318750,18946202.923461,19064245.714040,18956487.860966,48736.457784,13.575160,36.423701,false,predicted CU exceeds the transaction compute budget,false,predicted CU exceeds the transaction compute budget
qualified-whir-t100-r2-g16-whir_johnson_full-fenzi_whir_core_0p8_plus_m31_mul_0p75,WHIR,whir_johnson_full,100.0,fenzi_whir_core_0p8_plus_m31_mul_0p75,log_inv_rate,1,2,16,196,240,640,44874,15214102.384858,15155080.989569,15273123.780148,15165365.927074,48736.457784,10.867216,36.423701,false,predicted CU exceeds the transaction compute budget,false,predicted CU exceeds the transaction compute budget
qualified-whir-t100-r2-g16-whir_capacity_full-baseline,WHIR,whir_capacity_full,100.0,baseline,log_inv_rate,1,2,16,91,113,640,23458,12272944.703046,12213923.307757,12331966.098336,12247148.000541,25796.702505,8.766389,19.040584,false,predicted CU exceeds the transaction compute budget,false,predicted CU exceeds the transaction compute budget
qualified-whir-t100-r2-g16-whir_capacity_full-fenzi_whir_core_0p8,WHIR,whir_capacity_full,100.0,fenzi_whir_core_0p8,log_inv_rate,1,2,16,91,113,640,23458,9823690.741239,9764669.345950,9882712.136529,9797894.038734,25796.702505,7.016922,19.040584,false,predicted CU exceeds the transaction compute budget,false,predicted CU exceeds the transaction compute budget
qualified-whir-t100-r2-g16-whir_capacity_full-m31_mul_0p75,WHIR,whir_capacity_full,100.0,m31_mul_0p75,log_inv_rate,1,2,16,91,113,640,23458,9461365.761149,9402344.365859,9520387.156438,9435569.058644,25796.702505,6.758118,19.040584,false,predicted CU exceeds the transaction compute budget,false,predicted CU exceeds the transaction compute budget
qualified-whir-t100-r2-g16-whir_capacity_full-fenzi_whir_core_0p8_plus_m31_mul_0p75,WHIR,whir_capacity_full,100.0,fenzi_whir_core_0p8_plus_m31_mul_0p75,log_inv_rate,1,2,16,91,113,640,23458,7574427.587721,7515406.192432,7633448.983011,7548630.885216,25796.702505,5.410305,19.040584,false,predicted CU exceeds the transaction compute budget,false,predicted CU exceeds the transaction compute budget
qualified-whir-t100-r2-g20-whir_johnson_full-baseline,WHIR,whir_johnson_full,100.0,baseline,log_inv_rate,1,2,20,187,229,640,43010,23716520.056078,23657498.660789,23775541.451368,23669787.351455,46732.704623,16.940371,34.910714,false,predicted CU exceeds the transaction compute budget,false,predicted CU exceeds the transaction compute budget
qualified-whir-t100-r2-g20-whir_johnson_full-fenzi_whir_core_0p8,WHIR,whir_johnson_full,100.0,fenzi_whir_core_0p8,log_inv_rate,1,2,20,187,229,640,43010,18982738.224089,18923716.828799,19041759.619378,18936005.519465,46732.704623,13.559099,34.910714,false,predicted CU exceeds the transaction compute budget,false,predicted CU exceeds the transaction compute budget
qualified-whir-t100-r2-g20-whir_johnson_full-m31_mul_0p75,WHIR,whir_johnson_full,100.0,m31_mul_0p75,log_inv_rate,1,2,20,187,229,640,43010,18178342.160146,18119320.764856,18237363.555435,18131609.455522,46732.704623,12.984530,34.910714,false,predicted CU exceeds the transaction compute budget,false,predicted CU exceeds the transaction compute budget
qualified-whir-t100-r2-g20-whir_johnson_full-fenzi_whir_core_0p8_plus_m31_mul_0p75,WHIR,whir_johnson_full,100.0,fenzi_whir_core_0p8_plus_m31_mul_0p75,log_inv_rate,1,2,20,187,229,640,43010,14552195.907342,14493174.512053,14611217.302632,14505463.202719,46732.704623,10.394426,34.910714,false,predicted CU exceeds the transaction compute budget,false,predicted CU exceeds the transaction compute budget
qualified-whir-t100-r2-g20-whir_capacity_full-baseline,WHIR,whir_capacity_full,100.0,baseline,log_inv_rate,1,2,20,87,108,640,22602,11779396.993129,11720375.597839,11838418.388419,11754454.342705,24942.650424,8.413855,18.345779,false,predicted CU exceeds the transaction compute budget,false,predicted CU exceeds the transaction compute budget
qualified-whir-t100-r2-g20-whir_capacity_full-fenzi_whir_core_0p8,WHIR,whir_capacity_full,100.0,fenzi_whir_core_0p8,log_inv_rate,1,2,20,87,108,640,22602,9428681.762889,9369660.367600,9487703.158179,9403739.112465,24942.650424,6.734773,18.345779,false,predicted CU exceeds the transaction compute budget,false,predicted CU exceeds the transaction compute budget
qualified-whir-t100-r2-g20-whir_capacity_full-m31_mul_0p75,WHIR,whir_capacity_full,100.0,m31_mul_0p75,log_inv_rate,1,2,20,87,108,640,22602,9085343.868216,9026322.472926,9144365.263505,9060401.217792,24942.650424,6.489531,18.345779,false,predicted CU exceeds the transaction compute budget,false,predicted CU exceeds the transaction compute budget
qualified-whir-t100-r2-g20-whir_capacity_full-fenzi_whir_core_0p8_plus_m31_mul_0p75,WHIR,whir_capacity_full,100.0,fenzi_whir_core_0p8_plus_m31_mul_0p75,log_inv_rate,1,2,20,87,108,640,22602,7273439.262959,7214417.867669,7332460.658248,7248496.612535,24942.650424,5.195314,18.345779,false,predicted CU exceeds the transaction compute budget,false,predicted CU exceeds the transaction compute budget
qualified-whir-t100-r2-g24-whir_johnson_full-baseline,WHIR,whir_johnson_full,100.0,baseline,log_inv_rate,1,2,24,177,217,640,40994,22532912.648669,22473891.253379,22591934.043959,22488304.261509,44608.387160,16.094938,33.274351,false,predicted CU exceeds the transaction compute budget,false,predicted CU exceeds the transaction compute budget
qualified-whir-t100-r2-g24-whir_johnson_full-fenzi_whir_core_0p8,WHIR,whir_johnson_full,100.0,fenzi_whir_core_0p8,log_inv_rate,1,2,24,177,217,640,40994,18035427.434669,17976406.039379,18094448.829958,17990819.047508,44608.387160,12.882448,33.274351,false,predicted CU exceeds the transaction compute budget,false,predicted CU exceeds the transaction compute budget
qualified-whir-t100-r2-g24-whir_johnson_full-m31_mul_0p75,WHIR,whir_johnson_full,100.0,m31_mul_0p75,log_inv_rate,1,2,24,177,217,640,40994,17276796.713499,17217775.318209,17335818.108788,17232188.326338,44608.387160,12.340569,33.274351,false,predicted CU exceeds the transaction compute budget,false,predicted CU exceeds the transaction compute budget
qualified-whir-t100-r2-g24-whir_johnson_full-fenzi_whir_core_0p8_plus_m31_mul_0p75,WHIR,whir_johnson_full,100.0,fenzi_whir_core_0p8_plus_m31_mul_0p75,log_inv_rate,1,2,24,177,217,640,40994,13830534.686532,13771513.291243,13889556.081822,13785926.299372,44608.387160,9.878953,33.274351,false,predicted CU exceeds the transaction compute budget,false,predicted CU exceeds the transaction compute budget
qualified-whir-t100-r2-g24-whir_capacity_full-baseline,WHIR,whir_capacity_full,100.0,baseline,log_inv_rate,1,2,24,82,102,640,21594,11187505.747076,11128484.351787,11246527.142366,11163712.797732,23792.949344,7.991076,17.527597,false,predicted CU exceeds the transaction compute budget,false,predicted CU exceeds the transaction compute budget
qualified-whir-t100-r2-g24-whir_capacity_full-fenzi_whir_core_0p8,WHIR,whir_capacity_full,100.0,fenzi_whir_core_0p8,log_inv_rate,1,2,24,82,102,640,21594,8954938.825831,8895917.430541,9013960.221121,8931145.876487,23792.949344,6.396385,17.527597,false,predicted CU exceeds the transaction compute budget,false,predicted CU exceeds the transaction compute budget
qualified-whir-t100-r2-g24-whir_capacity_full-m31_mul_0p75,WHIR,whir_capacity_full,100.0,m31_mul_0p75,log_inv_rate,1,2,24,82,102,640,21594,8634483.602544,8575462.207255,8693504.997834,8610690.653200,23792.949344,6.167488,17.527597,false,predicted CU exceeds the transaction compute budget,false,predicted CU exceeds the transaction compute budget
qualified-whir-t100-r2-g24-whir_capacity_full-fenzi_whir_core_0p8_plus_m31_mul_0p75,WHIR,whir_capacity_full,100.0,fenzi_whir_core_0p8_plus_m31_mul_0p75,log_inv_rate,1,2,24,82,102,640,21594,6912521.110205,6853499.714916,6971542.505495,6888728.160861,23792.949344,4.937515,17.527597,false,predicted CU exceeds the transaction compute budget,false,predicted CU exceeds the transaction compute budget
qualified-whir-t100-r2-g32-whir_johnson_full-baseline,WHIR,whir_johnson_full,100.0,baseline,log_inv_rate,1,2,32,159,195,640,37266,20362034.736729,20303013.341439,20421056.132018,20321433.855890,40600.880838,14.544311,30.248377,false,predicted CU exceeds the transaction compute budget,false,predicted CU exceeds the transaction compute budget
qualified-whir-t100-r2-g32-whir_johnson_full-fenzi_whir_core_0p8,WHIR,whir_johnson_full,100.0,fenzi_whir_core_0p8,log_inv_rate,1,2,32,159,195,640,37266,16297923.603852,16238902.208562,16356944.999142,16257322.723014,40600.880838,11.641374,30.248377,false,predicted CU exceeds the transaction compute budget,false,predicted CU exceeds the transaction compute budget
qualified-whir-t100-r2-g32-whir_johnson_full-m31_mul_0p75,WHIR,whir_johnson_full,100.0,m31_mul_0p75,log_inv_rate,1,2,32,159,195,640,37266,15623032.396289,15564011.001000,15682053.791579,15582431.515451,40600.880838,11.159309,30.248377,false,predicted CU exceeds the transaction compute budget,false,predicted CU exceeds the transaction compute budget
qualified-whir-t100-r2-g32-whir_johnson_full-fenzi_whir_core_0p8_plus_m31_mul_0p75,WHIR,whir_johnson_full,100.0,fenzi_whir_core_0p8_plus_m31_mul_0p75,log_inv_rate,1,2,32,159,195,640,37266,12506721.731500,12447700.336211,12565743.126790,12466120.850662,40600.880838,8.933373,30.248377,false,predicted CU exceeds the transaction compute budget,false,predicted CU exceeds the transaction compute budget
qualified-whir-t100-r2-g32-whir_capacity_full-baseline,WHIR,whir_capacity_full,100.0,baseline,log_inv_rate,1,2,32,74,92,640,19882,10200410.327241,10141388.931952,10259431.722531,10178325.482060,22084.845181,7.286007,16.137987,false,predicted CU exceeds the transaction compute budget,false,predicted CU exceeds the transaction compute budget
qualified-whir-t100-r2-g32-whir_capacity_full-fenzi_whir_core_0p8,WHIR,whir_capacity_full,100.0,fenzi_whir_core_0p8,log_inv_rate,1,2,32,74,92,640,19882,8164920.869131,8105899.473841,8223942.264420,8142836.023949,22084.845181,5.832086,16.137987,false,predicted CU exceeds the transaction compute budget,false,predicted CU exceeds the transaction compute budget
qualified-whir-t100-r2-g32-whir_capacity_full-m31_mul_0p75,WHIR,whir_capacity_full,100.0,m31_mul_0p75,log_inv_rate,1,2,32,74,92,640,19882,7882439.816678,7823418.421388,7941461.211967,7860354.971496,22084.845181,5.630314,16.137987,false,predicted CU exceeds the transaction compute budget,false,predicted CU exceeds the transaction compute budget
qualified-whir-t100-r2-g32-whir_capacity_full-fenzi_whir_core_0p8_plus_m31_mul_0p75,WHIR,whir_capacity_full,100.0,fenzi_whir_core_0p8_plus_m31_mul_0p75,log_inv_rate,1,2,32,74,92,640,19882,6310544.460680,6251523.065390,6369565.855969,6288459.615498,22084.845181,4.507532,16.137987,false,predicted CU exceeds the transaction compute budget,false,predicted CU exceeds the transaction compute budget
qualified-whir-t100-r4-g0-whir_johnson_full-baseline,WHIR,whir_johnson_full,100.0,baseline,log_inv_rate,2,4,0,108,150,640,35858,16085737.974122,16026716.578832,16144759.369411,16046604.068842,39133.905280,11.489813,29.105519,false,predicted CU exceeds the transaction compute budget,false,predicted CU exceeds the transaction compute budget
qualified-whir-t100-r4-g0-whir_johnson_full-fenzi_whir_core_0p8,WHIR,whir_johnson_full,100.0,fenzi_whir_core_0p8,log_inv_rate,2,4,0,108,150,640,35858,12876592.798655,12817571.403365,12935614.193944,12837458.893375,39133.905280,9.197566,29.105519,false,predicted CU exceeds the transaction compute budget,false,predicted CU exceeds the transaction compute budget
qualified-whir-t100-r4-g0-whir_johnson_full-m31_mul_0p75,WHIR,whir_johnson_full,100.0,m31_mul_0p75,log_inv_rate,2,4,0,108,150,640,35858,12404467.986541,12345446.591251,12463489.381830,12365334.081261,39133.905280,8.860334,29.105519,false,predicted CU exceeds the transaction compute budget,false,predicted CU exceeds the transaction compute budget
qualified-whir-t100-r4-g0-whir_johnson_full-fenzi_whir_core_0p8_plus_m31_mul_0p75,WHIR,whir_johnson_full,100.0,fenzi_whir_core_0p8_plus_m31_mul_0p75,log_inv_rate,2,4,0,108,150,640,35858,9931576.808590,9872555.413300,9990598.203879,9892442.903310,39133.905280,7.093983,29.105519,false,predicted CU exceeds the transaction compute budget,false,predicted CU exceeds the transaction compute budget
qualified-whir-t100-r4-g0-whir_capacity_full-baseline,WHIR,whir_capacity_full,100.0,baseline,log_inv_rate,2,4,0,52,73,640,19674,8404131.170001,8345109.774711,8463152.565291,8382386.392245,21744.777756,6.002951,15.969156,false,predicted CU exceeds the transaction compute budget,false,predicted CU exceeds the transaction compute budget
qualified-whir-t100-r4-g0-whir_capacity_full-fenzi_whir_core_0p8,WHIR,whir_capacity_full,100.0,fenzi_whir_core_0p8,log_inv_rate,2,4,0,52,73,640,19674,6727829.529853,6668808.134564,6786850.925143,6706084.752097,21744.777756,4.805593,15.969156,false,predicted CU exceeds the transaction compute budget,false,predicted CU exceeds the transaction compute budget
qualified-whir-t100-r4-g0-whir_capacity_full-m31_mul_0p75,WHIR,whir_capacity_full,100.0,m31_mul_0p75,log_inv_rate,2,4,0,52,73,640,19674,6532758.763978,6473737.368688,6591780.159267,6511013.986222,21744.777756,4.666256,15.969156,false,predicted CU exceeds the transaction compute budget,false,predicted CU exceeds the transaction compute budget
qualified-whir-t100-r4-g0-whir_capacity_full-fenzi_whir_core_0p8_plus_m31_mul_0p75,WHIR,whir_capacity_full,100.0,fenzi_whir_core_0p8_plus_m31_mul_0p75,log_inv_rate,2,4,0,52,73,640,19674,5230731.605035,5171710.209745,5289753.000324,5208986.827279,21744.777756,3.736237,15.969156,false,predicted CU exceeds the transaction compute budget,false,predicted CU exceeds the transaction compute budget
qualified-whir-t100-r4-g8-whir_johnson_full-baseline,WHIR,whir_johnson_full,100.0,baseline,log_inv_rate,2,4,8,99,137,640,33106,14788347.991545,14729326.596256,14847369.386835,14752272.358163,36075.633383,10.563106,26.871753,false,predicted CU exceeds the transaction compute budget,false,predicted CU exceeds the transaction compute budget
qualified-whir-t100-r4-g8-whir_johnson_full-fenzi_whir_core_0p8,WHIR,whir_johnson_full,100.0,fenzi_whir_core_0p8,log_inv_rate,2,4,8,99,137,640,33106,11838069.158214,11779047.762925,11897090.553504,11801993.524831,36075.633383,8.455764,26.871753,false,predicted CU exceeds the transaction compute budget,false,predicted CU exceeds the transaction compute budget
qualified-whir-t100-r4-g8-whir_johnson_full-m31_mul_0p75,WHIR,whir_johnson_full,100.0,m31_mul_0p75,log_inv_rate,2,4,8,99,137,640,33106,11412645.128124,11353623.732834,11471666.523413,11376569.494741,36075.633383,8.151889,26.871753,false,predicted CU exceeds the transaction compute budget,false,predicted CU exceeds the transaction compute budget
qualified-whir-t100-r4-g8-whir_johnson_full-fenzi_whir_core_0p8_plus_m31_mul_0p75,WHIR,whir_johnson_full,100.0,fenzi_whir_core_0p8_plus_m31_mul_0p75,log_inv_rate,2,4,8,99,137,640,33106,9137506.867477,9078485.472187,9196528.262766,9101431.234094,36075.633383,6.526791,26.871753,false,predicted CU exceeds the transaction compute budget,false,predicted CU exceeds the transaction compute budget
qualified-whir-t100-r4-g8-whir_capacity_full-baseline,WHIR,whir_capacity_full,100.0,baseline,log_inv_rate,2,4,8,48,67,640,18402,7805410.529699,7746389.134410,7864431.924989,7785024.854179,20385.675520,5.575293,14.936688,false,predicted CU exceeds the transaction compute budget,false,predicted CU exceeds the transaction compute budget
qualified-whir-t100-r4-g8-whir_capacity_full-fenzi_whir_core_0p8,WHIR,whir_capacity_full,100.0,fenzi_whir_core_0p8,log_inv_rate,2,4,8,48,67,640,18402,6248581.197165,6189559.801875,6307602.592454,6228195.521645,20385.675520,4.463272,14.936688,false,predicted CU exceeds the transaction compute budget,false,predicted CU exceeds the transaction compute budget
qualified-whir-t100-r4-g8-whir_capacity_full-m31_mul_0p75,WHIR,whir_capacity_full,100.0,m31_mul_0p75,log_inv_rate,2,4,8,48,67,640,18402,6075069.104057,6016047.708768,6134090.499347,6054683.428537,20385.675520,4.339335,14.936688,false,predicted CU exceeds the transaction compute budget,false,predicted CU exceeds the transaction compute budget
qualified-whir-t100-r4-g8-whir_capacity_full-fenzi_whir_core_0p8_plus_m31_mul_0p75,WHIR,whir_capacity_full,100.0,fenzi_whir_core_0p8_plus_m31_mul_0p75,log_inv_rate,2,4,8,48,67,640,18402,4864308.056651,4805286.661362,4923329.451941,4843922.381131,20385.675520,3.474506,14.936688,false,predicted CU exceeds the transaction compute budget,false,predicted CU exceeds the transaction compute budget
qualified-whir-t100-r4-g16-whir_johnson_full-baseline,WHIR,whir_johnson_full,100.0,baseline,log_inv_rate,2,4,16,91,126,640,30794,13691100.651454,13632079.256165,13750122.046744,13657384.118649,33716.532805,9.779358,24.995130,false,predicted CU exceeds the transaction compute budget,false,predicted CU exceeds the transaction compute budget
qualified-whir-t100-r4-g16-whir_johnson_full-fenzi_whir_core_0p8,WHIR,whir_johnson_full,100.0,fenzi_whir_core_0p8,log_inv_rate,2,4,16,91,126,640,30794,10959799.466026,10900778.070736,11018820.861315,10926082.933220,33716.532805,7.828428,24.995130,false,predicted CU exceeds the transaction compute budget,false,predicted CU exceeds the transaction compute budget
qualified-whir-t100-r4-g16-whir_johnson_full-m31_mul_0p75,WHIR,whir_johnson_full,100.0,m31_mul_0p75,log_inv_rate,2,4,16,91,126,640,30794,10573954.585398,10514933.190108,10632975.980687,10540238.052592,33716.532805,7.552825,24.995130,false,predicted CU exceeds the transaction compute budget,false,predicted CU exceeds the transaction compute budget
qualified-whir-t100-r4-g16-whir_johnson_full-fenzi_whir_core_0p8_plus_m31_mul_0p75,WHIR,whir_johnson_full,100.0,fenzi_whir_core_0p8_plus_m31_mul_0p75,log_inv_rate,2,4,16,91,126,640,30794,8466082.613180,8407061.217891,8525104.008470,8432366.080375,33716.532805,6.047202,24.995130,false,predicted CU exceeds the transaction compute budget,false,predicted CU exceeds the transaction compute budget
qualified-whir-t100-r4-g16-whir_capacity_full-baseline,WHIR,whir_capacity_full,100.0,baseline,log_inv_rate,2,4,16,44,62,640,17386,7307645.539739,7248624.144449,7366666.935028,7288240.826091,19404.713647,5.219747,14.112013,false,predicted CU exceeds the transaction compute budget,false,predicted CU exceeds the transaction compute budget
qualified-whir-t100-r4-g16-whir_capacity_full-fenzi_whir_core_0p8,WHIR,whir_capacity_full,100.0,fenzi_whir_core_0p8,log_inv_rate,2,4,16,44,62,640,17386,5850173.012822,5791151.617532,5909194.408111,5830768.299174,19404.713647,4.178695,14.112013,false,predicted CU exceeds the transaction compute budget,false,predicted CU exceeds the transaction compute budget
qualified-whir-t100-r4-g16-whir_capacity_full-m31_mul_0p75,WHIR,whir_capacity_full,100.0,m31_mul_0p75,log_inv_rate,2,4,16,44,62,640,17386,5694829.931081,5635808.535791,5753851.326370,5675425.217434,19404.713647,4.067736,14.112013,false,predicted CU exceeds the transaction compute budget,false,predicted CU exceeds the transaction compute budget
qualified-whir-t100-r4-g16-whir_capacity_full-fenzi_whir_core_0p8_plus_m31_mul_0p75,WHIR,whir_capacity_full,100.0,fenzi_whir_core_0p8_plus_m31_mul_0p75,log_inv_rate,2,4,16,44,62,640,17386,4559920.525895,4500899.130606,4618941.921185,4540515.812248,19404.713647,3.257086,14.112013,false,predicted CU exceeds the transaction compute budget,false,predicted CU exceeds the transaction compute budget
qualified-whir-t100-r4-g20-whir_johnson_full-baseline,WHIR,whir_johnson_full,100.0,baseline,log_inv_rate,2,4,20,87,120,640,29498,13091618.301324,13032596.906034,13150639.696613,13059279.907223,32338.394101,9.351156,23.943182,false,predicted CU exceeds the transaction compute budget,false,predicted CU exceeds the transaction compute budget
qualified-whir-t100-r4-g20-whir_johnson_full-fenzi_whir_core_0p8,WHIR,whir_johnson_full,100.0,fenzi_whir_core_0p8,log_inv_rate,2,4,20,87,120,640,29498,10479937.958180,10420916.562891,10538959.353470,10447599.564079,32338.394101,7.485670,23.943182,false,predicted CU exceeds the transaction compute budget,false,predicted CU exceeds the transaction compute budget
qualified-whir-t100-r4-g20-whir_johnson_full-m31_mul_0p75,WHIR,whir_johnson_full,100.0,m31_mul_0p75,log_inv_rate,2,4,20,87,120,640,29498,10115503.215648,10056481.820359,10174524.610938,10083164.821547,32338.394101,7.225359,23.943182,false,predicted CU exceeds the transaction compute budget,false,predicted CU exceeds the transaction compute budget
qualified-whir-t100-r4-g20-whir_johnson_full-fenzi_whir_core_0p8_plus_m31_mul_0p75,WHIR,whir_johnson_full,100.0,fenzi_whir_core_0p8_plus_m31_mul_0p75,log_inv_rate,2,4,20,87,120,640,29498,8099045.889640,8040024.494350,8158067.284929,8066707.495539,32338.394101,5.785033,23.943182,false,predicted CU exceeds the transaction compute budget,false,predicted CU exceeds the transaction compute budget
qualified-whir-t100-r4-g20-whir_capacity_full-baseline,WHIR,whir_capacity_full,100.0,baseline,log_inv_rate,2,4,20,42,59,640,16738,7007904.364673,6948882.969384,7066925.759963,6989188.720378,18715.644295,5.005646,13.586039,false,predicted CU exceeds the transaction compute budget,false,predicted CU exceeds the transaction compute budget
qualified-whir-t100-r4-g20-whir_capacity_full-fenzi_whir_core_0p8,WHIR,whir_capacity_full,100.0,fenzi_whir_core_0p8,log_inv_rate,2,4,20,42,59,640,16738,5610242.258899,5551220.863609,5669263.654189,5591526.614604,18715.644295,4.007316,13.586039,false,predicted CU exceeds the transaction compute budget,false,predicted CU exceeds the transaction compute budget
qualified-whir-t100-r4-g20-whir_capacity_full-m31_mul_0p75,WHIR,whir_capacity_full,100.0,m31_mul_0p75,log_inv_rate,2,4,20,42,59,640,16738,5465604.246206,5406582.850917,5524625.641496,5446888.601911,18715.644295,3.904003,13.586039,false,predicted CU exceeds the transaction compute budget,false,predicted CU exceeds the transaction compute budget
qualified-whir-t100-r4-g20-whir_capacity_full-fenzi_whir_core_0p8_plus_m31_mul_0p75,WHIR,whir_capacity_full,100.0,fenzi_whir_core_0p8_plus_m31_mul_0p75,log_inv_rate,2,4,20,42,59,640,16738,4376402.164125,4317380.768836,4435423.559415,4357686.519830,18715.644295,3.126002,13.586039,false,predicted CU exceeds the transaction compute budget,false,predicted CU exceeds the transaction compute budget
qualified-whir-t100-r4-g24-whir_johnson_full-baseline,WHIR,whir_johnson_full,100.0,baseline,log_inv_rate,2,4,24,82,114,640,28298,12494666.319219,12435644.923929,12553687.714508,12463629.917948,31036.401271,8.924762,22.969156,false,predicted CU exceeds the transaction compute budget,false,predicted CU exceeds the transaction compute budget
qualified-whir-t100-r4-g24-whir_johnson_full-fenzi_whir_core_0p8,WHIR,whir_johnson_full,100.0,fenzi_whir_core_0p8,log_inv_rate,2,4,24,82,114,640,28298,10002115.973931,9943094.578641,10061137.369220,9971079.572659,31036.401271,7.144369,22.969156,false,predicted CU exceeds the transaction compute budget,false,predicted CU exceeds the transaction compute budget
qualified-whir-t100-r4-g24-whir_johnson_full-m31_mul_0p75,WHIR,whir_johnson_full,100.0,m31_mul_0p75,log_inv_rate,2,4,24,82,114,640,28298,9659582.213925,9600560.818635,9718603.609214,9628545.812653,31036.401271,6.899702,22.969156,false,predicted CU exceeds the transaction compute budget,false,predicted CU exceeds the transaction compute budget
qualified-whir-t100-r4-g24-whir_johnson_full-fenzi_whir_core_0p8_plus_m31_mul_0p75,WHIR,whir_johnson_full,100.0,fenzi_whir_core_0p8_plus_m31_mul_0p75,log_inv_rate,2,4,24,82,114,640,28298,7734048.689695,7675027.294406,7793070.084985,7703012.288424,31036.401271,5.524320,22.969156,false,predicted CU exceeds the transaction compute budget,false,predicted CU exceeds the transaction compute budget
qualified-whir-t100-r4-g24-whir_capacity_full-baseline,WHIR,whir_capacity_full,100.0,baseline,log_inv_rate,2,4,24,40,56,640,16090,6708163.189608,6649141.794319,6767184.584898,6690136.614665,18026.574943,4.791545,13.060065,false,predicted CU exceeds the transaction compute budget,false,predicted CU exceeds the transaction compute budget
qualified-whir-t100-r4-g24-whir_capacity_full-fenzi_whir_core_0p8,WHIR,whir_capacity_full,100.0,fenzi_whir_core_0p8,log_inv_rate,2,4,24,40,56,640,16090,5370311.504976,5311290.109687,5429332.900266,5352284.930033,18026.574943,3.835937,13.060065,false,predicted CU exceeds the transaction compute budget,false,predicted CU exceeds the transaction compute budget
qualified-whir-t100-r4-g24-whir_capacity_full-m31_mul_0p75,WHIR,whir_capacity_full,100.0,m31_mul_0p75,log_inv_rate,2,4,24,40,56,640,16090,5236378.561331,5177357.166042,5295399.956621,5218351.986389,18026.574943,3.740270,13.060065,false,predicted CU exceeds the transaction compute budget,false,predicted CU exceeds the transaction compute budget
qualified-whir-t100-r4-g24-whir_capacity_full-fenzi_whir_core_0p8_plus_m31_mul_0p75,WHIR,whir_capacity_full,100.0,fenzi_whir_core_0p8_plus_m31_mul_0p75,log_inv_rate,2,4,24,40,56,640,16090,4192883.802355,4133862.407065,4251905.197644,4174857.227412,18026.574943,2.994917,13.060065,false,predicted CU exceeds the transaction compute budget,false,predicted CU exceeds the transaction compute budget
qualified-whir-t100-r4-g32-whir_johnson_full-baseline,WHIR,whir_johnson_full,100.0,baseline,log_inv_rate,2,4,32,74,102,640,25706,11295701.618958,11236680.223668,11354723.014247,11267421.495095,28280.123862,8.068358,20.865260,false,predicted CU exceeds the transaction compute budget,false,predicted CU exceeds the transaction compute budget
qualified-whir-t100-r4-g32-whir_johnson_full-fenzi_whir_core_0p8,WHIR,whir_johnson_full,100.0,fenzi_whir_core_0p8,log_inv_rate,2,4,32,74,102,640,25706,9042392.958240,8983371.562950,9101414.353529,9014112.834378,28280.123862,6.458852,20.865260,false,predicted CU exceeds the transaction compute budget,false,predicted CU exceeds the transaction compute budget
qualified-whir-t100-r4-g32-whir_johnson_full-m31_mul_0p75,WHIR,whir_johnson_full,100.0,m31_mul_0p75,log_inv_rate,2,4,32,74,102,640,25706,8742679.474426,8683658.079136,8801700.869715,8714399.350563,28280.123862,6.244771,20.865260,false,predicted CU exceeds the transaction compute budget,false,predicted CU exceeds the transaction compute budget
qualified-whir-t100-r4-g32-whir_johnson_full-fenzi_whir_core_0p8_plus_m31_mul_0p75,WHIR,whir_johnson_full,100.0,fenzi_whir_core_0p8_plus_m31_mul_0p75,log_inv_rate,2,4,32,74,102,640,25706,6999975.242614,6940953.847325,7058996.637904,6971695.118752,28280.123862,4.999982,20.865260,false,predicted CU exceeds the transaction compute budget,false,predicted CU exceeds the transaction compute budget
qualified-whir-t100-r4-g32-whir_capacity_full-baseline,WHIR,whir_capacity_full,100.0,baseline,log_inv_rate,2,4,32,36,50,640,14794,6108680.839477,6049659.444188,6167702.234767,6092032.403239,16648.436238,4.363343,12.008117,false,predicted CU exceeds the transaction compute budget,false,predicted CU exceeds the transaction compute budget
qualified-whir-t100-r4-g32-whir_capacity_full-fenzi_whir_core_0p8,WHIR,whir_capacity_full,100.0,fenzi_whir_core_0p8,log_inv_rate,2,4,32,36,50,640,14794,4890449.997131,4831428.601841,4949471.392420,4873801.560893,16648.436238,3.493179,12.008117,false,predicted CU exceeds the transaction compute budget,false,predicted CU exceeds the transaction compute budget
qualified-whir-t100-r4-g32-whir_capacity_full-m31_mul_0p75,WHIR,whir_capacity_full,100.0,m31_mul_0p75,log_inv_rate,2,4,32,36,50,640,14794,4777927.191582,4718905.796292,4836948.586871,4761278.755344,16648.436238,3.412805,12.008117,false,predicted CU exceeds the transaction compute budget,false,predicted CU exceeds the transaction compute budget
qualified-whir-t100-r4-g32-whir_capacity_full-fenzi_whir_core_0p8_plus_m31_mul_0p75,WHIR,whir_capacity_full,100.0,fenzi_whir_core_0p8_plus_m31_mul_0p75,log_inv_rate,2,4,32,36,50,640,14794,3825847.078814,3766825.683525,3884868.474104,3809198.642576,16648.436238,2.732748,12.008117,false,predicted CU exceeds the transaction compute budget,false,predicted CU exceeds the transaction compute budget
qualified-whir-t100-r8-g0-whir_johnson_full-baseline,WHIR,whir_johnson_full,100.0,baseline,log_inv_rate,3,8,0,70,105,640,30346,11700171.503353,11641150.108063,11759192.898643,11666985.402660,33186.100693,8.357265,24.631494,false,predicted CU exceeds the transaction compute budget,false,predicted CU exceeds the transaction compute budget
qualified-whir-t100-r8-g0-whir_johnson_full-fenzi_whir_core_0p8,WHIR,whir_johnson_full,100.0,fenzi_whir_core_0p8,log_inv_rate,3,8,0,70,105,640,30346,9366950.061122,9307928.665833,9425971.456412,9333763.960430,33186.100693,6.690679,24.631494,false,predicted CU exceeds the transaction compute budget,false,predicted CU exceeds the transaction compute budget
qualified-whir-t100-r8-g0-whir_johnson_full-m31_mul_0p75,WHIR,whir_johnson_full,100.0,m31_mul_0p75,log_inv_rate,3,8,0,70,105,640,30346,9076633.868630,9017612.473341,9135655.263920,9043447.767938,33186.100693,6.483310,24.631494,false,predicted CU exceeds the transaction compute budget,false,predicted CU exceeds the transaction compute budget
qualified-whir-t100-r8-g0-whir_johnson_full-fenzi_whir_core_0p8_plus_m31_mul_0p75,WHIR,whir_johnson_full,100.0,fenzi_whir_core_0p8_plus_m31_mul_0p75,log_inv_rate,3,8,0,70,105,640,30346,7268119.953344,7209098.558055,7327141.348634,7234933.852652,33186.100693,5.191514,24.631494,false,predicted CU exceeds the transaction compute budget,false,predicted CU exceeds the transaction compute budget
qualified-whir-t100-r8-g0-whir_capacity_full-baseline,WHIR,whir_capacity_full,100.0,baseline,log_inv_rate,3,8,0,35,52,640,17212,6358978.618584,6299957.223294,6418000.013873,6339887.004031,19091.614553,4.542128,13.970779,false,predicted CU exceeds the transaction compute budget,false,predicted CU exceeds the transaction compute budget
qualified-whir-t100-r8-g0-whir_capacity_full-fenzi_whir_core_0p8,WHIR,whir_capacity_full,100.0,fenzi_whir_core_0p8,log_inv_rate,3,8,0,35,52,640,17212,5091176.856079,5032155.460789,5150198.251368,5072085.241526,19091.614553,3.636555,13.970779,false,predicted CU exceeds the transaction compute budget,false,predicted CU exceeds the transaction compute budget
qualified-whir-t100-r8-g0-whir_capacity_full-m31_mul_0p75,WHIR,whir_capacity_full,100.0,m31_mul_0p75,log_inv_rate,3,8,0,35,52,640,17212,4981214.643894,4922193.248605,5040236.039184,4962123.029342,19091.614553,3.558010,13.970779,false,predicted CU exceeds the transaction compute budget,false,predicted CU exceeds the transaction compute budget
qualified-whir-t100-r8-g0-whir_capacity_full-fenzi_whir_core_0p8_plus_m31_mul_0p75,WHIR,whir_capacity_full,100.0,fenzi_whir_core_0p8_plus_m31_mul_0p75,log_inv_rate,3,8,0,35,52,640,17212,3988965.676327,3929944.281038,4047987.071617,3969874.061775,19091.614553,2.849261,13.970779,false,predicted CU exceeds the transaction compute budget,false,predicted CU exceeds the transaction compute budget
qualified-whir-t100-r8-g8-whir_johnson_full-baseline,WHIR,whir_johnson_full,100.0,baseline,log_inv_rate,3,8,8,65,97,640,28354,10893973.947365,10834952.552075,10952995.342654,10862893.127666,31080.819698,7.781410,23.014610,false,predicted CU exceeds the transaction compute budget,false,predicted CU exceeds the transaction compute budget
qualified-whir-t100-r8-g8-whir_johnson_full-fenzi_whir_core_0p8,WHIR,whir_johnson_full,100.0,fenzi_whir_core_0p8,log_inv_rate,3,8,8,65,97,640,28354,8721570.960133,8662549.564843,8780592.355422,8690490.140434,31080.819698,6.229694,23.014610,false,predicted CU exceeds the transaction compute budget,false,predicted CU exceeds the transaction compute budget
qualified-whir-t100-r8-g8-whir_johnson_full-m31_mul_0p75,WHIR,whir_johnson_full,100.0,m31_mul_0p75,log_inv_rate,3,8,8,65,97,640,28354,8458477.619817,8399456.224527,8517499.015106,8427396.800118,31080.819698,6.041770,23.014610,false,predicted CU exceeds the transaction compute budget,false,predicted CU exceeds the transaction compute budget
qualified-whir-t100-r8-g8-whir_johnson_full-fenzi_whir_core_0p8_plus_m31_mul_0p75,WHIR,whir_johnson_full,100.0,fenzi_whir_core_0p8_plus_m31_mul_0p75,log_inv_rate,3,8,8,65,97,640,28354,6773173.898094,6714152.502805,6832195.293384,6742093.078396,31080.819698,4.837981,23.014610,false,predicted CU exceeds the transaction compute budget,false,predicted CU exceeds the transaction compute budget
qualified-whir-t100-r8-g8-whir_capacity_full-baseline,WHIR,whir_capacity_full,100.0,baseline,log_inv_rate,3,8,8,32,48,640,16276,5957613.421865,5898592.026575,6016634.817155,5939439.314289,18174.107576,4.255438,13.211039,false,predicted CU exceeds the transaction compute budget,false,predicted CU exceeds the transaction compute budget
qualified-whir-t100-r8-g8-whir_capacity_full-fenzi_whir_core_0p8,WHIR,whir_capacity_full,100.0,fenzi_whir_core_0p8,log_inv_rate,3,8,8,32,48,640,16276,4769901.197308,4710879.802019,4828922.592598,4751727.089733,18174.107576,3.407072,13.211039,false,predicted CU exceeds the transaction compute budget,false,predicted CU exceeds the transaction compute budget
qualified-whir-t100-r8-g8-whir_capacity_full-m31_mul_0p75,WHIR,whir_capacity_full,100.0,m31_mul_0p75,log_inv_rate,3,8,8,32,48,640,16276,4673870.100763,4614848.705474,4732891.496053,4655695.993188,18174.107576,3.338479,13.211039,false,predicted CU exceeds the transaction compute budget,false,predicted CU exceeds the transaction compute budget
qualified-whir-t100-r8-g8-whir_capacity_full-fenzi_whir_core_0p8_plus_m31_mul_0p75,WHIR,whir_capacity_full,100.0,fenzi_whir_core_0p8_plus_m31_mul_0p75,log_inv_rate,3,8,8,32,48,640,16276,3742906.540427,3683885.145137,3801927.935716,3724732.432851,18174.107576,2.673505,13.211039,false,predicted CU exceeds the transaction compute budget,false,predicted CU exceeds the transaction compute budget
qualified-whir-t100-r8-g16-whir_johnson_full-baseline,WHIR,whir_johnson_full,100.0,baseline,log_inv_rate,3,8,16,59,88,640,26122,9986984.233394,9927962.838105,10046005.628684,9958374.144074,28610.089320,7.133560,21.202922,false,predicted CU exceeds the transaction compute budget,false,predicted CU exceeds the transaction compute budget
qualified-whir-t100-r8-g16-whir_johnson_full-fenzi_whir_core_0p8,WHIR,whir_johnson_full,100.0,fenzi_whir_core_0p8,log_inv_rate,3,8,16,59,88,640,26122,7995485.042881,7936463.647591,8054506.438170,7966874.953561,28610.089320,5.711061,21.202922,false,predicted CU exceeds the transaction compute budget,false,predicted CU exceeds the transaction compute budget
qualified-whir-t100-r8-g16-whir_johnson_full-m31_mul_0p75,WHIR,whir_johnson_full,100.0,m31_mul_0p75,log_inv_rate,3,8,16,59,88,640,26122,7763034.376418,7704012.981129,7822055.771708,7734424.287098,28610.089320,5.545025,21.202922,false,predicted CU exceeds the transaction compute budget,false,predicted CU exceeds the transaction compute budget
qualified-whir-t100-r8-g16-whir_johnson_full-fenzi_whir_core_0p8_plus_m31_mul_0p75,WHIR,whir_johnson_full,100.0,fenzi_whir_core_0p8_plus_m31_mul_0p75,log_inv_rate,3,8,16,59,88,640,26122,6216325.157300,6157303.762010,6275346.552590,6187715.067980,28610.089320,4.440232,21.202922,false,predicted CU exceeds the transaction compute budget,false,predicted CU exceeds the transaction compute budget
qualified-whir-t100-r8-g16-whir_capacity_full-baseline,WHIR,whir_capacity_full,100.0,baseline,log_inv_rate,3,8,16,29,44,640,15316,5555311.430621,5496290.035332,5614332.825911,5538248.951188,17062.479433,3.968080,12.431818,false,predicted CU exceeds the transaction compute budget,false,predicted CU exceeds the transaction compute budget
qualified-whir-t100-r8-g16-whir_capacity_full-fenzi_whir_core_0p8,WHIR,whir_capacity_full,100.0,fenzi_whir_core_0p8,log_inv_rate,3,8,16,29,44,640,15316,4447837.278685,4388815.883395,4506858.673974,4430774.799251,17062.479433,3.177027,12.431818,false,predicted CU exceeds the transaction compute budget,false,predicted CU exceeds the transaction compute budget
qualified-whir-t100-r8-g16-whir_capacity_full-m31_mul_0p75,WHIR,whir_capacity_full,100.0,m31_mul_0p75,log_inv_rate,3,8,16,29,44,640,15316,4365588.763107,4306567.367817,4424610.158396,4348526.283673,17062.479433,3.118278,12.431818,false,predicted CU exceeds the transaction compute budget,false,predicted CU exceeds the transaction compute budget
qualified-whir-t100-r8-g16-whir_capacity_full-fenzi_whir_core_0p8_plus_m31_mul_0p75,WHIR,whir_capacity_full,100.0,fenzi_whir_core_0p8_plus_m31_mul_0p75,log_inv_rate,3,8,16,29,44,640,15316,3496059.144673,3437037.749384,3555080.539963,3478996.665240,17062.479433,2.497185,12.431818,false,predicted CU exceeds the transaction compute budget,false,predicted CU exceeds the transaction compute budget
qualified-whir-t100-r8-g20-whir_johnson_full-baseline,WHIR,whir_johnson_full,100.0,baseline,log_inv_rate,3,8,20,56,84,640,25162,9584857.326847,9525835.931557,9643878.722136,9557183.780972,27673.545874,6.846327,20.423701,false,predicted CU exceeds the transaction compute budget,false,predicted CU exceeds the transaction compute budget
qualified-whir-t100-r8-g20-whir_johnson_full-fenzi_whir_core_0p8,WHIR,whir_johnson_full,100.0,fenzi_whir_core_0p8,log_inv_rate,3,8,20,56,84,640,25162,7673596.208954,7614574.813664,7732617.604243,7645922.663079,27673.545874,5.481140,20.423701,false,predicted CU exceeds the transaction compute budget,false,predicted CU exceeds the transaction compute budget
qualified-whir-t100-r8-g20-whir_johnson_full-m31_mul_0p75,WHIR,whir_johnson_full,100.0,m31_mul_0p75,log_inv_rate,3,8,20,56,84,640,25162,7454928.123458,7395906.728169,7513949.518748,7427254.577584,27673.545874,5.324949,20.423701,false,predicted CU exceeds the transaction compute budget,false,predicted CU exceeds the transaction compute budget
qualified-whir-t100-r8-g20-whir_johnson_full-fenzi_whir_core_0p8_plus_m31_mul_0p75,WHIR,whir_johnson_full,100.0,fenzi_whir_core_0p8_plus_m31_mul_0p75,log_inv_rate,3,8,20,56,84,640,25162,5969652.846243,5910631.450953,6028674.241532,5941979.300368,27673.545874,4.264038,20.423701,false,predicted CU exceeds the transaction compute budget,false,predicted CU exceeds the transaction compute budget
qualified-whir-t100-r8-g20-whir_capacity_full-baseline,WHIR,whir_capacity_full,100.0,baseline,log_inv_rate,3,8,20,28,42,640,14788,5353070.335682,5294048.940393,5412091.730972,5336426.658561,16643.677121,3.823622,12.003247,false,predicted CU exceeds the transaction compute budget,false,predicted CU exceeds the transaction compute budget
qualified-whir-t100-r8-g20-whir_capacity_full-fenzi_whir_core_0p8,WHIR,whir_capacity_full,100.0,fenzi_whir_core_0p8,log_inv_rate,3,8,20,28,42,640,14788,4285960.642271,4226939.246982,4344982.037561,4269316.965150,16643.677121,3.061400,12.003247,false,predicted CU exceeds the transaction compute budget,false,predicted CU exceeds the transaction compute budget
qualified-whir-t100-r8-g20-whir_capacity_full-m31_mul_0p75,WHIR,whir_capacity_full,100.0,m31_mul_0p75,log_inv_rate,3,8,20,28,42,640,14788,4210357.994962,4151336.599672,4269379.390251,4193714.317841,16643.677121,3.007399,12.003247,false,predicted CU exceeds the transaction compute budget,false,predicted CU exceeds the transaction compute budget
qualified-whir-t100-r8-g20-whir_capacity_full-fenzi_whir_core_0p8_plus_m31_mul_0p75,WHIR,whir_capacity_full,100.0,fenzi_whir_core_0p8_plus_m31_mul_0p75,log_inv_rate,3,8,20,28,42,640,14788,3371790.769695,3312769.374405,3430812.164984,3355147.092574,16643.677121,2.408422,12.003247,false,predicted CU exceeds the transaction compute budget,false,predicted CU exceeds the transaction compute budget
qualified-whir-t100-r8-g24-whir_johnson_full-baseline,WHIR,whir_johnson_full,100.0,baseline,log_inv_rate,3,8,24,54,80,640,24106,9180024.967577,9121003.572287,9239046.362866,9153539.195720,26485.771857,6.557161,19.566558,false,predicted CU exceeds the transaction compute budget,false,predicted CU exceeds the transaction compute budget
qualified-whir-t100-r8-g24-whir_johnson_full-fenzi_whir_core_0p8,WHIR,whir_johnson_full,100.0,fenzi_whir_core_0p8,log_inv_rate,3,8,24,54,80,640,24106,7349492.766734,7290471.371445,7408514.162024,7323006.994877,26485.771857,5.249638,19.566558,false,predicted CU exceeds the transaction compute budget,false,predicted CU exceeds the transaction compute budget
qualified-whir-t100-r8-g24-whir_johnson_full-m31_mul_0p75,WHIR,whir_johnson_full,100.0,m31_mul_0p75,log_inv_rate,3,8,24,54,80,640,24106,7144116.417776,7085095.022486,7203137.813065,7117630.645918,26485.771857,5.102940,19.566558,false,predicted CU exceeds the transaction compute budget,false,predicted CU exceeds the transaction compute budget
qualified-whir-t100-r8-g24-whir_johnson_full-fenzi_whir_core_0p8_plus_m31_mul_0p75,WHIR,whir_johnson_full,100.0,fenzi_whir_core_0p8_plus_m31_mul_0p75,log_inv_rate,3,8,24,54,80,640,24106,5720765.926893,5661744.531604,5779787.322183,5694280.155036,26485.771857,4.086261,19.566558,false,predicted CU exceeds the transaction compute budget,false,predicted CU exceeds the transaction compute budget
qualified-whir-t100-r8-g24-whir_capacity_full-baseline,WHIR,whir_capacity_full,100.0,baseline,log_inv_rate,3,8,24,26,39,640,14044,5050623.707895,4991602.312605,5109645.103184,5034920.330697,15703.377198,3.607588,11.399351,false,predicted CU exceeds the transaction compute budget,false,predicted CU exceeds the transaction compute budget
qualified-whir-t100-r8-g24-whir_capacity_full-fenzi_whir_core_0p8,WHIR,whir_capacity_full,100.0,fenzi_whir_core_0p8,log_inv_rate,3,8,24,26,39,640,14044,4043815.280057,3984793.884767,4102836.675346,4028111.902859,15703.377198,2.888439,11.399351,false,predicted CU exceeds the transaction compute budget,false,predicted CU exceeds the transaction compute budget
qualified-whir-t100-r8-g24-whir_capacity_full-m31_mul_0p75,WHIR,whir_capacity_full,100.0,m31_mul_0p75,log_inv_rate,3,8,24,26,39,640,14044,3978426.857365,3919405.462075,4037448.252654,3962723.480167,15703.377198,2.841733,11.399351,false,predicted CU exceeds the transaction compute budget,false,predicted CU exceeds the transaction compute budget
qualified-whir-t100-r8-g24-whir_capacity_full-fenzi_whir_core_0p8_plus_m31_mul_0p75,WHIR,whir_capacity_full,100.0,fenzi_whir_core_0p8_plus_m31_mul_0p75,log_inv_rate,3,8,24,26,39,640,14044,3186057.799632,3127036.404343,3245079.194922,3170354.422435,15703.377198,2.275756,11.399351,false,predicted CU exceeds the transaction compute budget,false,predicted CU exceeds the transaction compute budget
qualified-whir-t100-r8-g32-whir_johnson_full-baseline,WHIR,whir_johnson_full,100.0,baseline,log_inv_rate,3,8,32,48,72,640,22186,8375596.069785,8316574.674496,8434617.465075,8351158.469516,24437.600269,5.982569,18.008117,false,predicted CU exceeds the transaction compute budget,false,predicted CU exceeds the transaction compute budget
qualified-whir-t100-r8-g32-whir_johnson_full-fenzi_whir_core_0p8,WHIR,whir_johnson_full,100.0,fenzi_whir_core_0p8,log_inv_rate,3,8,32,48,72,640,22186,6705540.014183,6646518.618894,6764561.409473,6681102.413914,24437.600269,4.789671,18.008117,false,predicted CU exceeds the transaction compute budget,false,predicted CU exceeds the transaction compute budget
qualified-whir-t100-r8-g32-whir_johnson_full-m31_mul_0p75,WHIR,whir_johnson_full,100.0,m31_mul_0p75,log_inv_rate,3,8,32,48,72,640,22186,6527728.827159,6468707.431869,6586750.222448,6503291.226890,24437.600269,4.662663,18.008117,false,predicted CU exceeds the transaction compute budget,false,predicted CU exceeds the transaction compute budget
qualified-whir-t100-r8-g32-whir_johnson_full-fenzi_whir_core_0p8_plus_m31_mul_0p75,WHIR,whir_johnson_full,100.0,fenzi_whir_core_0p8_plus_m31_mul_0p75,log_inv_rate,3,8,32,48,72,640,22186,5227246.220082,5168224.824793,5286267.615372,5202808.619813,24437.600269,3.733747,18.008117,false,predicted CU exceeds the transaction compute budget,false,predicted CU exceeds the transaction compute budget
qualified-whir-t100-r8-g32-whir_capacity_full-baseline,WHIR,whir_capacity_full,100.0,baseline,log_inv_rate,3,8,32,24,36,640,13300,4748352.164804,4689330.769514,4807373.560093,4733414.002833,14938.161970,3.391680,10.795455,false,predicted CU exceeds the transaction compute budget,false,predicted CU exceeds the transaction compute budget
qualified-whir-t100-r8-g32-whir_capacity_full-fenzi_whir_core_0p8,WHIR,whir_capacity_full,100.0,fenzi_whir_core_0p8,log_inv_rate,3,8,32,24,36,640,13300,3801845.002538,3742823.607249,3860866.397828,3786906.840568,14938.161970,2.715604,10.795455,false,predicted CU exceeds the transaction compute budget,false,predicted CU exceeds the transaction compute budget
qualified-whir-t100-r8-g32-whir_capacity_full-m31_mul_0p75,WHIR,whir_capacity_full,100.0,m31_mul_0p75,log_inv_rate,3,8,32,24,36,640,13300,3746670.804464,3687649.409174,3805692.199753,3731732.642494,14938.161970,2.676193,10.795455,false,predicted CU exceeds the transaction compute budget,false,predicted CU exceeds the transaction compute budget
qualified-whir-t100-r8-g32-whir_capacity_full-fenzi_whir_core_0p8_plus_m31_mul_0p75,WHIR,whir_capacity_full,100.0,fenzi_whir_core_0p8_plus_m31_mul_0p75,log_inv_rate,3,8,32,24,36,640,13300,3000499.914266,2941478.518977,3059521.309556,2985561.752296,14938.161970,2.143214,10.795455,false,predicted CU exceeds the transaction compute budget,false,predicted CU exceeds the transaction compute budget
qualified-whir-t100-r16-g0-whir_johnson_full-baseline,WHIR,whir_johnson_full,100.0,baseline,log_inv_rate,4,16,0,52,82,640,27602,9460004.179569,9400982.784279,9519025.574858,9429694.920587,30309.258981,6.757146,22.404221,false,predicted CU exceeds the transaction compute budget,false,predicted CU exceeds the transaction compute budget
qualified-whir-t100-r16-g0-whir_johnson_full-fenzi_whir_core_0p8,WHIR,whir_johnson_full,100.0,fenzi_whir_core_0p8,log_inv_rate,4,16,0,52,82,640,27602,7574240.833752,7515219.438463,7633262.229042,7543931.574771,30309.258981,5.410172,22.404221,false,predicted CU exceeds the transaction compute budget,false,predicted CU exceeds the transaction compute budget
qualified-whir-t100-r16-g0-whir_johnson_full-m31_mul_0p75,WHIR,whir_johnson_full,100.0,m31_mul_0p75,log_inv_rate,4,16,0,52,82,640,27602,7377085.302974,7318063.907684,7436106.698263,7346776.043992,30309.258981,5.269347,22.404221,false,predicted CU exceeds the transaction compute budget,false,predicted CU exceeds the transaction compute budget
qualified-whir-t100-r16-g0-whir_johnson_full-fenzi_whir_core_0p8_plus_m31_mul_0p75,WHIR,whir_johnson_full,100.0,fenzi_whir_core_0p8_plus_m31_mul_0p75,log_inv_rate,4,16,0,52,82,640,27602,5907905.732476,5848884.337187,5966927.127766,5877596.473495,30309.258981,4.219933,22.404221,false,predicted CU exceeds the transaction compute budget,false,predicted CU exceeds the transaction compute budget
qualified-whir-t100-r16-g0-whir_capacity_full-baseline,WHIR,whir_capacity_full,100.0,baseline,log_inv_rate,4,16,0,26,41,640,16036,5290610.318087,5231588.922798,5349631.713377,5272626.575199,17983.742888,3.779007,13.016234,false,predicted CU exceeds the transaction compute budget,false,predicted CU exceeds the transaction compute budget
qualified-whir-t100-r16-g0-whir_capacity_full-fenzi_whir_core_0p8,WHIR,whir_capacity_full,100.0,fenzi_whir_core_0p8,log_inv_rate,4,16,0,26,41,640,16036,4236260.641349,4177239.246059,4295282.036638,4218276.898461,17983.742888,3.025900,13.016234,false,predicted CU exceeds the transaction compute budget,false,predicted CU exceeds the transaction compute budget
qualified-whir-t100-r16-g0-whir_capacity_full-m31_mul_0p75,WHIR,whir_capacity_full,100.0,m31_mul_0p75,log_inv_rate,4,16,0,26,41,640,16036,4171403.140763,4112381.745474,4230424.536053,4153419.397875,17983.742888,2.979574,13.016234,false,predicted CU exceeds the transaction compute budget,false,predicted CU exceeds the transaction compute budget
qualified-whir-t100-r16-g0-whir_capacity_full-fenzi_whir_core_0p8_plus_m31_mul_0p75,WHIR,whir_capacity_full,100.0,fenzi_whir_core_0p8_plus_m31_mul_0p75,log_inv_rate,4,16,0,26,41,640,16036,3340894.899489,3281873.504200,3399916.294779,3322911.156601,17983.742888,2.386353,13.016234,false,predicted CU exceeds the transaction compute budget,false,predicted CU exceeds the transaction compute budget
qualified-whir-t100-r16-g8-whir_johnson_full-baseline,WHIR,whir_johnson_full,100.0,baseline,log_inv_rate,4,16,8,48,75,640,25602,8747757.794976,8688736.399686,8806779.190265,8719560.162478,28197.632498,6.248398,20.780844,false,predicted CU exceeds the transaction compute budget,false,predicted CU exceeds the transaction compute budget
qualified-whir-t100-r16-g8-whir_johnson_full-fenzi_whir_core_0p8,WHIR,whir_johnson_full,100.0,fenzi_whir_core_0p8,log_inv_rate,4,16,8,48,75,640,25602,7004021.400782,6945000.005492,7063042.796071,6975823.768284,28197.632498,5.002872,20.780844,false,predicted CU exceeds the transaction compute budget,false,predicted CU exceeds the transaction compute budget
qualified-whir-t100-r16-g8-whir_johnson_full-m31_mul_0p75,WHIR,whir_johnson_full,100.0,m31_mul_0p75,log_inv_rate,4,16,8,48,75,640,25602,6829375.062159,6770353.666869,6888396.457448,6801177.429661,28197.632498,4.878125,20.780844,false,predicted CU exceeds the transaction compute budget,false,predicted CU exceeds the transaction compute budget
qualified-whir-t100-r16-g8-whir_johnson_full-fenzi_whir_core_0p8_plus_m31_mul_0p75,WHIR,whir_johnson_full,100.0,fenzi_whir_core_0p8_plus_m31_mul_0p75,log_inv_rate,4,16,8,48,75,640,25602,5469315.214528,5410293.819238,5528336.609818,5441117.582030,28197.632498,3.906654,20.780844,false,predicted CU exceeds the transaction compute budget,false,predicted CU exceeds the transaction compute budget
qualified-whir-t100-r16-g8-whir_capacity_full-baseline,WHIR,whir_capacity_full,100.0,baseline,log_inv_rate,4,16,8,24,38,640,15220,4986395.032103,4927373.636813,5045416.427392,4969408.698544,16986.333558,3.561711,12.353896,false,predicted CU exceeds the transaction compute budget,false,predicted CU exceeds the transaction compute budget
qualified-whir-t100-r16-g8-whir_capacity_full-fenzi_whir_core_0p8,WHIR,whir_capacity_full,100.0,fenzi_whir_core_0p8,log_inv_rate,4,16,8,24,38,640,15220,3992688.930695,3933667.535406,4051710.325985,3975702.597137,16986.333558,2.851921,12.353896,false,predicted CU exceeds the transaction compute budget,false,predicted CU exceeds the transaction compute budget
qualified-whir-t100-r16-g8-whir_capacity_full-m31_mul_0p75,WHIR,whir_capacity_full,100.0,m31_mul_0p75,log_inv_rate,4,16,8,24,38,640,15220,3937703.344969,3878681.949680,3996724.740259,3920717.011411,16986.333558,2.812645,12.353896,false,predicted CU exceeds the transaction compute budget,false,predicted CU exceeds the transaction compute budget
qualified-whir-t100-r16-g8-whir_capacity_full-fenzi_whir_core_0p8_plus_m31_mul_0p75,WHIR,whir_capacity_full,100.0,fenzi_whir_core_0p8_plus_m31_mul_0p75,log_inv_rate,4,16,8,24,38,640,15220,3153735.580988,3094714.185699,3212756.976278,3136749.247430,16986.333558,2.252668,12.353896,false,predicted CU exceeds the transaction compute budget,false,predicted CU exceeds the transaction compute budget
qualified-whir-t100-r16-g16-whir_johnson_full-baseline,WHIR,whir_johnson_full,100.0,baseline,log_inv_rate,4,16,16,44,69,640,23922,8137978.888045,8078957.492756,8197000.283335,8111639.062448,26339.825597,5.812842,19.417208,false,predicted CU exceeds the transaction compute budget,false,predicted CU exceeds the transaction compute budget
qualified-whir-t100-r16-g16-whir_johnson_full-fenzi_whir_core_0p8,WHIR,whir_johnson_full,100.0,fenzi_whir_core_0p8,log_inv_rate,4,16,16,44,69,640,23922,6515826.713857,6456805.318567,6574848.109146,6489486.888260,26339.825597,4.654162,19.417208,false,predicted CU exceeds the transaction compute budget,false,predicted CU exceeds the transaction compute budget
qualified-whir-t100-r16-g16-whir_johnson_full-m31_mul_0p75,WHIR,whir_johnson_full,100.0,m31_mul_0p75,log_inv_rate,4,16,16,44,69,640,23922,6360627.135609,6301605.740320,6419648.530899,6334287.310012,26339.825597,4.543305,19.417208,false,predicted CU exceeds the transaction compute budget,false,predicted CU exceeds the transaction compute budget
qualified-whir-t100-r16-g16-whir_johnson_full-fenzi_whir_core_0p8_plus_m31_mul_0p75,WHIR,whir_johnson_full,100.0,fenzi_whir_core_0p8_plus_m31_mul_0p75,log_inv_rate,4,16,16,44,69,640,23922,5093945.311908,5034923.916618,5152966.707198,5067605.486311,26339.825597,3.638532,19.417208,false,predicted CU exceeds the transaction compute budget,false,predicted CU exceeds the transaction compute budget
qualified-whir-t100-r16-g16-whir_capacity_full-baseline,WHIR,whir_capacity_full,100.0,baseline,log_inv_rate,4,16,16,22,35,640,14380,4681593.120985,4622571.725696,4740614.516275,4665448.148529,16144.972456,3.343995,11.672078,false,predicted CU exceeds the transaction compute budget,false,predicted CU exceeds the transaction compute budget
qualified-whir-t100-r16-g16-whir_capacity_full-fenzi_whir_core_0p8,WHIR,whir_capacity_full,100.0,fenzi_whir_core_0p8,log_inv_rate,4,16,16,22,35,640,14380,3748679.129581,3689657.734291,3807700.524870,3732534.157125,16144.972456,2.677628,11.672078,false,predicted CU exceeds the transaction compute budget,false,predicted CU exceeds the transaction compute budget
qualified-whir-t100-r16-g16-whir_capacity_full-m31_mul_0p75,WHIR,whir_capacity_full,100.0,m31_mul_0p75,log_inv_rate,4,16,16,22,35,640,14380,3703416.924043,3644395.528753,3762438.319332,3687271.951586,16144.972456,2.645298,11.672078,false,predicted CU exceeds the transaction compute budget,false,predicted CU exceeds the transaction compute budget
qualified-whir-t100-r16-g16-whir_capacity_full-fenzi_whir_core_0p8_plus_m31_mul_0p75,WHIR,whir_capacity_full,100.0,fenzi_whir_core_0p8_plus_m31_mul_0p75,log_inv_rate,4,16,16,22,35,640,14380,2966138.172027,2907116.776737,3025159.567316,2949993.199570,16144.972456,2.118670,11.672078,false,predicted CU exceeds the transaction compute budget,false,predicted CU exceeds the transaction compute budget
qualified-whir-t100-r16-g20-whir_johnson_full-baseline,WHIR,whir_johnson_full,100.0,baseline,log_inv_rate,4,16,20,42,66,640,23082,7833176.976928,7774155.581638,7892198.372217,7807678.512433,25498.464495,5.595126,18.735390,false,predicted CU exceeds the transaction compute budget,false,predicted CU exceeds the transaction compute budget
qualified-whir-t100-r16-g20-whir_johnson_full-fenzi_whir_core_0p8,WHIR,whir_johnson_full,100.0,fenzi_whir_core_0p8,log_inv_rate,4,16,20,42,66,640,23082,6271816.912743,6212795.517453,6330838.308032,6246318.448248,25498.464495,4.479869,18.735390,false,predicted CU exceeds the transaction compute budget,false,predicted CU exceeds the transaction compute budget
qualified-whir-t100-r16-g20-whir_johnson_full-m31_mul_0p75,WHIR,whir_johnson_full,100.0,m31_mul_0p75,log_inv_rate,4,16,20,42,66,640,23082,6126340.714683,6067319.319393,6185362.109972,6100842.250188,25498.464495,4.375958,18.735390,false,predicted CU exceeds the transaction compute budget,false,predicted CU exceeds the transaction compute budget
qualified-whir-t100-r16-g20-whir_johnson_full-fenzi_whir_core_0p8_plus_m31_mul_0p75,WHIR,whir_johnson_full,100.0,fenzi_whir_core_0p8_plus_m31_mul_0p75,log_inv_rate,4,16,20,42,66,640,23082,4906347.902946,4847326.507657,4965369.298236,4880849.438451,25498.464495,3.504534,18.735390,false,predicted CU exceeds the transaction compute budget,false,predicted CU exceeds the transaction compute budget
qualified-whir-t100-r16-g20-whir_capacity_full-baseline,WHIR,whir_capacity_full,100.0,baseline,log_inv_rate,4,16,20,21,33,640,13788,4477490.029333,4418468.634044,4536511.424623,4461989.707802,15500.321531,3.198207,11.191558,false,predicted CU exceeds the transaction compute budget,false,predicted CU exceeds the transaction compute budget
qualified-whir-t100-r16-g20-whir_capacity_full-fenzi_whir_core_0p8,WHIR,whir_capacity_full,100.0,fenzi_whir_core_0p8,log_inv_rate,4,16,20,21,33,640,13788,3585267.726074,3526246.330784,3644289.121364,3569767.404543,15500.321531,2.560906,11.191558,false,predicted CU exceeds the transaction compute budget,false,predicted CU exceeds the transaction compute budget
qualified-whir-t100-r16-g20-whir_capacity_full-m31_mul_0p75,WHIR,whir_capacity_full,100.0,m31_mul_0p75,log_inv_rate,4,16,20,21,33,640,13788,3546324.159184,3487302.763894,3605345.554474,3530823.837653,15500.321531,2.533089,11.191558,false,predicted CU exceeds the transaction compute budget,false,predicted CU exceeds the transaction compute budget
qualified-whir-t100-r16-g20-whir_capacity_full-fenzi_whir_core_0p8_plus_m31_mul_0p75,WHIR,whir_capacity_full,100.0,fenzi_whir_core_0p8_plus_m31_mul_0p75,log_inv_rate,4,16,20,21,33,640,13788,2840335.029955,2781313.634665,2899356.425244,2824834.708424,15500.321531,2.028811,11.191558,false,predicted CU exceeds the transaction compute budget,false,predicted CU exceeds the transaction compute budget
qualified-whir-t100-r16-g24-whir_johnson_full-baseline,WHIR,whir_johnson_full,100.0,baseline,log_inv_rate,4,16,24,40,63,640,22242,7528199.981114,7469178.585825,7587221.376404,7503717.962418,24482.018696,5.377286,18.053571,false,predicted CU exceeds the transaction compute budget,false,predicted CU exceeds the transaction compute budget
qualified-whir-t100-r16-g24-whir_johnson_full-fenzi_whir_core_0p8,WHIR,whir_johnson_full,100.0,fenzi_whir_core_0p8,log_inv_rate,4,16,24,40,63,640,22242,6027632.026932,5968610.631642,6086653.422222,6003150.008236,24482.018696,4.305451,18.053571,false,predicted CU exceeds the transaction compute budget,false,predicted CU exceeds the transaction compute budget
qualified-whir-t100-r16-g24-whir_johnson_full-m31_mul_0p75,WHIR,whir_johnson_full,100.0,m31_mul_0p75,log_inv_rate,4,16,24,40,63,640,22242,5891879.209060,5832857.813770,5950900.604349,5867397.190363,24482.018696,4.208485,18.053571,false,predicted CU exceeds the transaction compute budget,false,predicted CU exceeds the transaction compute budget
qualified-whir-t100-r16-g24-whir_johnson_full-fenzi_whir_core_0p8_plus_m31_mul_0p75,WHIR,whir_johnson_full,100.0,fenzi_whir_core_0p8_plus_m31_mul_0p75,log_inv_rate,4,16,24,40,63,640,22242,4718575.409288,4659554.013999,4777596.804578,4694093.390592,24482.018696,3.370411,18.053571,false,predicted CU exceeds the transaction compute budget,false,predicted CU exceeds the transaction compute budget
qualified-whir-t100-r16-g24-whir_capacity_full-baseline,WHIR,whir_capacity_full,100.0,baseline,log_inv_rate,4,16,24,20,31,640,13196,4273386.937681,4214365.542391,4332408.332970,4258531.267075,14855.670606,3.052419,10.711039,false,predicted CU exceeds the transaction compute budget,false,predicted CU exceeds the transaction compute budget
qualified-whir-t100-r16-g24-whir_capacity_full-fenzi_whir_core_0p8,WHIR,whir_capacity_full,100.0,fenzi_whir_core_0p8,log_inv_rate,4,16,24,20,31,640,13196,3421856.322567,3362834.927278,3480877.717857,3407000.651961,14855.670606,2.444183,10.711039,false,predicted CU exceeds the transaction compute budget,false,predicted CU exceeds the transaction compute budget
qualified-whir-t100-r16-g24-whir_capacity_full-m31_mul_0p75,WHIR,whir_capacity_full,100.0,m31_mul_0p75,log_inv_rate,4,16,24,20,31,640,13196,3389231.394326,3330209.999036,3448252.789615,3374375.723720,14855.670606,2.420880,10.711039,false,predicted CU exceeds the transaction compute budget,false,predicted CU exceeds the transaction compute budget
qualified-whir-t100-r16-g24-whir_capacity_full-fenzi_whir_core_0p8_plus_m31_mul_0p75,WHIR,whir_capacity_full,100.0,fenzi_whir_core_0p8_plus_m31_mul_0p75,log_inv_rate,4,16,24,20,31,640,13196,2714531.887883,2655510.492593,2773553.283172,2699676.217277,14855.670606,1.938951,10.711039,false,predicted CU exceeds the transaction compute budget,false,predicted CU exceeds the transaction compute budget
qualified-whir-t100-r16-g32-whir_johnson_full-baseline,WHIR,whir_johnson_full,100.0,baseline,log_inv_rate,4,16,32,36,56,640,20218,6815191.886693,6756170.491403,6874213.281982,6792840.530949,22351.355744,4.867994,16.410714,false,predicted CU exceeds the transaction compute budget,false,predicted CU exceeds the transaction compute budget
qualified-whir-t100-r16-g32-whir_johnson_full-fenzi_whir_core_0p8,WHIR,whir_johnson_full,100.0,fenzi_whir_core_0p8,log_inv_rate,4,16,32,36,56,640,20218,5456799.418804,5397778.023514,5515820.814094,5434448.063060,22351.355744,3.897714,16.410714,false,predicted CU exceeds the transaction compute budget,false,predicted CU exceeds the transaction compute budget
qualified-whir-t100-r16-g32-whir_johnson_full-m31_mul_0p75,WHIR,whir_johnson_full,100.0,m31_mul_0p75,log_inv_rate,4,16,32,36,56,640,20218,5343407.258416,5284385.863126,5402428.653705,5321055.902672,22351.355744,3.816719,16.410714,false,predicted CU exceeds the transaction compute budget,false,predicted CU exceeds the transaction compute budget
qualified-whir-t100-r16-g32-whir_johnson_full-fenzi_whir_core_0p8_plus_m31_mul_0p75,WHIR,whir_johnson_full,100.0,fenzi_whir_core_0p8_plus_m31_mul_0p75,log_inv_rate,4,16,32,36,56,640,20218,4279371.716183,4220350.320893,4338393.111472,4257020.360439,22351.355744,3.056694,16.410714,false,predicted CU exceeds the transaction compute budget,false,predicted CU exceeds the transaction compute budget
qualified-whir-t100-r16-g32-whir_capacity_full-baseline,WHIR,whir_capacity_full,100.0,baseline,log_inv_rate,4,16,32,18,28,640,12356,3968585.026564,3909563.631274,4027606.421853,3954570.717060,14014.309504,2.834704,10.029221,false,predicted CU exceeds the transaction compute budget,false,predicted CU exceeds the transaction compute budget
qualified-whir-t100-r16-g32-whir_capacity_full-fenzi_whir_core_0p8,WHIR,whir_capacity_full,100.0,fenzi_whir_core_0p8,log_inv_rate,4,16,32,18,28,640,12356,3177846.521453,3118825.126163,3236867.916743,3163832.211949,14014.309504,2.269890,10.029221,false,predicted CU exceeds the transaction compute budget,false,predicted CU exceeds the transaction compute budget
qualified-whir-t100-r16-g32-whir_capacity_full-m31_mul_0p75,WHIR,whir_capacity_full,100.0,m31_mul_0p75,log_inv_rate,4,16,32,18,28,640,12356,3154944.973399,3095923.578109,3213966.368688,3140930.663895,14014.309504,2.253532,10.029221,false,predicted CU exceeds the transaction compute budget,false,predicted CU exceeds the transaction compute budget
qualified-whir-t100-r16-g32-whir_capacity_full-fenzi_whir_core_0p8_plus_m31_mul_0p75,WHIR,whir_capacity_full,100.0,fenzi_whir_core_0p8_plus_m31_mul_0p75,log_inv_rate,4,16,32,18,28,640,12356,2526934.478921,2467913.083631,2585955.874211,2512920.169417,14014.309504,1.804953,10.029221,false,predicted CU exceeds the transaction compute budget,false,predicted CU exceeds the transaction compute budget
qualified-whir-t120-r2-g0-whir_johnson_full-baseline,WHIR,whir_johnson_full,120.0,baseline,log_inv_rate,1,2,0,280,343,640,62330,34965352.079733,34906330.684443,35024373.475022,34898042.476885,67309.602847,24.975251,50.592532,false,predicted CU exceeds the transaction compute budget; whir_johnson_full soundness term 120.3 bits is below the 120.0-bit target,false,predicted CU exceeds the transaction compute budget
qualified-whir-t120-r2-g0-whir_johnson_full-fenzi_whir_core_0p8,WHIR,whir_johnson_full,120.0,fenzi_whir_core_0p8,log_inv_rate,1,2,0,280,343,640,62330,27985919.222657,27926897.827367,28044940.617946,27918609.619809,67309.602847,19.989942,50.592532,false,predicted CU exceeds the transaction compute budget; whir_johnson_full soundness term 120.3 bits is below the 120.0-bit target,false,predicted CU exceeds the transaction compute budget
qualified-whir-t120-r2-g0-whir_johnson_full-m31_mul_0p75,WHIR,whir_johnson_full,120.0,m31_mul_0p75,log_inv_rate,1,2,0,280,343,640,62330,26747585.556559,26688564.161269,26806606.951848,26680275.953711,67309.602847,19.105418,50.592532,false,predicted CU exceeds the transaction compute budget; whir_johnson_full soundness term 120.3 bits is below the 120.0-bit target,false,predicted CU exceeds the transaction compute budget
qualified-whir-t120-r2-g0-whir_johnson_full-fenzi_whir_core_0p8_plus_m31_mul_0p75,WHIR,whir_johnson_full,120.0,fenzi_whir_core_0p8_plus_m31_mul_0p75,log_inv_rate,1,2,0,280,343,640,62330,21411706.004118,21352684.608828,21470727.399407,21344396.401270,67309.602847,15.294076,50.592532,false,predicted CU exceeds the transaction compute budget; whir_johnson_full soundness term 120.3 bits is below the 120.0-bit target,false,predicted CU exceeds the transaction compute budget
qualified-whir-t120-r2-g0-whir_capacity_full-baseline,WHIR,whir_capacity_full,120.0,baseline,log_inv_rate,1,2,0,130,161,640,31636,17009682.857082,16950661.461793,17068704.252372,16975123.376803,34559.480280,12.149773,25.678571,false,predicted CU exceeds the transaction compute budget,false,predicted CU exceeds the transaction compute budget
qualified-whir-t120-r2-g0-whir_capacity_full-fenzi_whir_core_0p8,WHIR,whir_capacity_full,120.0,fenzi_whir_core_0p8,log_inv_rate,1,2,0,130,161,640,31636,13614833.820023,13555812.424734,13673855.215313,13580274.339743,34559.480280,9.724881,25.678571,false,predicted CU exceeds the transaction compute budget,false,predicted CU exceeds the transaction compute budget
qualified-whir-t120-r2-g0-whir_capacity_full-m31_mul_0p75,WHIR,whir_capacity_full,120.0,m31_mul_0p75,log_inv_rate,1,2,0,130,161,640,31636,13069856.072136,13010834.676846,13128877.467426,13035296.591856,34559.480280,9.335611,25.678571,false,predicted CU exceeds the transaction compute budget,false,predicted CU exceeds the transaction compute budget
qualified-whir-t120-r2-g0-whir_capacity_full-fenzi_whir_core_0p8_plus_m31_mul_0p75,WHIR,whir_capacity_full,120.0,fenzi_whir_core_0p8_plus_m31_mul_0p75,log_inv_rate,1,2,0,130,161,640,31636,10462972.392066,10403950.996777,10521993.787356,10428412.911786,34559.480280,7.473552,25.678571,false,predicted CU exceeds the transaction compute budget,false,predicted CU exceeds the transaction compute budget
qualified-whir-t120-r2-g8-whir_johnson_full-baseline,WHIR,whir_johnson_full,120.0,baseline,log_inv_rate,1,2,8,261,320,640,58474,32697067.426182,32638046.030893,32756088.821472,32633866.857490,63200.568692,23.355048,47.462662,false,predicted CU exceeds the transaction compute budget,false,predicted CU exceeds the transaction compute budget
qualified-whir-t120-r2-g8-whir_johnson_full-fenzi_whir_core_0p8,WHIR,whir_johnson_full,120.0,fenzi_whir_core_0p8,log_inv_rate,1,2,8,261,320,640,58474,26170469.692986,26111448.297696,26229491.088275,26107269.124293,63200.568692,18.693193,47.462662,false,predicted CU exceeds the transaction compute budget,false,predicted CU exceeds the transaction compute budget
qualified-whir-t120-r2-g8-whir_johnson_full-m31_mul_0p75,WHIR,whir_johnson_full,120.0,m31_mul_0p75,log_inv_rate,1,2,8,261,320,640,58474,25019919.661136,24960898.265847,25078941.056426,24956719.092444,63200.568692,17.871371,47.462662,false,predicted CU exceeds the transaction compute budget,false,predicted CU exceeds the transaction compute budget
qualified-whir-t120-r2-g8-whir_johnson_full-fenzi_whir_core_0p8_plus_m31_mul_0p75,WHIR,whir_johnson_full,120.0,fenzi_whir_core_0p8_plus_m31_mul_0p75,log_inv_rate,1,2,8,261,320,640,58474,20028751.480949,19969730.085659,20087772.876238,19965550.912256,63200.568692,14.306251,47.462662,false,predicted CU exceeds the transaction compute budget,false,predicted CU exceeds the transaction compute budget
qualified-whir-t120-r2-g8-whir_capacity_full-baseline,WHIR,whir_capacity_full,120.0,baseline,log_inv_rate,1,2,8,121,150,640,29796,15925005.610941,15865984.215652,15984027.006231,15892430.847354,32574.763588,11.375004,24.185065,false,predicted CU exceeds the transaction compute budget,false,predicted CU exceeds the transaction compute budget
qualified-whir-t120-r2-g8-whir_capacity_full-fenzi_whir_core_0p8,WHIR,whir_capacity_full,120.0,fenzi_whir_core_0p8,log_inv_rate,1,2,8,121,150,640,29796,12746695.079772,12687673.684482,12805716.475061,12714120.316184,32574.763588,9.104782,24.185065,false,predicted CU exceeds the transaction compute budget,false,predicted CU exceeds the transaction compute budget
qualified-whir-t120-r2-g8-whir_capacity_full-m31_mul_0p75,WHIR,whir_capacity_full,120.0,m31_mul_0p75,log_inv_rate,1,2,8,121,150,640,29796,12243735.623360,12184714.228071,12302757.018650,12211160.859773,32574.763588,8.745525,24.185065,false,predicted CU exceeds the transaction compute budget,false,predicted CU exceeds the transaction compute budget
qualified-whir-t120-r2-g8-whir_capacity_full-fenzi_whir_core_0p8_plus_m31_mul_0p75,WHIR,whir_capacity_full,120.0,fenzi_whir_core_0p8_plus_m31_mul_0p75,log_inv_rate,1,2,8,121,150,640,29796,9801679.089707,9742657.694418,9860700.484997,9769104.326119,32574.763588,7.001199,24.185065,false,predicted CU exceeds the transaction compute budget,false,predicted CU exceeds the transaction compute budget
qualified-whir-t120-r2-g16-whir_johnson_full-baseline,WHIR,whir_johnson_full,120.0,baseline,log_inv_rate,1,2,16,243,297,640,54498,30425490.694777,30366469.299488,30484512.090067,30366494.342584,58996.352193,21.732493,44.235390,false,predicted CU exceeds the transaction compute budget,false,predicted CU exceeds the transaction compute budget
qualified-whir-t120-r2-g16-whir_johnson_full-fenzi_whir_core_0p8,WHIR,whir_johnson_full,120.0,fenzi_whir_core_0p8,log_inv_rate,1,2,16,243,297,640,54498,24352367.464562,24293346.069272,24411388.859851,24293371.112368,58996.352193,17.394548,44.235390,false,predicted CU exceeds the transaction compute budget,false,predicted CU exceeds the transaction compute budget
qualified-whir-t120-r2-g16-whir_johnson_full-m31_mul_0p75,WHIR,whir_johnson_full,120.0,m31_mul_0p75,log_inv_rate,1,2,16,243,297,640,54498,23288961.687858,23229940.292569,23347983.083148,23229965.335665,58996.352193,16.634973,44.235390,false,predicted CU exceeds the transaction compute budget,false,predicted CU exceeds the transaction compute budget
qualified-whir-t120-r2-g16-whir_johnson_full-fenzi_whir_core_0p8_plus_m31_mul_0p75,WHIR,whir_johnson_full,120.0,fenzi_whir_core_0p8_plus_m31_mul_0p75,log_inv_rate,1,2,16,243,297,640,54498,18643144.259027,18584122.863737,18702165.654316,18584147.906833,58996.352193,13.316532,44.235390,false,predicted CU exceeds the transaction compute budget,false,predicted CU exceeds the transaction compute budget
qualified-whir-t120-r2-g16-whir_capacity_full-baseline,WHIR,whir_capacity_full,120.0,baseline,log_inv_rate,1,2,16,112,139,640,27932,14839566.654971,14780545.259682,14898588.050261,14808995.644545,30571.010427,10.599690,22.672078,false,predicted CU exceeds the transaction compute budget,false,predicted CU exceeds the transaction compute budget
qualified-whir-t120-r2-g16-whir_capacity_full-fenzi_whir_core_0p8,WHIR,whir_capacity_full,120.0,fenzi_whir_core_0p8,log_inv_rate,1,2,16,112,139,640,27932,11877943.164364,11818921.769074,11936964.559653,11847372.153937,30571.010427,8.484245,22.672078,false,predicted CU exceeds the transaction compute budget,false,predicted CU exceeds the transaction compute budget
qualified-whir-t120-r2-g16-whir_capacity_full-m31_mul_0p75,WHIR,whir_capacity_full,120.0,m31_mul_0p75,log_inv_rate,1,2,16,112,139,640,27932,11416853.464756,11357832.069466,11475874.860045,11386282.454329,30571.010427,8.154895,22.672078,false,predicted CU exceeds the transaction compute budget,false,predicted CU exceeds the transaction compute budget
qualified-whir-t120-r2-g16-whir_capacity_full-fenzi_whir_core_0p8_plus_m31_mul_0p75,WHIR,whir_capacity_full,120.0,fenzi_whir_core_0p8_plus_m31_mul_0p75,log_inv_rate,1,2,16,112,139,640,27932,9139772.612191,9080751.216902,9198794.007481,9109201.601764,30571.010427,6.528409,22.672078,false,predicted CU exceeds the transaction compute budget,false,predicted CU exceeds the transaction compute budget
qualified-whir-t120-r2-g20-whir_johnson_full-baseline,WHIR,whir_johnson_full,120.0,baseline,log_inv_rate,1,2,20,233,285,640,52482,29241883.287368,29182861.892078,29300904.682658,29185011.252638,56872.034730,20.887059,42.599026,false,predicted CU exceeds the transaction compute budget,false,predicted CU exceeds the transaction compute budget
qualified-whir-t120-r2-g20-whir_johnson_full-fenzi_whir_core_0p8,WHIR,whir_johnson_full,120.0,fenzi_whir_core_0p8,log_inv_rate,1,2,20,233,285,640,52482,23405056.675142,23346035.279852,23464078.070431,23348184.640411,56872.034730,16.717898,42.599026,false,predicted CU exceeds the transaction compute budget,false,predicted CU exceeds the transaction compute budget
qualified-whir-t120-r2-g20-whir_johnson_full-m31_mul_0p75,WHIR,whir_johnson_full,120.0,m31_mul_0p75,log_inv_rate,1,2,20,233,285,640,52482,22387416.241212,22328394.845922,22446437.636501,22330544.206481,56872.034730,15.991012,42.599026,false,predicted CU exceeds the transaction compute budget,false,predicted CU exceeds the transaction compute budget
qualified-whir-t120-r2-g20-whir_johnson_full-fenzi_whir_core_0p8_plus_m31_mul_0p75,WHIR,whir_johnson_full,120.0,fenzi_whir_core_0p8_plus_m31_mul_0p75,log_inv_rate,1,2,20,233,285,640,52482,17921483.038217,17862461.642927,17980504.433506,17864611.003486,56872.034730,12.801059,42.599026,false,predicted CU exceeds the transaction compute budget,false,predicted CU exceeds the transaction compute budget
qualified-whir-t120-r2-g20-whir_capacity_full-baseline,WHIR,whir_capacity_full,120.0,baseline,log_inv_rate,1,2,20,108,134,640,27076,14346018.945054,14286997.549764,14405040.340343,14316301.986709,29716.958345,10.247156,21.977273,false,predicted CU exceeds the transaction compute budget,false,predicted CU exceeds the transaction compute budget
qualified-whir-t120-r2-g20-whir_capacity_full-fenzi_whir_core_0p8,WHIR,whir_capacity_full,120.0,fenzi_whir_core_0p8,log_inv_rate,1,2,20,108,134,640,27076,11482934.186013,11423912.790724,11541955.581303,11453217.227668,29716.958345,8.202096,21.977273,false,predicted CU exceeds the transaction compute budget,false,predicted CU exceeds the transaction compute budget
qualified-whir-t120-r2-g20-whir_capacity_full-m31_mul_0p75,WHIR,whir_capacity_full,120.0,m31_mul_0p75,log_inv_rate,1,2,20,108,134,640,27076,11040831.571822,10981810.176533,11099852.967112,11011114.613477,29716.958345,7.886308,21.977273,false,predicted CU exceeds the transaction compute budget,false,predicted CU exceeds the transaction compute budget
qualified-whir-t120-r2-g20-whir_capacity_full-fenzi_whir_core_0p8_plus_m31_mul_0p75,WHIR,whir_capacity_full,120.0,fenzi_whir_core_0p8_plus_m31_mul_0p75,log_inv_rate,1,2,20,108,134,640,27076,8838784.287428,8779762.892139,8897805.682718,8809067.329083,29716.958345,6.313417,21.977273,false,predicted CU exceeds the transaction compute budget,false,predicted CU exceeds the transaction compute budget
qualified-whir-t120-r2-g24-whir_johnson_full-baseline,WHIR,whir_johnson_full,120.0,baseline,log_inv_rate,1,2,24,224,274,640,50618,28156444.331398,28097422.936108,28215465.726687,28101576.049828,54868.281569,20.111746,41.086039,false,predicted CU exceeds the transaction compute budget,false,predicted CU exceeds the transaction compute budget
qualified-whir-t120-r2-g24-whir_johnson_full-fenzi_whir_core_0p8,WHIR,whir_johnson_full,120.0,fenzi_whir_core_0p8,log_inv_rate,1,2,24,224,274,640,50618,22536304.759733,22477283.364444,22595326.155023,22481436.478164,54868.281569,16.097361,41.086039,false,predicted CU exceeds the transaction compute budget,false,predicted CU exceeds the transaction compute budget
qualified-whir-t120-r2-g24-whir_johnson_full-m31_mul_0p75,WHIR,whir_johnson_full,120.0,m31_mul_0p75,log_inv_rate,1,2,24,224,274,640,50618,21560534.082607,21501512.687317,21619555.477896,21505665.801038,54868.281569,15.400381,41.086039,false,predicted CU exceeds the transaction compute budget,false,predicted CU exceeds the transaction compute budget
qualified-whir-t120-r2-g24-whir_johnson_full-fenzi_whir_core_0p8_plus_m31_mul_0p75,WHIR,whir_johnson_full,120.0,fenzi_whir_core_0p8_plus_m31_mul_0p75,log_inv_rate,1,2,24,224,274,640,50618,17259576.560701,17200555.165411,17318597.955990,17204708.279131,54868.281569,12.328269,41.086039,false,predicted CU exceeds the transaction compute budget,false,predicted CU exceeds the transaction compute budget
qualified-whir-t120-r2-g24-whir_capacity_full-baseline,WHIR,whir_capacity_full,120.0,baseline,log_inv_rate,1,2,24,104,129,640,26220,13852296.150440,13793274.755151,13911317.545730,13823608.328872,28687.821568,9.894497,21.282468,false,predicted CU exceeds the transaction compute budget,false,predicted CU exceeds the transaction compute budget
qualified-whir-t120-r2-g24-whir_capacity_full-fenzi_whir_core_0p8,WHIR,whir_capacity_full,120.0,fenzi_whir_core_0p8,log_inv_rate,1,2,24,104,129,640,26220,11087750.122967,11028728.727677,11146771.518256,11059062.301399,28687.821568,7.919822,21.282468,false,predicted CU exceeds the transaction compute budget,false,predicted CU exceeds the transaction compute budget
qualified-whir-t120-r2-g24-whir_capacity_full-m31_mul_0p75,WHIR,whir_capacity_full,120.0,m31_mul_0p75,log_inv_rate,1,2,24,104,129,640,26220,10664634.594193,10605613.198903,10723655.989483,10635946.772625,28687.821568,7.617596,21.282468,false,predicted CU exceeds the transaction compute budget,false,predicted CU exceeds the transaction compute budget
qualified-whir-t120-r2-g24-whir_capacity_full-fenzi_whir_core_0p8_plus_m31_mul_0p75,WHIR,whir_capacity_full,120.0,fenzi_whir_core_0p8_plus_m31_mul_0p75,log_inv_rate,1,2,24,104,129,640,26220,8537620.877969,8478599.482680,8596642.273259,8508933.056402,28687.821568,6.098301,21.282468,false,predicted CU exceeds the transaction compute budget,false,predicted CU exceeds the transaction compute budget
qualified-whir-t120-r2-g32-whir_johnson_full-baseline,WHIR,whir_johnson_full,120.0,baseline,log_inv_rate,1,2,32,205,251,640,46738,25887397.968018,25828376.572729,25946419.363308,25836657.757073,50740.210945,18.490999,37.936688,false,predicted CU exceeds the transaction compute budget,false,predicted CU exceeds the transaction compute budget
qualified-whir-t120-r2-g32-whir_johnson_full-fenzi_whir_core_0p8,WHIR,whir_johnson_full,120.0,fenzi_whir_core_0p8,log_inv_rate,1,2,32,205,251,640,46738,20720242.054905,20661220.659616,20779263.450195,20669501.843960,50740.210945,14.800173,37.936688,false,predicted CU exceeds the transaction compute budget,false,predicted CU exceeds the transaction compute budget
qualified-whir-t120-r2-g32-whir_johnson_full-m31_mul_0p75,WHIR,whir_johnson_full,120.0,m31_mul_0p75,log_inv_rate,1,2,32,205,251,640,46738,19832106.477355,19773085.082066,19891127.872645,19781366.266410,50740.210945,14.165790,37.936688,false,predicted CU exceeds the transaction compute budget,false,predicted CU exceeds the transaction compute budget
qualified-whir-t120-r2-g32-whir_johnson_full-fenzi_whir_core_0p8_plus_m31_mul_0p75,WHIR,whir_johnson_full,120.0,fenzi_whir_core_0p8_plus_m31_mul_0p75,log_inv_rate,1,2,32,205,251,640,46738,15876008.862374,15816987.467085,15935030.257664,15825268.651429,50740.210945,11.340006,37.936688,false,predicted CU exceeds the transaction compute budget,false,predicted CU exceeds the transaction compute budget
qualified-whir-t120-r2-g32-whir_capacity_full-baseline,WHIR,whir_capacity_full,120.0,baseline,log_inv_rate,1,2,32,95,118,640,24356,12767032.279166,12708010.883877,12826053.674456,12740173.126063,26859.153103,9.119309,19.769481,false,predicted CU exceeds the transaction compute budget,false,predicted CU exceeds the transaction compute budget
qualified-whir-t120-r2-g32-whir_capacity_full-fenzi_whir_core_0p8,WHIR,whir_capacity_full,120.0,fenzi_whir_core_0p8,log_inv_rate,1,2,32,95,118,640,24356,10219173.292255,10160151.896965,10278194.687545,10192314.139152,26859.153103,7.299409,19.769481,false,predicted CU exceeds the transaction compute budget,false,predicted CU exceeds the transaction compute budget
qualified-whir-t120-r2-g32-whir_capacity_full-m31_mul_0p75,WHIR,whir_capacity_full,120.0,m31_mul_0p75,log_inv_rate,1,2,32,95,118,640,24356,9837927.520285,9778906.124995,9896948.915574,9811068.367182,26859.153103,7.027091,19.769481,false,predicted CU exceeds the transaction compute budget,false,predicted CU exceeds the transaction compute budget
qualified-whir-t120-r2-g32-whir_capacity_full-fenzi_whir_core_0p8_plus_m31_mul_0p75,WHIR,whir_capacity_full,120.0,fenzi_whir_core_0p8_plus_m31_mul_0p75,log_inv_rate,1,2,32,95,118,640,24356,7875889.485150,7816868.089860,7934910.880439,7849030.332047,26859.153103,5.625635,19.769481,false,predicted CU exceeds the transaction compute budget,false,predicted CU exceeds the transaction compute budget
qualified-whir-t120-r4-g0-whir_johnson_full-baseline,WHIR,whir_johnson_full,120.0,baseline,log_inv_rate,2,4,0,130,180,640,42146,19077913.904027,19018892.508737,19136935.299316,19032216.681671,45697.222356,13.627081,34.209416,false,predicted CU exceeds the transaction compute budget; whir_johnson_full soundness term 120.1 bits is below the 120.0-bit target,false,predicted CU exceeds the transaction compute budget
qualified-whir-t120-r4-g0-whir_johnson_full-fenzi_whir_core_0p8,WHIR,whir_johnson_full,120.0,fenzi_whir_core_0p8,log_inv_rate,2,4,0,130,180,640,42146,15271646.205994,15212624.810704,15330667.601283,15225948.983638,45697.222356,10.908319,34.209416,false,predicted CU exceeds the transaction compute budget; whir_johnson_full soundness term 120.1 bits is below the 120.0-bit target,false,predicted CU exceeds the transaction compute budget
qualified-whir-t120-r4-g0-whir_johnson_full-m31_mul_0p75,WHIR,whir_johnson_full,120.0,m31_mul_0p75,log_inv_rate,2,4,0,130,180,640,42146,14691489.014540,14632467.619250,14750510.409829,14645791.792184,45697.222356,10.493921,34.209416,false,predicted CU exceeds the transaction compute budget; whir_johnson_full soundness term 120.1 bits is below the 120.0-bit target,false,predicted CU exceeds the transaction compute budget
qualified-whir-t120-r4-g0-whir_johnson_full-fenzi_whir_core_0p8_plus_m31_mul_0p75,WHIR,whir_johnson_full,120.0,fenzi_whir_core_0p8_plus_m31_mul_0p75,log_inv_rate,2,4,0,130,180,640,42146,11762506.294404,11703484.899115,11821527.689694,11716809.072048,45697.222356,8.401790,34.209416,false,predicted CU exceeds the transaction compute budget; whir_johnson_full soundness term 120.1 bits is below the 120.0-bit target,false,predicted CU exceeds the transaction compute budget
qualified-whir-t120-r4-g0-whir_capacity_full-baseline,WHIR,whir_capacity_full,120.0,baseline,log_inv_rate,2,4,0,63,88,640,22860,9900671.458808,9841650.063518,9959692.854097,9875524.166345,25147.292463,7.071908,18.555195,false,predicted CU exceeds the transaction compute budget,false,predicted CU exceeds the transaction compute budget
qualified-whir-t120-r4-g0-whir_capacity_full-fenzi_whir_core_0p8,WHIR,whir_capacity_full,120.0,fenzi_whir_core_0p8,log_inv_rate,2,4,0,63,88,640,22860,7925742.263840,7866720.868551,7984763.659130,7900594.971377,25147.292463,5.661244,18.555195,false,predicted CU exceeds the transaction compute budget,false,predicted CU exceeds the transaction compute budget
qualified-whir-t120-r4-g0-whir_capacity_full-m31_mul_0p75,WHIR,whir_capacity_full,120.0,m31_mul_0p75,log_inv_rate,2,4,0,63,88,640,22860,7676721.601832,7617700.206542,7735742.997121,7651574.309369,25147.292463,5.483373,18.555195,false,predicted CU exceeds the transaction compute budget,false,predicted CU exceeds the transaction compute budget
qualified-whir-t120-r4-g0-whir_capacity_full-fenzi_whir_core_0p8_plus_m31_mul_0p75,WHIR,whir_capacity_full,120.0,fenzi_whir_core_0p8_plus_m31_mul_0p75,log_inv_rate,2,4,0,63,88,640,22860,6146582.378259,6087560.982970,6205603.773549,6121435.085797,25147.292463,4.390416,18.555195,false,predicted CU exceeds the transaction compute budget,false,predicted CU exceeds the transaction compute budget
qualified-whir-t120-r4-g8-whir_johnson_full-baseline,WHIR,whir_johnson_full,120.0,baseline,log_inv_rate,2,4,8,121,168,640,39674,17882241.281620,17823219.886331,17941262.676910,17839205.154330,43036.127291,12.773029,32.202922,false,predicted CU exceeds the transaction compute budget,false,predicted CU exceeds the transaction compute budget
qualified-whir-t120-r4-g8-whir_johnson_full-fenzi_whir_core_0p8,WHIR,whir_johnson_full,120.0,fenzi_whir_core_0p8,log_inv_rate,2,4,8,121,168,640,39674,14314575.889056,14255554.493766,14373597.284345,14271539.761765,43036.127291,10.224697,32.202922,false,predicted CU exceeds the transaction compute budget,false,predicted CU exceeds the transaction compute budget
qualified-whir-t120-r4-g8-whir_johnson_full-m31_mul_0p75,WHIR,whir_johnson_full,120.0,m31_mul_0p75,log_inv_rate,2,4,8,121,168,640,39674,13777878.352896,13718856.957606,13836899.748186,13734842.225605,43036.127291,9.841342,32.202922,false,predicted CU exceeds the transaction compute budget,false,predicted CU exceeds the transaction compute budget
qualified-whir-t120-r4-g8-whir_johnson_full-fenzi_whir_core_0p8_plus_m31_mul_0p75,WHIR,whir_johnson_full,120.0,fenzi_whir_core_0p8_plus_m31_mul_0p75,log_inv_rate,2,4,8,121,168,640,39674,11031085.546076,10972064.150787,11090106.941366,10988049.418785,43036.127291,7.879347,32.202922,false,predicted CU exceeds the transaction compute budget,false,predicted CU exceeds the transaction compute budget
qualified-whir-t120-r4-g8-whir_capacity_full-baseline,WHIR,whir_capacity_full,120.0,baseline,log_inv_rate,2,4,8,59,82,640,21588,9301950.818506,9242929.423217,9360972.213796,9278162.628279,23788.190227,6.644251,17.522727,false,predicted CU exceeds the transaction compute budget,false,predicted CU exceeds the transaction compute budget
qualified-whir-t120-r4-g8-whir_capacity_full-fenzi_whir_core_0p8,WHIR,whir_capacity_full,120.0,fenzi_whir_core_0p8,log_inv_rate,2,4,8,59,82,640,21588,7446493.931152,7387472.535862,7505515.326441,7422705.740925,23788.190227,5.318924,17.522727,false,predicted CU exceeds the transaction compute budget,false,predicted CU exceeds the transaction compute budget
qualified-whir-t120-r4-g8-whir_capacity_full-m31_mul_0p75,WHIR,whir_capacity_full,120.0,m31_mul_0p75,log_inv_rate,2,4,8,59,82,640,21588,7219031.941911,7160010.546622,7278053.337201,7195243.751684,23788.190227,5.156451,17.522727,false,predicted CU exceeds the transaction compute budget,false,predicted CU exceeds the transaction compute budget
qualified-whir-t120-r4-g8-whir_capacity_full-fenzi_whir_core_0p8_plus_m31_mul_0p75,WHIR,whir_capacity_full,120.0,fenzi_whir_core_0p8_plus_m31_mul_0p75,log_inv_rate,2,4,8,59,82,640,21588,5780158.829876,5721137.434586,5839180.225165,5756370.639649,23788.190227,4.128685,17.522727,false,predicted CU exceeds the transaction compute budget,false,predicted CU exceeds the transaction compute budget
qualified-whir-t120-r4-g16-whir_johnson_full-baseline,WHIR,whir_johnson_full,120.0,baseline,log_inv_rate,2,4,16,112,155,640,36898,16584264.673911,16525243.278622,16643286.069201,16544130.770290,40133.903621,11.845903,29.949675,false,predicted CU exceeds the transaction compute budget,false,predicted CU exceeds the transaction compute budget
qualified-whir-t120-r4-g16-whir_johnson_full-fenzi_whir_core_0p8,WHIR,whir_johnson_full,120.0,fenzi_whir_core_0p8,log_inv_rate,2,4,16,112,155,640,36898,13275614.158155,13216592.762865,13334635.553444,13235480.254533,40133.903621,9.482582,29.949675,false,predicted CU exceeds the transaction compute budget,false,predicted CU exceeds the transaction compute budget
qualified-whir-t120-r4-g16-whir_johnson_full-m31_mul_0p75,WHIR,whir_johnson_full,120.0,m31_mul_0p75,log_inv_rate,2,4,16,112,155,640,36898,12785468.869346,12726447.474057,12844490.264636,12745334.965725,40133.903621,9.132478,29.949675,false,predicted CU exceeds the transaction compute budget,false,predicted CU exceeds the transaction compute budget
qualified-whir-t120-r4-g16-whir_johnson_full-fenzi_whir_core_0p8_plus_m31_mul_0p75,WHIR,whir_johnson_full,120.0,fenzi_whir_core_0p8_plus_m31_mul_0p75,log_inv_rate,2,4,16,112,155,640,36898,10236577.514502,10177556.119213,10295598.909792,10196443.610881,40133.903621,7.311841,29.949675,false,predicted CU exceeds the transaction compute budget,false,predicted CU exceeds the transaction compute budget
qualified-whir-t120-r4-g16-whir_capacity_full-baseline,WHIR,whir_capacity_full,120.0,baseline,log_inv_rate,2,4,16,54,76,640,20388,8704998.836402,8645977.441112,8764020.231691,8682512.639004,22486.197397,6.217856,16.548701,false,predicted CU exceeds the transaction compute budget,false,predicted CU exceeds the transaction compute budget
qualified-whir-t120-r4-g16-whir_capacity_full-fenzi_whir_core_0p8,WHIR,whir_capacity_full,120.0,fenzi_whir_core_0p8,log_inv_rate,2,4,16,54,76,640,20388,6968671.946902,6909650.551612,7027693.342192,6946185.749505,22486.197397,4.977623,16.548701,false,predicted CU exceeds the transaction compute budget,false,predicted CU exceeds the transaction compute budget
qualified-whir-t120-r4-g16-whir_capacity_full-m31_mul_0p75,WHIR,whir_capacity_full,120.0,m31_mul_0p75,log_inv_rate,2,4,16,54,76,640,20388,6763110.940188,6704089.544898,6822132.335477,6740624.742790,22486.197397,4.830794,16.548701,false,predicted CU exceeds the transaction compute budget,false,predicted CU exceeds the transaction compute budget
qualified-whir-t120-r4-g16-whir_capacity_full-fenzi_whir_core_0p8_plus_m31_mul_0p75,WHIR,whir_capacity_full,120.0,fenzi_whir_core_0p8_plus_m31_mul_0p75,log_inv_rate,2,4,16,54,76,640,20388,5415161.629931,5356140.234641,5474183.025220,5392675.432534,22486.197397,3.867973,16.548701,false,predicted CU exceeds the transaction compute budget,false,predicted CU exceeds the transaction compute budget
qualified-whir-t120-r4-g20-whir_johnson_full-baseline,WHIR,whir_johnson_full,120.0,baseline,log_inv_rate,2,4,20,108,150,640,35882,16086499.683951,16027478.288661,16145521.079240,16047346.742202,39152.941748,11.490357,29.125000,false,predicted CU exceeds the transaction compute budget,false,predicted CU exceeds the transaction compute budget
qualified-whir-t120-r4-g20-whir_johnson_full-fenzi_whir_core_0p8,WHIR,whir_johnson_full,120.0,fenzi_whir_core_0p8,log_inv_rate,2,4,20,108,150,640,35882,12877205.973812,12818184.578522,12936227.369101,12838053.032063,39152.941748,9.198004,29.125000,false,predicted CU exceeds the transaction compute budget,false,predicted CU exceeds the transaction compute budget
qualified-whir-t120-r4-g20-whir_johnson_full-m31_mul_0p75,WHIR,whir_johnson_full,120.0,m31_mul_0p75,log_inv_rate,2,4,20,108,150,640,35882,12405229.696370,12346208.301080,12464251.091659,12366076.754621,39152.941748,8.860878,29.125000,false,predicted CU exceeds the transaction compute budget,false,predicted CU exceeds the transaction compute budget
qualified-whir-t120-r4-g20-whir_johnson_full-fenzi_whir_core_0p8_plus_m31_mul_0p75,WHIR,whir_johnson_full,120.0,fenzi_whir_core_0p8_plus_m31_mul_0p75,log_inv_rate,2,4,20,108,150,640,35882,9932189.983747,9873168.588457,9991211.379036,9893037.041998,39152.941748,7.094421,29.125000,false,predicted CU exceeds the transaction compute budget,false,predicted CU exceeds the transaction compute budget
qualified-whir-t120-r4-g20-whir_capacity_full-baseline,WHIR,whir_capacity_full,120.0,baseline,log_inv_rate,2,4,20,52,73,640,19740,8405257.661336,8346236.266047,8464279.056626,8383460.533291,21797.128045,6.003755,16.022727,false,predicted CU exceeds the transaction compute budget,false,predicted CU exceeds the transaction compute budget
qualified-whir-t120-r4-g20-whir_capacity_full-fenzi_whir_core_0p8,WHIR,whir_capacity_full,120.0,fenzi_whir_core_0p8,log_inv_rate,2,4,20,52,73,640,19740,6728741.192979,6669719.797690,6787762.588269,6706944.064934,21797.128045,4.806244,16.022727,false,predicted CU exceeds the transaction compute budget,false,predicted CU exceeds the transaction compute budget
qualified-whir-t120-r4-g20-whir_capacity_full-m31_mul_0p75,WHIR,whir_capacity_full,120.0,m31_mul_0p75,log_inv_rate,2,4,20,52,73,640,19740,6533885.255313,6474863.860023,6592906.650603,6512088.127268,21797.128045,4.667061,16.022727,false,predicted CU exceeds the transaction compute budget,false,predicted CU exceeds the transaction compute budget
qualified-whir-t120-r4-g20-whir_capacity_full-fenzi_whir_core_0p8_plus_m31_mul_0p75,WHIR,whir_capacity_full,120.0,fenzi_whir_core_0p8_plus_m31_mul_0p75,log_inv_rate,2,4,20,52,73,640,19740,5231643.268161,5172621.872871,5290664.663450,5209846.140116,21797.128045,3.736888,16.022727,false,predicted CU exceeds the transaction compute budget,false,predicted CU exceeds the transaction compute budget
qualified-whir-t120-r4-g24-whir_johnson_full-baseline,WHIR,whir_johnson_full,120.0,baseline,log_inv_rate,2,4,24,104,144,640,34586,15487017.333820,15427995.938531,15546038.729110,15449242.530776,37774.803044,11.062155,28.073052,false,predicted CU exceeds the transaction compute budget,false,predicted CU exceeds the transaction compute budget
qualified-whir-t120-r4-g24-whir_johnson_full-fenzi_whir_core_0p8,WHIR,whir_johnson_full,120.0,fenzi_whir_core_0p8,log_inv_rate,2,4,24,104,144,640,34586,12397344.465966,12338323.070677,12456365.861256,12359569.662922,37774.803044,8.855246,28.073052,false,predicted CU exceeds the transaction compute budget,false,predicted CU exceeds the transaction compute budget
qualified-whir-t120-r4-g24-whir_johnson_full-m31_mul_0p75,WHIR,whir_johnson_full,120.0,m31_mul_0p75,log_inv_rate,2,4,24,104,144,640,34586,11946778.326620,11887756.931331,12005799.721910,11909003.523576,37774.803044,8.533413,28.073052,false,predicted CU exceeds the transaction compute budget,false,predicted CU exceeds the transaction compute budget
qualified-whir-t120-r4-g24-whir_johnson_full-fenzi_whir_core_0p8_plus_m31_mul_0p75,WHIR,whir_johnson_full,120.0,fenzi_whir_core_0p8_plus_m31_mul_0p75,log_inv_rate,2,4,24,104,144,640,34586,9565153.260206,9506131.864917,9624174.655496,9527378.457162,37774.803044,6.832252,28.073052,false,predicted CU exceeds the transaction compute budget,false,predicted CU exceeds the transaction compute budget
qualified-whir-t120-r4-g24-whir_capacity_full-baseline,WHIR,whir_capacity_full,120.0,baseline,log_inv_rate,2,4,24,50,70,640,19092,8105516.486271,8046495.090981,8164537.881561,8084408.427578,21108.058693,5.789655,15.496753,false,predicted CU exceeds the transaction compute budget,false,predicted CU exceeds the transaction compute budget
qualified-whir-t120-r4-g24-whir_capacity_full-fenzi_whir_core_0p8,WHIR,whir_capacity_full,120.0,fenzi_whir_core_0p8,log_inv_rate,2,4,24,50,70,640,19092,6488810.439057,6429789.043767,6547831.834346,6467702.380364,21108.058693,4.634865,15.496753,false,predicted CU exceeds the transaction compute budget,false,predicted CU exceeds the transaction compute budget
qualified-whir-t120-r4-g24-whir_capacity_full-m31_mul_0p75,WHIR,whir_capacity_full,120.0,m31_mul_0p75,log_inv_rate,2,4,24,50,70,640,19092,6304659.570438,6245638.175149,6363680.965728,6283551.511745,21108.058693,4.503328,15.496753,false,predicted CU exceeds the transaction compute budget,false,predicted CU exceeds the transaction compute budget
qualified-whir-t120-r4-g24-whir_capacity_full-fenzi_whir_core_0p8_plus_m31_mul_0p75,WHIR,whir_capacity_full,120.0,fenzi_whir_core_0p8_plus_m31_mul_0p75,log_inv_rate,2,4,24,50,70,640,19092,5048124.906390,4989103.511101,5107146.301680,5027016.847698,21108.058693,3.605804,15.496753,false,predicted CU exceeds the transaction compute budget,false,predicted CU exceeds the transaction compute budget
qualified-whir-t120-r4-g32-whir_johnson_full-baseline,WHIR,whir_johnson_full,120.0,baseline,log_inv_rate,2,4,32,95,132,640,32090,14290583.001585,14231561.606295,14349604.396874,14255488.330075,35094.671510,10.207559,26.047078,false,predicted CU exceeds the transaction compute budget,false,predicted CU exceeds the transaction compute budget
qualified-whir-t120-r4-g32-whir_johnson_full-fenzi_whir_core_0p8,WHIR,whir_johnson_full,120.0,fenzi_whir_core_0p8,log_inv_rate,2,4,32,95,132,640,32090,11439660.973871,11380639.578582,11498682.369161,11404566.302361,35094.671510,8.171186,26.047078,false,predicted CU exceeds the transaction compute budget,false,predicted CU exceeds the transaction compute budget
qualified-whir-t120-r4-g32-whir_johnson_full-m31_mul_0p75,WHIR,whir_johnson_full,120.0,m31_mul_0p75,log_inv_rate,2,4,32,95,132,640,32090,11032405.955147,10973384.559858,11091427.350437,10997311.283637,35094.671510,7.880290,26.047078,false,predicted CU exceeds the transaction compute budget,false,predicted CU exceeds the transaction compute budget
qualified-whir-t120-r4-g32-whir_johnson_full-fenzi_whir_core_0p8_plus_m31_mul_0p75,WHIR,whir_johnson_full,120.0,fenzi_whir_core_0p8_plus_m31_mul_0p75,log_inv_rate,2,4,32,95,132,640,32090,8833119.336721,8774097.941431,8892140.732011,8798024.665211,35094.671510,6.309371,26.047078,false,predicted CU exceeds the transaction compute budget,false,predicted CU exceeds the transaction compute budget
qualified-whir-t120-r4-g32-whir_capacity_full-baseline,WHIR,whir_capacity_full,120.0,baseline,log_inv_rate,2,4,32,46,64,640,17796,7506034.136140,7447012.740851,7565055.531430,7486304.216152,19729.919988,5.361453,14.444805,false,predicted CU exceeds the transaction compute budget,false,predicted CU exceeds the transaction compute budget
qualified-whir-t120-r4-g32-whir_capacity_full-fenzi_whir_core_0p8,WHIR,whir_capacity_full,120.0,fenzi_whir_core_0p8,log_inv_rate,2,4,32,46,64,640,17796,6008948.931211,5949927.535922,6067970.326501,5989219.011223,19729.919988,4.292106,14.444805,false,predicted CU exceeds the transaction compute budget,false,predicted CU exceeds the transaction compute budget
qualified-whir-t120-r4-g32-whir_capacity_full-m31_mul_0p75,WHIR,whir_capacity_full,120.0,m31_mul_0p75,log_inv_rate,2,4,32,46,64,640,17796,5846208.200689,5787186.805399,5905229.595978,5826478.280700,19729.919988,4.175863,14.444805,false,predicted CU exceeds the transaction compute budget,false,predicted CU exceeds the transaction compute budget
qualified-whir-t120-r4-g32-whir_capacity_full-fenzi_whir_core_0p8_plus_m31_mul_0p75,WHIR,whir_capacity_full,120.0,fenzi_whir_core_0p8_plus_m31_mul_0p75,log_inv_rate,2,4,32,46,64,640,17796,4681088.182850,4622066.787560,4740109.578139,4661358.262862,19729.919988,3.343634,14.444805,false,predicted CU exceeds the transaction compute budget,false,predicted CU exceeds the transaction compute budget
qualified-whir-t120-r8-g0-whir_johnson_full-baseline,WHIR,whir_johnson_full,120.0,baseline,log_inv_rate,3,8,0,84,125,640,35242,13713861.658206,13654840.262916,13772883.053496,13675391.440320,38470.217886,9.795615,28.605519,false,predicted CU exceeds the transaction compute budget; whir_johnson_full soundness term 120.1 bits is below the 120.0-bit target,false,predicted CU exceeds the transaction compute budget
qualified-whir-t120-r8-g0-whir_johnson_full-fenzi_whir_core_0p8,WHIR,whir_johnson_full,120.0,fenzi_whir_core_0p8,log_inv_rate,3,8,0,84,125,640,35242,10978959.008443,10919937.613154,11037980.403733,10940488.790557,38470.217886,7.842114,28.605519,false,predicted CU exceeds the transaction compute budget; whir_johnson_full soundness term 120.1 bits is below the 120.0-bit target,false,predicted CU exceeds the transaction compute budget
qualified-whir-t120-r8-g0-whir_johnson_full-m31_mul_0p75,WHIR,whir_johnson_full,120.0,m31_mul_0p75,log_inv_rate,3,8,0,84,125,640,35242,10620220.755546,10561199.360257,10679242.150836,10581750.537661,38470.217886,7.585872,28.605519,false,predicted CU exceeds the transaction compute budget; whir_johnson_full soundness term 120.1 bits is below the 120.0-bit target,false,predicted CU exceeds the transaction compute budget
qualified-whir-t120-r8-g0-whir_johnson_full-fenzi_whir_core_0p8_plus_m31_mul_0p75,WHIR,whir_johnson_full,120.0,fenzi_whir_core_0p8_plus_m31_mul_0p75,log_inv_rate,3,8,0,84,125,640,35242,8504046.286315,8445024.891026,8563067.681605,8465576.068430,38470.217886,6.074319,28.605519,false,predicted CU exceeds the transaction compute budget; whir_johnson_full soundness term 120.1 bits is below the 120.0-bit target,false,predicted CU exceeds the transaction compute budget
qualified-whir-t120-r8-g0-whir_capacity_full-baseline,WHIR,whir_capacity_full,120.0,baseline,log_inv_rate,3,8,0,41,62,640,19756,7368354.064036,7309332.668746,7427375.459326,7346544.245012,21809.819024,5.263110,16.035714,false,predicted CU exceeds the transaction compute budget,false,predicted CU exceeds the transaction compute budget
qualified-whir-t120-r8-g0-whir_capacity_full-fenzi_whir_core_0p8,WHIR,whir_capacity_full,120.0,fenzi_whir_core_0p8,log_inv_rate,3,8,0,41,62,640,19756,5899220.853335,5840199.458045,5958242.248624,5877411.034311,21809.819024,4.213729,16.035714,false,predicted CU exceeds the transaction compute budget,false,predicted CU exceeds the transaction compute budget
qualified-whir-t120-r8-g0-whir_capacity_full-m31_mul_0p75,WHIR,whir_capacity_full,120.0,m31_mul_0p75,log_inv_rate,3,8,0,41,62,640,19756,5755538.455378,5696517.060089,5814559.850668,5733728.636354,21809.819024,4.111099,16.035714,false,predicted CU exceeds the transaction compute budget,false,predicted CU exceeds the transaction compute budget
qualified-whir-t120-r8-g0-whir_capacity_full-fenzi_whir_core_0p8_plus_m31_mul_0p75,WHIR,whir_capacity_full,120.0,fenzi_whir_core_0p8_plus_m31_mul_0p75,log_inv_rate,3,8,0,41,62,640,19756,4608968.366409,4549946.971119,4667989.761698,4587158.547384,21809.819024,3.292120,16.035714,false,predicted CU exceeds the transaction compute budget,false,predicted CU exceeds the transaction compute budget
qualified-whir-t120-r8-g8-whir_johnson_full-baseline,WHIR,whir_johnson_full,120.0,baseline,log_inv_rate,3,8,8,79,118,640,33562,13010049.833700,12951028.438410,13069071.228989,12973437.422715,36612.410985,9.292893,27.241883,false,predicted CU exceeds the transaction compute budget,false,predicted CU exceeds the transaction compute budget
qualified-whir-t120-r8-g8-whir_johnson_full-fenzi_whir_core_0p8,WHIR,whir_johnson_full,120.0,fenzi_whir_core_0p8,log_inv_rate,3,8,8,79,118,640,33562,10415537.987458,10356516.592169,10474559.382748,10378925.576473,36612.410985,7.439670,27.241883,false,predicted CU exceeds the transaction compute budget,false,predicted CU exceeds the transaction compute budget
qualified-whir-t120-r8-g8-whir_johnson_full-m31_mul_0p75,WHIR,whir_johnson_full,120.0,m31_mul_0p75,log_inv_rate,3,8,8,79,118,640,33562,10080945.074818,10021923.679529,10139966.470108,10044332.663833,36612.410985,7.200675,27.241883,false,predicted CU exceeds the transaction compute budget,false,predicted CU exceeds the transaction compute budget
qualified-whir-t120-r8-g8-whir_johnson_full-fenzi_whir_core_0p8_plus_m31_mul_0p75,WHIR,whir_johnson_full,120.0,fenzi_whir_core_0p8_plus_m31_mul_0p75,log_inv_rate,3,8,8,79,118,640,33562,8072254.180353,8013232.785063,8131275.575642,8035641.769368,36612.410985,5.765896,27.241883,false,predicted CU exceeds the transaction compute budget,false,predicted CU exceeds the transaction compute budget
qualified-whir-t120-r8-g8-whir_capacity_full-baseline,WHIR,whir_capacity_full,120.0,baseline,log_inv_rate,3,8,8,39,58,640,18724,6964458.499292,6905437.104002,7023479.894581,6943642.333119,20816.166172,4.974613,15.198052,false,predicted CU exceeds the transaction compute budget,false,predicted CU exceeds the transaction compute budget
qualified-whir-t120-r8-g8-whir_capacity_full-fenzi_whir_core_0p8,WHIR,whir_capacity_full,120.0,fenzi_whir_core_0p8,log_inv_rate,3,8,8,39,58,640,18724,5575905.670969,5516884.275679,5634927.066258,5555089.504797,20816.166172,3.982790,15.198052,false,predicted CU exceeds the transaction compute budget,false,predicted CU exceeds the transaction compute budget
qualified-whir-t120-r8-g8-whir_capacity_full-m31_mul_0p75,WHIR,whir_capacity_full,120.0,m31_mul_0p75,log_inv_rate,3,8,8,39,58,640,18724,5445663.544221,5386642.148931,5504684.939511,5424847.378049,20816.166172,3.889760,15.198052,false,predicted CU exceeds the transaction compute budget,false,predicted CU exceeds the transaction compute budget
qualified-whir-t120-r8-g8-whir_capacity_full-fenzi_whir_core_0p8_plus_m31_mul_0p75,WHIR,whir_capacity_full,120.0,fenzi_whir_core_0p8_plus_m31_mul_0p75,log_inv_rate,3,8,8,39,58,640,18724,4360869.706913,4301848.311623,4419891.102202,4340053.540740,20816.166172,3.114907,15.198052,false,predicted CU exceeds the transaction compute budget,false,predicted CU exceeds the transaction compute budget
qualified-whir-t120-r8-g16-whir_johnson_full-baseline,WHIR,whir_johnson_full,120.0,baseline,log_inv_rate,3,8,16,73,109,640,31330,12103060.119730,12044038.724440,12162081.515019,12068918.439123,34141.680607,8.645043,25.430195,false,predicted CU exceeds the transaction compute budget,false,predicted CU exceeds the transaction compute budget
qualified-whir-t120-r8-g16-whir_johnson_full-fenzi_whir_core_0p8,WHIR,whir_johnson_full,120.0,fenzi_whir_core_0p8,log_inv_rate,3,8,16,73,109,640,31330,9689452.070206,9630430.674917,9748473.465496,9655310.389599,34141.680607,6.921037,25.430195,false,predicted CU exceeds the transaction compute budget,false,predicted CU exceeds the transaction compute budget
qualified-whir-t120-r8-g16-whir_johnson_full-m31_mul_0p75,WHIR,whir_johnson_full,120.0,m31_mul_0p75,log_inv_rate,3,8,16,73,109,640,31330,9385501.831420,9326480.436130,9444523.226709,9351360.150812,34141.680607,6.703930,25.430195,false,predicted CU exceeds the transaction compute budget,false,predicted CU exceeds the transaction compute budget
qualified-whir-t120-r8-g16-whir_johnson_full-fenzi_whir_core_0p8_plus_m31_mul_0p75,WHIR,whir_johnson_full,120.0,fenzi_whir_core_0p8_plus_m31_mul_0p75,log_inv_rate,3,8,16,73,109,640,31330,7515405.439558,7456384.044269,7574426.834848,7481263.758951,34141.680607,5.368147,25.430195,false,predicted CU exceeds the transaction compute budget,false,predicted CU exceeds the transaction compute budget
qualified-whir-t120-r8-g16-whir_capacity_full-baseline,WHIR,whir_capacity_full,120.0,baseline,log_inv_rate,3,8,16,36,54,640,17764,6562156.508048,6503135.112758,6621177.903337,6542451.970018,19704.538030,4.687255,14.418831,false,predicted CU exceeds the transaction compute budget,false,predicted CU exceeds the transaction compute budget
qualified-whir-t120-r8-g16-whir_capacity_full-fenzi_whir_core_0p8,WHIR,whir_capacity_full,120.0,fenzi_whir_core_0p8,log_inv_rate,3,8,16,36,54,640,17764,5253841.752345,5194820.357056,5312863.147635,5234137.214315,19704.538030,3.752744,14.418831,false,predicted CU exceeds the transaction compute budget,false,predicted CU exceeds the transaction compute budget
qualified-whir-t120-r8-g16-whir_capacity_full-m31_mul_0p75,WHIR,whir_capacity_full,120.0,m31_mul_0p75,log_inv_rate,3,8,16,36,54,640,17764,5137382.206565,5078360.811275,5196403.601854,5117677.668535,19704.538030,3.669559,14.418831,false,predicted CU exceeds the transaction compute budget,false,predicted CU exceeds the transaction compute budget
qualified-whir-t120-r8-g16-whir_capacity_full-fenzi_whir_core_0p8_plus_m31_mul_0p75,WHIR,whir_capacity_full,120.0,fenzi_whir_core_0p8_plus_m31_mul_0p75,log_inv_rate,3,8,16,36,54,640,17764,4114022.311159,4055000.915869,4173043.706448,4094317.773129,19704.538030,2.938587,14.418831,false,predicted CU exceeds the transaction compute budget,false,predicted CU exceeds the transaction compute budget
qualified-whir-t120-r8-g20-whir_johnson_full-baseline,WHIR,whir_johnson_full,120.0,baseline,log_inv_rate,3,8,20,70,105,640,30370,11700933.213182,11641911.817892,11759954.608472,11667728.076021,33205.137161,8.357809,24.650974,false,predicted CU exceeds the transaction compute budget,false,predicted CU exceeds the transaction compute budget
qualified-whir-t120-r8-g20-whir_johnson_full-fenzi_whir_core_0p8,WHIR,whir_johnson_full,120.0,fenzi_whir_core_0p8,log_inv_rate,3,8,20,70,105,640,30370,9367563.236279,9308541.840990,9426584.631569,9334358.099118,33205.137161,6.691117,24.650974,false,predicted CU exceeds the transaction compute budget,false,predicted CU exceeds the transaction compute budget
qualified-whir-t120-r8-g20-whir_johnson_full-m31_mul_0p75,WHIR,whir_johnson_full,120.0,m31_mul_0p75,log_inv_rate,3,8,20,70,105,640,30370,9077395.578459,9018374.183170,9136416.973749,9044190.441298,33205.137161,6.483854,24.650974,false,predicted CU exceeds the transaction compute budget,false,predicted CU exceeds the transaction compute budget
qualified-whir-t120-r8-g20-whir_johnson_full-fenzi_whir_core_0p8_plus_m31_mul_0p75,WHIR,whir_johnson_full,120.0,fenzi_whir_core_0p8_plus_m31_mul_0p75,log_inv_rate,3,8,20,70,105,640,30370,7268733.128501,7209711.733212,7327754.523791,7235527.991340,33205.137161,5.191952,24.650974,false,predicted CU exceeds the transaction compute budget,false,predicted CU exceeds the transaction compute budget
qualified-whir-t120-r8-g20-whir_capacity_full-baseline,WHIR,whir_capacity_full,120.0,baseline,log_inv_rate,3,8,20,35,52,640,17236,6359740.328413,6300718.933123,6418761.723702,6340629.677391,19110.651021,4.542672,13.990260,false,predicted CU exceeds the transaction compute budget,false,predicted CU exceeds the transaction compute budget
qualified-whir-t120-r8-g20-whir_capacity_full-fenzi_whir_core_0p8,WHIR,whir_capacity_full,120.0,fenzi_whir_core_0p8,log_inv_rate,3,8,20,35,52,640,17236,5091790.031236,5032768.635946,5150811.426525,5072679.380214,19110.651021,3.636993,13.990260,false,predicted CU exceeds the transaction compute budget,false,predicted CU exceeds the transaction compute budget
qualified-whir-t120-r8-g20-whir_capacity_full-m31_mul_0p75,WHIR,whir_capacity_full,120.0,m31_mul_0p75,log_inv_rate,3,8,20,35,52,640,17236,4981976.353723,4922954.958434,5040997.749013,4962865.702702,19110.651021,3.558555,13.990260,false,predicted CU exceeds the transaction compute budget,false,predicted CU exceeds the transaction compute budget
qualified-whir-t120-r8-g20-whir_capacity_full-fenzi_whir_core_0p8_plus_m31_mul_0p75,WHIR,whir_capacity_full,120.0,fenzi_whir_core_0p8_plus_m31_mul_0p75,log_inv_rate,3,8,20,35,52,640,17236,3989578.851484,3930557.456195,4048600.246774,3970468.200463,19110.651021,2.849699,13.990260,false,predicted CU exceeds the transaction compute budget,false,predicted CU exceeds the transaction compute budget
qualified-whir-t120-r8-g24-whir_johnson_full-baseline,WHIR,whir_johnson_full,120.0,baseline,log_inv_rate,3,8,24,68,101,640,29314,11296100.853912,11237079.458623,11355122.249202,11264083.490768,32017.363144,8.068643,23.793831,false,predicted CU exceeds the transaction compute budget,false,predicted CU exceeds the transaction compute budget
qualified-whir-t120-r8-g24-whir_johnson_full-fenzi_whir_core_0p8,WHIR,whir_johnson_full,120.0,fenzi_whir_core_0p8,log_inv_rate,3,8,24,68,101,640,29314,9043459.794060,8984438.398770,9102481.189349,9011442.430916,32017.363144,6.459614,23.793831,false,predicted CU exceeds the transaction compute budget,false,predicted CU exceeds the transaction compute budget
qualified-whir-t120-r8-g24-whir_johnson_full-m31_mul_0p75,WHIR,whir_johnson_full,120.0,m31_mul_0p75,log_inv_rate,3,8,24,68,101,640,29314,8766583.872777,8707562.477487,8825605.268067,8734566.509633,32017.363144,6.261846,23.793831,false,predicted CU exceeds the transaction compute budget,false,predicted CU exceeds the transaction compute budget
qualified-whir-t120-r8-g24-whir_johnson_full-fenzi_whir_core_0p8_plus_m31_mul_0p75,WHIR,whir_johnson_full,120.0,fenzi_whir_core_0p8_plus_m31_mul_0p75,log_inv_rate,3,8,24,68,101,640,29314,7019846.209152,6960824.813862,7078867.604441,6987828.846008,32017.363144,5.014176,23.793831,false,predicted CU exceeds the transaction compute budget,false,predicted CU exceeds the transaction compute budget
qualified-whir-t120-r8-g24-whir_capacity_full-baseline,WHIR,whir_capacity_full,120.0,baseline,log_inv_rate,3,8,24,33,50,640,16804,6160029.601500,6101008.206210,6219050.996790,6141261.606916,18767.994584,4.400021,13.639610,false,predicted CU exceeds the transaction compute budget,false,predicted CU exceeds the transaction compute budget
qualified-whir-t120-r8-g24-whir_capacity_full-fenzi_whir_core_0p8,WHIR,whir_capacity_full,120.0,fenzi_whir_core_0p8,log_inv_rate,3,8,24,33,50,640,16804,4931952.918418,4872931.523128,4990974.313708,4913184.923834,18767.994584,3.522824,13.639610,false,predicted CU exceeds the transaction compute budget,false,predicted CU exceeds the transaction compute budget
qualified-whir-t120-r8-g24-whir_capacity_full-m31_mul_0p75,WHIR,whir_capacity_full,120.0,m31_mul_0p75,log_inv_rate,3,8,24,33,50,640,16804,4829275.953604,4770254.558315,4888297.348894,4810507.959020,18767.994584,3.449483,13.639610,false,predicted CU exceeds the transaction compute budget,false,predicted CU exceeds the transaction compute budget
qualified-whir-t120-r8-g24-whir_capacity_full-fenzi_whir_core_0p8_plus_m31_mul_0p75,WHIR,whir_capacity_full,120.0,fenzi_whir_core_0p8_plus_m31_mul_0p75,log_inv_rate,3,8,24,33,50,640,16804,3867350.000102,3808328.604812,3926371.395391,3848582.005517,18767.994584,2.762393,13.639610,false,predicted CU exceeds the transaction compute budget,false,predicted CU exceeds the transaction compute budget
qualified-whir-t120-r8-g32-whir_johnson_full-baseline,WHIR,whir_johnson_full,120.0,baseline,log_inv_rate,3,8,32,62,93,640,27394,10491671.956121,10432650.560831,10550693.351410,10461702.764565,29969.191556,7.494051,22.235390,false,predicted CU exceeds the transaction compute budget,false,predicted CU exceeds the transaction compute budget
qualified-whir-t120-r8-g32-whir_johnson_full-fenzi_whir_core_0p8,WHIR,whir_johnson_full,120.0,fenzi_whir_core_0p8,log_inv_rate,3,8,32,62,93,640,27394,8399507.041509,8340485.646219,8458528.436799,8369537.849953,29969.191556,5.999648,22.235390,false,predicted CU exceeds the transaction compute budget,false,predicted CU exceeds the transaction compute budget
qualified-whir-t120-r8-g32-whir_johnson_full-m31_mul_0p75,WHIR,whir_johnson_full,120.0,m31_mul_0p75,log_inv_rate,3,8,32,62,93,640,27394,8150196.282160,8091174.886871,8209217.677450,8120227.090604,29969.191556,5.821569,22.235390,false,predicted CU exceeds the transaction compute budget,false,predicted CU exceeds the transaction compute budget
qualified-whir-t120-r8-g32-whir_johnson_full-fenzi_whir_core_0p8_plus_m31_mul_0p75,WHIR,whir_johnson_full,120.0,fenzi_whir_core_0p8_plus_m31_mul_0p75,log_inv_rate,3,8,32,62,93,640,27394,6526326.502341,6467305.107051,6585347.897630,6496357.310785,29969.191556,4.661662,22.235390,false,predicted CU exceeds the transaction compute budget,false,predicted CU exceeds the transaction compute budget
qualified-whir-t120-r8-g32-whir_capacity_full-baseline,WHIR,whir_capacity_full,120.0,baseline,log_inv_rate,3,8,32,31,46,640,15748,5755197.242230,5696175.846940,5814218.637520,5737617.021663,17580.220567,4.110855,12.782468,false,predicted CU exceeds the transaction compute budget,false,predicted CU exceeds the transaction compute budget
qualified-whir-t120-r8-g32-whir_capacity_full-fenzi_whir_core_0p8,WHIR,whir_capacity_full,120.0,fenzi_whir_core_0p8,log_inv_rate,3,8,32,31,46,640,15748,4607849.476199,4548828.080909,4666870.871488,4590269.255632,17580.220567,3.291321,12.782468,false,predicted CU exceeds the transaction compute budget,false,predicted CU exceeds the transaction compute budget
qualified-whir-t120-r8-g32-whir_capacity_full-m31_mul_0p75,WHIR,whir_capacity_full,120.0,m31_mul_0p75,log_inv_rate,3,8,32,31,46,640,15748,4518464.247922,4459442.852632,4577485.643211,4500884.027355,17580.220567,3.227474,12.782468,false,predicted CU exceeds the transaction compute budget,false,predicted CU exceeds the transaction compute budget
qualified-whir-t120-r8-g32-whir_capacity_full-fenzi_whir_core_0p8_plus_m31_mul_0p75,WHIR,whir_capacity_full,120.0,fenzi_whir_core_0p8_plus_m31_mul_0p75,log_inv_rate,3,8,32,31,46,640,15748,3618463.080752,3559441.685463,3677484.476042,3600882.860185,17580.220567,2.584616,12.782468,false,predicted CU exceeds the transaction compute budget,false,predicted CU exceeds the transaction compute budget
qualified-whir-t120-r16-g0-whir_johnson_full-baseline,WHIR,whir_johnson_full,120.0,baseline,log_inv_rate,4,16,0,63,98,640,32050,11085062.724012,11026041.328723,11144084.119302,11049999.779951,35062.944062,7.917902,26.014610,false,predicted CU exceeds the transaction compute budget; whir_johnson_full soundness term 120.0 bits is below the 120.0-bit target,false,predicted CU exceeds the transaction compute budget
qualified-whir-t120-r16-g0-whir_johnson_full-fenzi_whir_core_0p8,WHIR,whir_johnson_full,120.0,fenzi_whir_core_0p8,log_inv_rate,4,16,0,63,98,640,32050,8875238.406324,8816217.011034,8934259.801613,8840175.462262,35062.944062,6.339456,26.014610,false,predicted CU exceeds the transaction compute budget; whir_johnson_full soundness term 120.0 bits is below the 120.0-bit target,false,predicted CU exceeds the transaction compute budget
qualified-whir-t120-r16-g0-whir_johnson_full-m31_mul_0p75,WHIR,whir_johnson_full,120.0,m31_mul_0p75,log_inv_rate,4,16,0,63,98,640,32050,8626061.233068,8567039.837778,8685082.628357,8590998.289006,35062.944062,6.161472,26.014610,false,predicted CU exceeds the transaction compute budget; whir_johnson_full soundness term 120.0 bits is below the 120.0-bit target,false,predicted CU exceeds the transaction compute budget
qualified-whir-t120-r16-g0-whir_johnson_full-fenzi_whir_core_0p8_plus_m31_mul_0p75,WHIR,whir_johnson_full,120.0,fenzi_whir_core_0p8_plus_m31_mul_0p75,log_inv_rate,4,16,0,63,98,640,32050,6908037.213568,6849015.818278,6967058.608857,6872974.269506,35062.944062,4.934312,26.014610,false,predicted CU exceeds the transaction compute budget; whir_johnson_full soundness term 120.0 bits is below the 120.0-bit target,false,predicted CU exceeds the transaction compute budget
qualified-whir-t120-r16-g0-whir_capacity_full-baseline,WHIR,whir_capacity_full,120.0,baseline,log_inv_rate,4,16,0,31,49,640,18308,6104317.231974,6045295.836684,6163338.627263,6084006.115956,20311.116018,4.360227,14.860390,false,predicted CU exceeds the transaction compute budget,false,predicted CU exceeds the transaction compute budget
qualified-whir-t120-r16-g0-whir_capacity_full-fenzi_whir_core_0p8,WHIR,whir_capacity_full,120.0,fenzi_whir_core_0p8,log_inv_rate,4,16,0,31,49,640,18308,4887691.647084,4828670.251794,4946713.042374,4867380.531066,20311.116018,3.491208,14.860390,false,predicted CU exceeds the transaction compute budget,false,predicted CU exceeds the transaction compute budget
qualified-whir-t120-r16-g0-whir_capacity_full-m31_mul_0p75,WHIR,whir_capacity_full,120.0,m31_mul_0p75,log_inv_rate,4,16,0,31,49,640,18308,4797068.747475,4738047.352186,4856090.142765,4776757.631457,20311.116018,3.426478,14.860390,false,predicted CU exceeds the transaction compute budget,false,predicted CU exceeds the transaction compute budget
qualified-whir-t120-r16-g0-whir_capacity_full-fenzi_whir_core_0p8_plus_m31_mul_0p75,WHIR,whir_capacity_full,120.0,fenzi_whir_core_0p8_plus_m31_mul_0p75,log_inv_rate,4,16,0,31,49,640,18308,3841892.859485,3782871.464195,3900914.254774,3821581.743467,20311.116018,2.744209,14.860390,false,predicted CU exceeds the transaction compute budget,false,predicted CU exceeds the transaction compute budget
qualified-whir-t120-r16-g8-whir_johnson_full-baseline,WHIR,whir_johnson_full,120.0,baseline,log_inv_rate,4,16,8,59,92,640,30394,10476045.526911,10417024.131621,10535066.922200,10442821.353281,33224.173630,7.482890,24.670455,false,predicted CU exceeds the transaction compute budget,false,predicted CU exceeds the transaction compute budget
qualified-whir-t120-r16-g8-whir_johnson_full-fenzi_whir_core_0p8,WHIR,whir_johnson_full,120.0,fenzi_whir_core_0p8,log_inv_rate,4,16,8,59,92,640,30394,8387656.894556,8328635.499266,8446678.289845,8354432.720926,33224.173630,5.991183,24.670455,false,predicted CU exceeds the transaction compute budget,false,predicted CU exceeds the transaction compute budget
qualified-whir-t120-r16-g8-whir_johnson_full-m31_mul_0p75,WHIR,whir_johnson_full,120.0,m31_mul_0p75,log_inv_rate,4,16,8,59,92,640,30394,8158075.016347,8099053.621058,8217096.411637,8124850.842717,33224.173630,5.827196,24.670455,false,predicted CU exceeds the transaction compute budget,false,predicted CU exceeds the transaction compute budget
qualified-whir-t120-r16-g8-whir_johnson_full-fenzi_whir_core_0p8_plus_m31_mul_0p75,WHIR,whir_johnson_full,120.0,fenzi_whir_core_0p8_plus_m31_mul_0p75,log_inv_rate,4,16,8,59,92,640,30394,6533280.486105,6474259.090815,6592301.881395,6500056.312475,33224.173630,4.666629,24.670455,false,predicted CU exceeds the transaction compute budget,false,predicted CU exceeds the transaction compute budget
qualified-whir-t120-r16-g8-whir_capacity_full-baseline,WHIR,whir_capacity_full,120.0,baseline,log_inv_rate,4,16,8,29,46,640,17492,5800277.030686,5741255.635396,5859298.425975,5780788.239301,19488.791384,4.143055,14.198052,false,predicted CU exceeds the transaction compute budget,false,predicted CU exceeds the transaction compute budget
qualified-whir-t120-r16-g8-whir_capacity_full-fenzi_whir_core_0p8,WHIR,whir_capacity_full,120.0,fenzi_whir_core_0p8,log_inv_rate,4,16,8,29,46,640,17492,4644295.021127,4585273.625837,4703316.416416,4624806.229742,19488.791384,3.317354,14.198052,false,predicted CU exceeds the transaction compute budget,false,predicted CU exceeds the transaction compute budget
qualified-whir-t120-r16-g8-whir_capacity_full-m31_mul_0p75,WHIR,whir_capacity_full,120.0,m31_mul_0p75,log_inv_rate,4,16,8,29,46,640,17492,4563544.036378,4504522.641088,4622565.431667,4544055.244993,19488.791384,3.259674,14.198052,false,predicted CU exceeds the transaction compute budget,false,predicted CU exceeds the transaction compute budget
qualified-whir-t120-r16-g8-whir_capacity_full-fenzi_whir_core_0p8_plus_m31_mul_0p75,WHIR,whir_capacity_full,120.0,fenzi_whir_core_0p8_plus_m31_mul_0p75,log_inv_rate,4,16,8,29,46,640,17492,3654908.625680,3595887.230391,3713930.020970,3635419.834296,19488.791384,2.610649,14.198052,false,predicted CU exceeds the transaction compute budget,false,predicted CU exceeds the transaction compute budget
qualified-whir-t120-r16-g16-whir_johnson_full-baseline,WHIR,whir_johnson_full,120.0,baseline,log_inv_rate,4,16,16,54,85,640,28466,9765567.800515,9706546.405225,9824589.195804,9734398.143963,31169.656552,6.975406,23.105519,false,predicted CU exceeds the transaction compute budget,false,predicted CU exceeds the transaction compute budget
qualified-whir-t120-r16-g16-whir_johnson_full-fenzi_whir_core_0p8,WHIR,whir_johnson_full,120.0,fenzi_whir_core_0p8,log_inv_rate,4,16,16,54,85,640,28466,7818863.810024,7759842.414734,7877885.205313,7787694.153471,31169.656552,5.584903,23.105519,false,predicted CU exceeds the transaction compute budget,false,predicted CU exceeds the transaction compute budget
qualified-whir-t120-r16-g16-whir_johnson_full-m31_mul_0p75,WHIR,whir_johnson_full,120.0,m31_mul_0p75,log_inv_rate,4,16,16,54,85,640,28466,7612133.433729,7553112.038440,7671154.829019,7580963.777177,31169.656552,5.437238,23.105519,false,predicted CU exceeds the transaction compute budget,false,predicted CU exceeds the transaction compute budget
qualified-whir-t120-r16-g16-whir_johnson_full-fenzi_whir_core_0p8_plus_m31_mul_0p75,WHIR,whir_johnson_full,120.0,fenzi_whir_core_0p8_plus_m31_mul_0p75,log_inv_rate,4,16,16,54,85,640,28466,6096116.316595,6037094.921306,6155137.711885,6064946.660043,31169.656552,4.354369,23.105519,false,predicted CU exceeds the transaction compute budget,false,predicted CU exceeds the transaction compute budget
qualified-whir-t120-r16-g16-whir_capacity_full-baseline,WHIR,whir_capacity_full,120.0,baseline,log_inv_rate,4,16,16,27,43,640,16652,5495475.119568,5436453.724279,5554496.514858,5476827.689286,18647.430282,3.925339,13.516234,false,predicted CU exceeds the transaction compute budget,false,predicted CU exceeds the transaction compute budget
qualified-whir-t120-r16-g16-whir_capacity_full-fenzi_whir_core_0p8,WHIR,whir_capacity_full,120.0,fenzi_whir_core_0p8,log_inv_rate,4,16,16,27,43,640,16652,4400285.220012,4341263.824723,4459306.615302,4381637.789730,18647.430282,3.143061,13.516234,false,predicted CU exceeds the transaction compute budget,false,predicted CU exceeds the transaction compute budget
qualified-whir-t120-r16-g16-whir_capacity_full-m31_mul_0p75,WHIR,whir_capacity_full,120.0,m31_mul_0p75,log_inv_rate,4,16,16,27,43,640,16652,4329257.615451,4270236.220161,4388279.010740,4310610.185169,18647.430282,3.092327,13.516234,false,predicted CU exceeds the transaction compute budget,false,predicted CU exceeds the transaction compute budget
qualified-whir-t120-r16-g16-whir_capacity_full-fenzi_whir_core_0p8_plus_m31_mul_0p75,WHIR,whir_capacity_full,120.0,fenzi_whir_core_0p8_plus_m31_mul_0p75,log_inv_rate,4,16,16,27,43,640,16652,3467311.216718,3408289.821429,3526332.612008,3448663.786436,18647.430282,2.476651,13.516234,false,predicted CU exceeds the transaction compute budget,false,predicted CU exceeds the transaction compute budget
qualified-whir-t120-r16-g20-whir_johnson_full-baseline,WHIR,whir_johnson_full,120.0,baseline,log_inv_rate,4,16,20,52,82,640,27626,9460765.889398,9401744.494108,9519787.284687,9430437.593947,30328.295450,6.757690,22.423701,false,predicted CU exceeds the transaction compute budget,false,predicted CU exceeds the transaction compute budget
qualified-whir-t120-r16-g20-whir_johnson_full-fenzi_whir_core_0p8,WHIR,whir_johnson_full,120.0,fenzi_whir_core_0p8,log_inv_rate,4,16,20,52,82,640,27626,7574854.008909,7515832.613620,7633875.404199,7544525.713459,30328.295450,5.410610,22.423701,false,predicted CU exceeds the transaction compute budget,false,predicted CU exceeds the transaction compute budget
qualified-whir-t120-r16-g20-whir_johnson_full-m31_mul_0p75,WHIR,whir_johnson_full,120.0,m31_mul_0p75,log_inv_rate,4,16,20,52,82,640,27626,7377847.012803,7318825.617513,7436868.408092,7347518.717352,30328.295450,5.269891,22.423701,false,predicted CU exceeds the transaction compute budget,false,predicted CU exceeds the transaction compute budget
qualified-whir-t120-r16-g20-whir_johnson_full-fenzi_whir_core_0p8_plus_m31_mul_0p75,WHIR,whir_johnson_full,120.0,fenzi_whir_core_0p8_plus_m31_mul_0p75,log_inv_rate,4,16,20,52,82,640,27626,5908518.907633,5849497.512344,5967540.302923,5878190.612183,30328.295450,4.220371,22.423701,false,predicted CU exceeds the transaction compute budget,false,predicted CU exceeds the transaction compute budget
qualified-whir-t120-r16-g20-whir_capacity_full-baseline,WHIR,whir_capacity_full,120.0,baseline,log_inv_rate,4,16,20,26,41,640,16060,5291372.027916,5232350.632627,5350393.423206,5273369.248559,18002.779357,3.779551,13.035714,false,predicted CU exceeds the transaction compute budget,false,predicted CU exceeds the transaction compute budget
qualified-whir-t120-r16-g20-whir_capacity_full-fenzi_whir_core_0p8,WHIR,whir_capacity_full,120.0,fenzi_whir_core_0p8,log_inv_rate,4,16,20,26,41,640,16060,4236873.816506,4177852.421216,4295895.211795,4218871.037149,18002.779357,3.026338,13.035714,false,predicted CU exceeds the transaction compute budget,false,predicted CU exceeds the transaction compute budget
qualified-whir-t120-r16-g20-whir_capacity_full-m31_mul_0p75,WHIR,whir_capacity_full,120.0,m31_mul_0p75,log_inv_rate,4,16,20,26,41,640,16060,4172164.850592,4113143.455303,4231186.245882,4154162.071235,18002.779357,2.980118,13.035714,false,predicted CU exceeds the transaction compute budget,false,predicted CU exceeds the transaction compute budget
qualified-whir-t120-r16-g20-whir_capacity_full-fenzi_whir_core_0p8_plus_m31_mul_0p75,WHIR,whir_capacity_full,120.0,fenzi_whir_core_0p8_plus_m31_mul_0p75,log_inv_rate,4,16,20,26,41,640,16060,3341508.074646,3282486.679357,3400529.469936,3323505.295290,18002.779357,2.386791,13.035714,false,predicted CU exceeds the transaction compute budget,false,predicted CU exceeds the transaction compute budget
qualified-whir-t120-r16-g24-whir_johnson_full-baseline,WHIR,whir_johnson_full,120.0,baseline,log_inv_rate,4,16,24,50,78,640,26442,9052559.706093,8993538.310804,9111581.101383,9023520.712493,29038.993600,6.466114,21.462662,false,predicted CU exceeds the transaction compute budget,false,predicted CU exceeds the transaction compute budget
qualified-whir-t120-r16-g24-whir_johnson_full-fenzi_whir_core_0p8,WHIR,whir_johnson_full,120.0,fenzi_whir_core_0p8,log_inv_rate,4,16,24,50,78,640,26442,7248031.201896,7189009.806606,7307052.597185,7218992.208296,29038.993600,5.177165,21.462662,false,predicted CU exceeds the transaction compute budget,false,predicted CU exceeds the transaction compute budget
qualified-whir-t120-r16-g24-whir_johnson_full-m31_mul_0p75,WHIR,whir_johnson_full,120.0,m31_mul_0p75,log_inv_rate,4,16,24,50,78,640,26442,7063661.483086,7004640.087796,7122682.878375,7034622.489486,29038.993600,5.045472,21.462662,false,predicted CU exceeds the transaction compute budget,false,predicted CU exceeds the transaction compute budget
qualified-whir-t120-r16-g24-whir_johnson_full-fenzi_whir_core_0p8_plus_m31_mul_0p75,WHIR,whir_johnson_full,120.0,fenzi_whir_core_0p8_plus_m31_mul_0p75,log_inv_rate,4,16,24,50,78,640,26442,5656912.623490,5597891.228200,5715934.018779,5627873.629890,29038.993600,4.040652,21.462662,false,predicted CU exceeds the transaction compute budget,false,predicted CU exceeds the transaction compute budget
qualified-whir-t120-r16-g24-whir_capacity_full-baseline,WHIR,whir_capacity_full,120.0,baseline,log_inv_rate,4,16,24,25,39,640,15468,5087268.936264,5028247.540974,5146290.331554,5069910.807832,17358.128432,3.633764,12.555195,false,predicted CU exceeds the transaction compute budget,false,predicted CU exceeds the transaction compute budget
qualified-whir-t120-r16-g24-whir_capacity_full-fenzi_whir_core_0p8,WHIR,whir_capacity_full,120.0,fenzi_whir_core_0p8,log_inv_rate,4,16,24,25,39,640,15468,4073462.412999,4014441.017709,4132483.808288,4056104.284567,17358.128432,2.909616,12.555195,false,predicted CU exceeds the transaction compute budget,false,predicted CU exceeds the transaction compute budget
qualified-whir-t120-r16-g24-whir_capacity_full-m31_mul_0p75,WHIR,whir_capacity_full,120.0,m31_mul_0p75,log_inv_rate,4,16,24,25,39,640,15468,4015072.085734,3956050.690444,4074093.481023,3997713.957302,17358.128432,2.867909,12.555195,false,predicted CU exceeds the transaction compute budget,false,predicted CU exceeds the transaction compute budget
qualified-whir-t120-r16-g24-whir_capacity_full-fenzi_whir_core_0p8_plus_m31_mul_0p75,WHIR,whir_capacity_full,120.0,fenzi_whir_core_0p8_plus_m31_mul_0p75,log_inv_rate,4,16,24,25,39,640,15468,3215704.932575,3156683.537285,3274726.327864,3198346.804143,17358.128432,2.296932,12.555195,false,predicted CU exceeds the transaction compute budget,false,predicted CU exceeds the transaction compute budget
qualified-whir-t120-r16-g32-whir_johnson_full-baseline,WHIR,whir_johnson_full,120.0,baseline,log_inv_rate,4,16,32,46,72,640,24762,8442780.799162,8383759.403873,8501802.194452,8415599.612463,27181.186699,6.030558,20.099026,false,predicted CU exceeds the transaction compute budget,false,predicted CU exceeds the transaction compute budget
qualified-whir-t120-r16-g32-whir_johnson_full-fenzi_whir_core_0p8,WHIR,whir_johnson_full,120.0,fenzi_whir_core_0p8,log_inv_rate,4,16,32,46,72,640,24762,6759836.514971,6700815.119681,6818857.910261,6732655.328272,27181.186699,4.828455,20.099026,false,predicted CU exceeds the transaction compute budget,false,predicted CU exceeds the transaction compute budget
qualified-whir-t120-r16-g32-whir_johnson_full-m31_mul_0p75,WHIR,whir_johnson_full,120.0,m31_mul_0p75,log_inv_rate,4,16,32,46,72,640,24762,6594913.556536,6535892.161246,6653934.951825,6567732.369837,27181.186699,4.710653,20.099026,false,predicted CU exceeds the transaction compute budget,false,predicted CU exceeds the transaction compute budget
qualified-whir-t120-r16-g32-whir_johnson_full-fenzi_whir_core_0p8_plus_m31_mul_0p75,WHIR,whir_johnson_full,120.0,fenzi_whir_core_0p8_plus_m31_mul_0p75,log_inv_rate,4,16,32,46,72,640,24762,5281542.720870,5222521.325580,5340564.116159,5254361.534171,27181.186699,3.772531,20.099026,false,predicted CU exceeds the transaction compute budget,false,predicted CU exceeds the transaction compute budget
qualified-whir-t120-r16-g32-whir_capacity_full-baseline,WHIR,whir_capacity_full,120.0,baseline,log_inv_rate,4,16,32,23,36,640,14628,4782291.940450,4723270.545161,4841313.335740,4765950.257817,16341.682633,3.415923,11.873377,false,predicted CU exceeds the transaction compute budget,false,predicted CU exceeds the transaction compute budget
qualified-whir-t120-r16-g32-whir_capacity_full-fenzi_whir_core_0p8,WHIR,whir_capacity_full,120.0,fenzi_whir_core_0p8,log_inv_rate,4,16,32,23,36,640,14628,3829277.527188,3770256.131899,3888298.922478,3812935.844555,16341.682633,2.735198,11.873377,false,predicted CU exceeds the transaction compute budget,false,predicted CU exceeds the transaction compute budget
qualified-whir-t120-r16-g32-whir_capacity_full-m31_mul_0p75,WHIR,whir_capacity_full,120.0,m31_mul_0p75,log_inv_rate,4,16,32,23,36,640,14628,3780610.580111,3721589.184821,3839631.975400,3764268.897478,16341.682633,2.700436,11.873377,false,predicted CU exceeds the transaction compute budget,false,predicted CU exceeds the transaction compute budget
qualified-whir-t120-r16-g32-whir_capacity_full-fenzi_whir_core_0p8_plus_m31_mul_0p75,WHIR,whir_capacity_full,120.0,fenzi_whir_core_0p8_plus_m31_mul_0p75,log_inv_rate,4,16,32,23,36,640,14628,3027932.438916,2968911.043627,3086953.834206,3011590.756283,16341.682633,2.162809,11.873377,false,predicted CU exceeds the transaction compute budget,false,predicted CU exceeds the transaction compute budget
qualified-whir-t128-r2-g0-whir_johnson_full-baseline,WHIR,whir_johnson_full,128.0,baseline,log_inv_rate,1,2,0,298,365,640,66058,37136229.991673,37077208.596383,37195251.386962,37064912.882503,71317.109169,26.525879,53.618506,false,predicted CU exceeds the transaction compute budget; whir_johnson_full soundness term 128.0 bits is below the 128.0-bit target,false,predicted CU exceeds the transaction compute budget
qualified-whir-t128-r2-g0-whir_johnson_full-fenzi_whir_core_0p8,WHIR,whir_johnson_full,128.0,fenzi_whir_core_0p8,log_inv_rate,1,2,0,298,365,640,66058,29723423.053473,29664401.658184,29782444.448763,29652105.944304,71317.109169,21.231016,53.618506,false,predicted CU exceeds the transaction compute budget; whir_johnson_full soundness term 128.0 bits is below the 128.0-bit target,false,predicted CU exceeds the transaction compute budget
qualified-whir-t128-r2-g0-whir_johnson_full-m31_mul_0p75,WHIR,whir_johnson_full,128.0,m31_mul_0p75,log_inv_rate,1,2,0,298,365,640,66058,28401349.873768,28342328.478479,28460371.269058,28330032.764599,71317.109169,20.286678,53.618506,false,predicted CU exceeds the transaction compute budget; whir_johnson_full soundness term 128.0 bits is below the 128.0-bit target,false,predicted CU exceeds the transaction compute budget
qualified-whir-t128-r2-g0-whir_johnson_full-fenzi_whir_core_0p8_plus_m31_mul_0p75,WHIR,whir_johnson_full,128.0,fenzi_whir_core_0p8_plus_m31_mul_0p75,log_inv_rate,1,2,0,298,365,640,66058,22735518.959150,22676497.563860,22794540.354439,22664201.849980,71317.109169,16.239656,53.618506,false,predicted CU exceeds the transaction compute budget; whir_johnson_full soundness term 128.0 bits is below the 128.0-bit target,false,predicted CU exceeds the transaction compute budget
qualified-whir-t128-r2-g0-whir_capacity_full-baseline,WHIR,whir_capacity_full,128.0,baseline,log_inv_rate,1,2,0,138,171,640,33348,17996953.361614,17937931.966324,18055974.756903,17960510.692475,36442.669139,12.854967,27.068182,false,predicted CU exceeds the transaction compute budget; whir_capacity_full soundness term 128.5 bits is below the 128.0-bit target,false,predicted CU exceeds the transaction compute budget
qualified-whir-t128-r2-g0-whir_capacity_full-fenzi_whir_core_0p8,WHIR,whir_capacity_full,128.0,fenzi_whir_core_0p8,log_inv_rate,1,2,0,138,171,640,33348,14405026.861420,14346005.466130,14464048.256709,14368584.192281,36442.669139,10.289305,27.068182,false,predicted CU exceeds the transaction compute budget; whir_capacity_full soundness term 128.5 bits is below the 128.0-bit target,false,predicted CU exceeds the transaction compute budget
qualified-whir-t128-r2-g0-whir_capacity_full-m31_mul_0p75,WHIR,whir_capacity_full,128.0,m31_mul_0p75,log_inv_rate,1,2,0,138,171,640,33348,13822074.942699,13763053.547409,13881096.337988,13785632.273560,36442.669139,9.872911,27.068182,false,predicted CU exceeds the transaction compute budget; whir_capacity_full soundness term 128.5 bits is below the 128.0-bit target,false,predicted CU exceeds the transaction compute budget
qualified-whir-t128-r2-g0-whir_capacity_full-fenzi_whir_core_0p8_plus_m31_mul_0p75,WHIR,whir_capacity_full,128.0,fenzi_whir_core_0p8_plus_m31_mul_0p75,log_inv_rate,1,2,0,138,171,640,33348,11065124.126288,11006102.730998,11124145.521577,11028681.457149,36442.669139,7.903660,27.068182,false,predicted CU exceeds the transaction compute budget; whir_capacity_full soundness term 128.5 bits is below the 128.0-bit target,false,predicted CU exceeds the transaction compute budget
qualified-whir-t128-r2-g8-whir_johnson_full-baseline,WHIR,whir_johnson_full,128.0,baseline,log_inv_rate,1,2,8,280,343,640,62354,34966113.789562,34907092.394272,35025135.184851,34898785.150245,67328.639316,24.975796,50.612013,false,predicted CU exceeds the transaction compute budget; whir_johnson_full soundness term 128.1 bits is below the 128.0-bit target,false,predicted CU exceeds the transaction compute budget
qualified-whir-t128-r2-g8-whir_johnson_full-fenzi_whir_core_0p8,WHIR,whir_johnson_full,128.0,fenzi_whir_core_0p8,log_inv_rate,1,2,8,280,343,640,62354,27986532.397814,27927511.002524,28045553.793103,27919203.758498,67328.639316,19.990380,50.612013,false,predicted CU exceeds the transaction compute budget; whir_johnson_full soundness term 128.1 bits is below the 128.0-bit target,false,predicted CU exceeds the transaction compute budget
qualified-whir-t128-r2-g8-whir_johnson_full-m31_mul_0p75,WHIR,whir_johnson_full,128.0,m31_mul_0p75,log_inv_rate,1,2,8,280,343,640,62354,26748347.266388,26689325.871098,26807368.661677,26681018.627072,67328.639316,19.105962,50.612013,false,predicted CU exceeds the transaction compute budget; whir_johnson_full soundness term 128.1 bits is below the 128.0-bit target,false,predicted CU exceeds the transaction compute budget
qualified-whir-t128-r2-g8-whir_johnson_full-fenzi_whir_core_0p8_plus_m31_mul_0p75,WHIR,whir_johnson_full,128.0,fenzi_whir_core_0p8_plus_m31_mul_0p75,log_inv_rate,1,2,8,280,343,640,62354,21412319.179275,21353297.783985,21471340.574564,21344990.539958,67328.639316,15.294514,50.612013,false,predicted CU exceeds the transaction compute budget; whir_johnson_full soundness term 128.1 bits is below the 128.0-bit target,false,predicted CU exceeds the transaction compute budget
qualified-whir-t128-r2-g8-whir_capacity_full-baseline,WHIR,whir_capacity_full,128.0,baseline,log_inv_rate,1,2,8,130,161,640,31660,17010444.566912,16951423.171622,17069465.962201,16975866.050163,34578.516749,12.150318,25.698052,false,predicted CU exceeds the transaction compute budget,false,predicted CU exceeds the transaction compute budget
qualified-whir-t128-r2-g8-whir_capacity_full-fenzi_whir_core_0p8,WHIR,whir_capacity_full,128.0,fenzi_whir_core_0p8,log_inv_rate,1,2,8,130,161,640,31660,13615446.995180,13556425.599891,13674468.390470,13580868.478432,34578.516749,9.725319,25.698052,false,predicted CU exceeds the transaction compute budget,false,predicted CU exceeds the transaction compute budget
qualified-whir-t128-r2-g8-whir_capacity_full-m31_mul_0p75,WHIR,whir_capacity_full,128.0,m31_mul_0p75,log_inv_rate,1,2,8,130,161,640,31660,13070617.781965,13011596.386676,13129639.177255,13036039.265216,34578.516749,9.336156,25.698052,false,predicted CU exceeds the transaction compute budget,false,predicted CU exceeds the transaction compute budget
qualified-whir-t128-r2-g8-whir_capacity_full-fenzi_whir_core_0p8_plus_m31_mul_0p75,WHIR,whir_capacity_full,128.0,fenzi_whir_core_0p8_plus_m31_mul_0p75,log_inv_rate,1,2,8,130,161,640,31660,10463585.567223,10404564.171933,10522606.962513,10429007.050474,34578.516749,7.473990,25.698052,false,predicted CU exceeds the transaction compute budget,false,predicted CU exceeds the transaction compute budget
qualified-whir-t128-r2-g16-whir_johnson_full-baseline,WHIR,whir_johnson_full,128.0,baseline,log_inv_rate,1,2,16,261,320,640,58474,32697067.426182,32638046.030893,32756088.821472,32633866.857490,63200.568692,23.355048,47.462662,false,predicted CU exceeds the transaction compute budget,false,predicted CU exceeds the transaction compute budget
qualified-whir-t128-r2-g16-whir_johnson_full-fenzi_whir_core_0p8,WHIR,whir_johnson_full,128.0,fenzi_whir_core_0p8,log_inv_rate,1,2,16,261,320,640,58474,26170469.692986,26111448.297696,26229491.088275,26107269.124293,63200.568692,18.693193,47.462662,false,predicted CU exceeds the transaction compute budget,false,predicted CU exceeds the transaction compute budget
qualified-whir-t128-r2-g16-whir_johnson_full-m31_mul_0p75,WHIR,whir_johnson_full,128.0,m31_mul_0p75,log_inv_rate,1,2,16,261,320,640,58474,25019919.661136,24960898.265847,25078941.056426,24956719.092444,63200.568692,17.871371,47.462662,false,predicted CU exceeds the transaction compute budget,false,predicted CU exceeds the transaction compute budget
qualified-whir-t128-r2-g16-whir_johnson_full-fenzi_whir_core_0p8_plus_m31_mul_0p75,WHIR,whir_johnson_full,128.0,fenzi_whir_core_0p8_plus_m31_mul_0p75,log_inv_rate,1,2,16,261,320,640,58474,20028751.480949,19969730.085659,20087772.876238,19965550.912256,63200.568692,14.306251,47.462662,false,predicted CU exceeds the transaction compute budget,false,predicted CU exceeds the transaction compute budget
qualified-whir-t128-r2-g16-whir_capacity_full-baseline,WHIR,whir_capacity_full,128.0,baseline,log_inv_rate,1,2,16,121,150,640,29796,15925005.610941,15865984.215652,15984027.006231,15892430.847354,32574.763588,11.375004,24.185065,false,predicted CU exceeds the transaction compute budget,false,predicted CU exceeds the transaction compute budget
qualified-whir-t128-r2-g16-whir_capacity_full-fenzi_whir_core_0p8,WHIR,whir_capacity_full,128.0,fenzi_whir_core_0p8,log_inv_rate,1,2,16,121,150,640,29796,12746695.079772,12687673.684482,12805716.475061,12714120.316184,32574.763588,9.104782,24.185065,false,predicted CU exceeds the transaction compute budget,false,predicted CU exceeds the transaction compute budget
qualified-whir-t128-r2-g16-whir_capacity_full-m31_mul_0p75,WHIR,whir_capacity_full,128.0,m31_mul_0p75,log_inv_rate,1,2,16,121,150,640,29796,12243735.623360,12184714.228071,12302757.018650,12211160.859773,32574.763588,8.745525,24.185065,false,predicted CU exceeds the transaction compute budget,false,predicted CU exceeds the transaction compute budget
qualified-whir-t128-r2-g16-whir_capacity_full-fenzi_whir_core_0p8_plus_m31_mul_0p75,WHIR,whir_capacity_full,128.0,fenzi_whir_core_0p8_plus_m31_mul_0p75,log_inv_rate,1,2,16,121,150,640,29796,9801679.089707,9742657.694418,9860700.484997,9769104.326119,32574.763588,7.001199,24.185065,false,predicted CU exceeds the transaction compute budget,false,predicted CU exceeds the transaction compute budget
qualified-whir-t128-r2-g20-whir_johnson_full-baseline,WHIR,whir_johnson_full,128.0,baseline,log_inv_rate,1,2,20,252,308,640,56362,31510929.650747,31451908.255458,31569951.046037,31449929.545393,61000.105354,22.507807,45.748377,false,predicted CU exceeds the transaction compute budget,false,predicted CU exceeds the transaction compute budget
qualified-whir-t128-r2-g20-whir_johnson_full-fenzi_whir_core_0p8,WHIR,whir_johnson_full,128.0,fenzi_whir_core_0p8,log_inv_rate,1,2,20,252,308,640,56362,25221119.379970,25162097.984680,25280140.775259,25160119.274616,61000.105354,18.015085,45.748377,false,predicted CU exceeds the transaction compute budget,false,predicted CU exceeds the transaction compute budget
qualified-whir-t128-r2-g20-whir_johnson_full-m31_mul_0p75,WHIR,whir_johnson_full,128.0,m31_mul_0p75,log_inv_rate,1,2,20,252,308,640,56362,24115843.846463,24056822.451174,24174865.241753,24054843.741109,61000.105354,17.225603,45.748377,false,predicted CU exceeds the transaction compute budget,false,predicted CU exceeds the transaction compute budget
qualified-whir-t128-r2-g20-whir_johnson_full-fenzi_whir_core_0p8_plus_m31_mul_0p75,WHIR,whir_johnson_full,128.0,fenzi_whir_core_0p8_plus_m31_mul_0p75,log_inv_rate,1,2,20,252,308,640,56362,19305050.736543,19246029.341253,19364072.131832,19244050.631188,61000.105354,13.789322,45.748377,false,predicted CU exceeds the transaction compute budget,false,predicted CU exceeds the transaction compute budget
qualified-whir-t128-r2-g20-whir_capacity_full-baseline,WHIR,whir_capacity_full,128.0,baseline,log_inv_rate,1,2,20,117,145,640,28940,15431457.901024,15372436.505734,15490479.296314,15399737.189518,31720.711506,11.022470,23.490260,false,predicted CU exceeds the transaction compute budget,false,predicted CU exceeds the transaction compute budget
qualified-whir-t128-r2-g20-whir_capacity_full-fenzi_whir_core_0p8,WHIR,whir_capacity_full,128.0,fenzi_whir_core_0p8,log_inv_rate,1,2,20,117,145,640,28940,12351686.101422,12292664.706132,12410707.496711,12319965.389915,31720.711506,8.822633,23.490260,false,predicted CU exceeds the transaction compute budget,false,predicted CU exceeds the transaction compute budget
qualified-whir-t128-r2-g20-whir_capacity_full-m31_mul_0p75,WHIR,whir_capacity_full,128.0,m31_mul_0p75,log_inv_rate,1,2,20,117,145,640,28940,11867713.730427,11808692.335138,11926735.125717,11835993.018921,31720.711506,8.476938,23.490260,false,predicted CU exceeds the transaction compute budget,false,predicted CU exceeds the transaction compute budget
qualified-whir-t128-r2-g20-whir_capacity_full-fenzi_whir_core_0p8_plus_m31_mul_0p75,WHIR,whir_capacity_full,128.0,fenzi_whir_core_0p8_plus_m31_mul_0p75,log_inv_rate,1,2,20,117,145,640,28940,9500690.764944,9441669.369655,9559712.160234,9468970.053438,31720.711506,6.786208,23.490260,false,predicted CU exceeds the transaction compute budget,false,predicted CU exceeds the transaction compute budget
qualified-whir-t128-r2-g24-whir_johnson_full-baseline,WHIR,whir_johnson_full,128.0,baseline,log_inv_rate,1,2,24,243,297,640,54498,30425490.694777,30366469.299488,30484512.090067,30366494.342584,58996.352193,21.732493,44.235390,false,predicted CU exceeds the transaction compute budget,false,predicted CU exceeds the transaction compute budget
qualified-whir-t128-r2-g24-whir_johnson_full-fenzi_whir_core_0p8,WHIR,whir_johnson_full,128.0,fenzi_whir_core_0p8,log_inv_rate,1,2,24,243,297,640,54498,24352367.464562,24293346.069272,24411388.859851,24293371.112368,58996.352193,17.394548,44.235390,false,predicted CU exceeds the transaction compute budget,false,predicted CU exceeds the transaction compute budget
qualified-whir-t128-r2-g24-whir_johnson_full-m31_mul_0p75,WHIR,whir_johnson_full,128.0,m31_mul_0p75,log_inv_rate,1,2,24,243,297,640,54498,23288961.687858,23229940.292569,23347983.083148,23229965.335665,58996.352193,16.634973,44.235390,false,predicted CU exceeds the transaction compute budget,false,predicted CU exceeds the transaction compute budget
qualified-whir-t128-r2-g24-whir_johnson_full-fenzi_whir_core_0p8_plus_m31_mul_0p75,WHIR,whir_johnson_full,128.0,fenzi_whir_core_0p8_plus_m31_mul_0p75,log_inv_rate,1,2,24,243,297,640,54498,18643144.259027,18584122.863737,18702165.654316,18584147.906833,58996.352193,13.316532,44.235390,false,predicted CU exceeds the transaction compute budget,false,predicted CU exceeds the transaction compute budget
qualified-whir-t128-r2-g24-whir_capacity_full-baseline,WHIR,whir_capacity_full,128.0,baseline,log_inv_rate,1,2,24,112,139,640,27932,14839566.654971,14780545.259682,14898588.050261,14808995.644545,30571.010427,10.599690,22.672078,false,predicted CU exceeds the transaction compute budget,false,predicted CU exceeds the transaction compute budget
qualified-whir-t128-r2-g24-whir_capacity_full-fenzi_whir_core_0p8,WHIR,whir_capacity_full,128.0,fenzi_whir_core_0p8,log_inv_rate,1,2,24,112,139,640,27932,11877943.164364,11818921.769074,11936964.559653,11847372.153937,30571.010427,8.484245,22.672078,false,predicted CU exceeds the transaction compute budget,false,predicted CU exceeds the transaction compute budget
qualified-whir-t128-r2-g24-whir_capacity_full-m31_mul_0p75,WHIR,whir_capacity_full,128.0,m31_mul_0p75,log_inv_rate,1,2,24,112,139,640,27932,11416853.464756,11357832.069466,11475874.860045,11386282.454329,30571.010427,8.154895,22.672078,false,predicted CU exceeds the transaction compute budget,false,predicted CU exceeds the transaction compute budget
qualified-whir-t128-r2-g24-whir_capacity_full-fenzi_whir_core_0p8_plus_m31_mul_0p75,WHIR,whir_capacity_full,128.0,fenzi_whir_core_0p8_plus_m31_mul_0p75,log_inv_rate,1,2,24,112,139,640,27932,9139772.612191,9080751.216902,9198794.007481,9109201.601764,30571.010427,6.528409,22.672078,false,predicted CU exceeds the transaction compute budget,false,predicted CU exceeds the transaction compute budget
qualified-whir-t128-r2-g32-whir_johnson_full-baseline,WHIR,whir_johnson_full,128.0,baseline,log_inv_rate,1,2,32,224,274,640,50618,28156444.331398,28097422.936108,28215465.726687,28101576.049828,54868.281569,20.111746,41.086039,false,predicted CU exceeds the transaction compute budget,false,predicted CU exceeds the transaction compute budget
qualified-whir-t128-r2-g32-whir_johnson_full-fenzi_whir_core_0p8,WHIR,whir_johnson_full,128.0,fenzi_whir_core_0p8,log_inv_rate,1,2,32,224,274,640,50618,22536304.759733,22477283.364444,22595326.155023,22481436.478164,54868.281569,16.097361,41.086039,false,predicted CU exceeds the transaction compute budget,false,predicted CU exceeds the transaction compute budget
qualified-whir-t128-r2-g32-whir_johnson_full-m31_mul_0p75,WHIR,whir_johnson_full,128.0,m31_mul_0p75,log_inv_rate,1,2,32,224,274,640,50618,21560534.082607,21501512.687317,21619555.477896,21505665.801038,54868.281569,15.400381,41.086039,false,predicted CU exceeds the transaction compute budget,false,predicted CU exceeds the transaction compute budget
qualified-whir-t128-r2-g32-whir_johnson_full-fenzi_whir_core_0p8_plus_m31_mul_0p75,WHIR,whir_johnson_full,128.0,fenzi_whir_core_0p8_plus_m31_mul_0p75,log_inv_rate,1,2,32,224,274,640,50618,17259576.560701,17200555.165411,17318597.955990,17204708.279131,54868.281569,12.328269,41.086039,false,predicted CU exceeds the transaction compute budget,false,predicted CU exceeds the transaction compute budget
qualified-whir-t128-r2-g32-whir_capacity_full-baseline,WHIR,whir_capacity_full,128.0,baseline,log_inv_rate,1,2,32,104,129,640,26220,13852296.150440,13793274.755151,13911317.545730,13823608.328872,28687.821568,9.894497,21.282468,false,predicted CU exceeds the transaction compute budget,false,predicted CU exceeds the transaction compute budget
qualified-whir-t128-r2-g32-whir_capacity_full-fenzi_whir_core_0p8,WHIR,whir_capacity_full,128.0,fenzi_whir_core_0p8,log_inv_rate,1,2,32,104,129,640,26220,11087750.122967,11028728.727677,11146771.518256,11059062.301399,28687.821568,7.919822,21.282468,false,predicted CU exceeds the transaction compute budget,false,predicted CU exceeds the transaction compute budget
qualified-whir-t128-r2-g32-whir_capacity_full-m31_mul_0p75,WHIR,whir_capacity_full,128.0,m31_mul_0p75,log_inv_rate,1,2,32,104,129,640,26220,10664634.594193,10605613.198903,10723655.989483,10635946.772625,28687.821568,7.617596,21.282468,false,predicted CU exceeds the transaction compute budget,false,predicted CU exceeds the transaction compute budget
qualified-whir-t128-r2-g32-whir_capacity_full-fenzi_whir_core_0p8_plus_m31_mul_0p75,WHIR,whir_capacity_full,128.0,fenzi_whir_core_0p8_plus_m31_mul_0p75,log_inv_rate,1,2,32,104,129,640,26220,8537620.877969,8478599.482680,8596642.273259,8508933.056402,28687.821568,6.098301,21.282468,false,predicted CU exceeds the transaction compute budget,false,predicted CU exceeds the transaction compute budget
qualified-whir-t128-r4-g0-whir_johnson_full-baseline,WHIR,whir_johnson_full,128.0,baseline,log_inv_rate,2,4,0,138,191,640,44458,20175336.328814,20116314.933525,20234357.724104,20127104.921184,48231.407630,14.410955,36.086039,false,predicted CU exceeds the transaction compute budget; whir_johnson_full soundness term 128.1 bits is below the 128.0-bit target,false,predicted CU exceeds the transaction compute budget
qualified-whir-t128-r4-g0-whir_johnson_full-fenzi_whir_core_0p8,WHIR,whir_johnson_full,128.0,fenzi_whir_core_0p8,log_inv_rate,2,4,0,138,191,640,44458,16150090.982879,16091069.587589,16209112.378168,16101859.575249,48231.407630,11.535779,36.086039,false,predicted CU exceeds the transaction compute budget; whir_johnson_full soundness term 128.1 bits is below the 128.0-bit target,false,predicted CU exceeds the transaction compute budget
qualified-whir-t128-r4-g0-whir_johnson_full-m31_mul_0p75,WHIR,whir_johnson_full,128.0,m31_mul_0p75,log_inv_rate,2,4,0,138,191,640,44458,15530354.641962,15471333.246673,15589376.037252,15482123.234332,48231.407630,11.093110,36.086039,false,predicted CU exceeds the transaction compute budget; whir_johnson_full soundness term 128.1 bits is below the 128.0-bit target,false,predicted CU exceeds the transaction compute budget
qualified-whir-t128-r4-g0-whir_johnson_full-fenzi_whir_core_0p8_plus_m31_mul_0p75,WHIR,whir_johnson_full,128.0,fenzi_whir_core_0p8_plus_m31_mul_0p75,log_inv_rate,2,4,0,138,191,640,44458,12434105.633397,12375084.238107,12493127.028687,12385874.225767,48231.407630,8.881504,36.086039,false,predicted CU exceeds the transaction compute budget; whir_johnson_full soundness term 128.1 bits is below the 128.0-bit target,false,predicted CU exceeds the transaction compute budget
qualified-whir-t128-r4-g0-whir_capacity_full-baseline,WHIR,whir_capacity_full,128.0,baseline,log_inv_rate,2,4,0,67,93,640,23876,10398611.533465,10339590.138175,10457632.928754,10372308.194433,26303.339032,7.427580,19.379870,false,predicted CU exceeds the transaction compute budget; whir_capacity_full soundness term 128.2 bits is below the 128.0-bit target,false,predicted CU exceeds the transaction compute budget
qualified-whir-t128-r4-g0-whir_capacity_full-fenzi_whir_core_0p8,WHIR,whir_capacity_full,128.0,fenzi_whir_core_0p8,log_inv_rate,2,4,0,67,93,640,23876,8324325.532880,8265304.137590,8383346.928169,8298022.193848,26303.339032,5.945947,19.379870,false,predicted CU exceeds the transaction compute budget; whir_capacity_full soundness term 128.2 bits is below the 128.0-bit target,false,predicted CU exceeds the transaction compute budget
qualified-whir-t128-r4-g0-whir_capacity_full-m31_mul_0p75,WHIR,whir_capacity_full,128.0,m31_mul_0p75,log_inv_rate,2,4,0,67,93,640,23876,8057135.859504,7998114.464215,8116157.254794,8030832.520473,26303.339032,5.755097,19.379870,false,predicted CU exceeds the transaction compute budget; whir_capacity_full soundness term 128.2 bits is below the 128.0-bit target,false,predicted CU exceeds the transaction compute budget
qualified-whir-t128-r4-g0-whir_capacity_full-fenzi_whir_core_0p8_plus_m31_mul_0p75,WHIR,whir_capacity_full,128.0,fenzi_whir_core_0p8_plus_m31_mul_0p75,log_inv_rate,2,4,0,67,93,640,23876,6451144.993711,6392123.598422,6510166.389001,6424841.654679,26303.339032,4.607961,19.379870,false,predicted CU exceeds the transaction compute budget; whir_capacity_full soundness term 128.2 bits is below the 128.0-bit target,false,predicted CU exceeds the transaction compute budget
qualified-whir-t128-r4-g8-whir_johnson_full-baseline,WHIR,whir_johnson_full,128.0,baseline,log_inv_rate,2,4,8,130,180,640,42170,19078675.613856,19019654.218566,19137697.009145,19032959.355031,45716.258825,13.627625,34.228896,false,predicted CU exceeds the transaction compute budget; whir_johnson_full soundness term 128.1 bits is below the 128.0-bit target,false,predicted CU exceeds the transaction compute budget
qualified-whir-t128-r4-g8-whir_johnson_full-fenzi_whir_core_0p8,WHIR,whir_johnson_full,128.0,fenzi_whir_core_0p8,log_inv_rate,2,4,8,130,180,640,42170,15272259.381151,15213237.985861,15331280.776440,15226543.122326,45716.258825,10.908757,34.228896,false,predicted CU exceeds the transaction compute budget; whir_johnson_full soundness term 128.1 bits is below the 128.0-bit target,false,predicted CU exceeds the transaction compute budget
qualified-whir-t128-r4-g8-whir_johnson_full-m31_mul_0p75,WHIR,whir_johnson_full,128.0,m31_mul_0p75,log_inv_rate,2,4,8,130,180,640,42170,14692250.724369,14633229.329079,14751272.119659,14646534.465544,45716.258825,10.494465,34.228896,false,predicted CU exceeds the transaction compute budget; whir_johnson_full soundness term 128.1 bits is below the 128.0-bit target,false,predicted CU exceeds the transaction compute budget
qualified-whir-t128-r4-g8-whir_johnson_full-fenzi_whir_core_0p8_plus_m31_mul_0p75,WHIR,whir_johnson_full,128.0,fenzi_whir_core_0p8_plus_m31_mul_0p75,log_inv_rate,2,4,8,130,180,640,42170,11763119.469561,11704098.074272,11822140.864851,11717403.210737,45716.258825,8.402228,34.228896,false,predicted CU exceeds the transaction compute budget; whir_johnson_full soundness term 128.1 bits is below the 128.0-bit target,false,predicted CU exceeds the transaction compute budget
qualified-whir-t128-r4-g8-whir_capacity_full-baseline,WHIR,whir_capacity_full,128.0,baseline,log_inv_rate,2,4,8,63,88,640,22884,9901433.168637,9842411.773347,9960454.563926,9876266.839705,25166.328931,7.072452,18.574675,false,predicted CU exceeds the transaction compute budget,false,predicted CU exceeds the transaction compute budget
qualified-whir-t128-r4-g8-whir_capacity_full-fenzi_whir_core_0p8,WHIR,whir_capacity_full,128.0,fenzi_whir_core_0p8,log_inv_rate,2,4,8,63,88,640,22884,7926355.438997,7867334.043707,7985376.834287,7901189.110066,25166.328931,5.661682,18.574675,false,predicted CU exceeds the transaction compute budget,false,predicted CU exceeds the transaction compute budget
qualified-whir-t128-r4-g8-whir_capacity_full-m31_mul_0p75,WHIR,whir_capacity_full,128.0,m31_mul_0p75,log_inv_rate,2,4,8,63,88,640,22884,7677483.311661,7618461.916371,7736504.706950,7652316.982729,25166.328931,5.483917,18.574675,false,predicted CU exceeds the transaction compute budget,false,predicted CU exceeds the transaction compute budget
qualified-whir-t128-r4-g8-whir_capacity_full-fenzi_whir_core_0p8_plus_m31_mul_0p75,WHIR,whir_capacity_full,128.0,fenzi_whir_core_0p8_plus_m31_mul_0p75,log_inv_rate,2,4,8,63,88,640,22884,6147195.553416,6088174.158127,6206216.948706,6122029.224485,25166.328931,4.390854,18.574675,false,predicted CU exceeds the transaction compute budget,false,predicted CU exceeds the transaction compute budget
qualified-whir-t128-r4-g16-whir_johnson_full-baseline,WHIR,whir_johnson_full,128.0,baseline,log_inv_rate,2,4,16,121,168,640,39674,17882241.281620,17823219.886331,17941262.676910,17839205.154330,43036.127291,12.773029,32.202922,false,predicted CU exceeds the transaction compute budget,false,predicted CU exceeds the transaction compute budget
qualified-whir-t128-r4-g16-whir_johnson_full-fenzi_whir_core_0p8,WHIR,whir_johnson_full,128.0,fenzi_whir_core_0p8,log_inv_rate,2,4,16,121,168,640,39674,14314575.889056,14255554.493766,14373597.284345,14271539.761765,43036.127291,10.224697,32.202922,false,predicted CU exceeds the transaction compute budget,false,predicted CU exceeds the transaction compute budget
qualified-whir-t128-r4-g16-whir_johnson_full-m31_mul_0p75,WHIR,whir_johnson_full,128.0,m31_mul_0p75,log_inv_rate,2,4,16,121,168,640,39674,13777878.352896,13718856.957606,13836899.748186,13734842.225605,43036.127291,9.841342,32.202922,false,predicted CU exceeds the transaction compute budget,false,predicted CU exceeds the transaction compute budget
qualified-whir-t128-r4-g16-whir_johnson_full-fenzi_whir_core_0p8_plus_m31_mul_0p75,WHIR,whir_johnson_full,128.0,fenzi_whir_core_0p8_plus_m31_mul_0p75,log_inv_rate,2,4,16,121,168,640,39674,11031085.546076,10972064.150787,11090106.941366,10988049.418785,43036.127291,7.879347,32.202922,false,predicted CU exceeds the transaction compute budget,false,predicted CU exceeds the transaction compute budget
qualified-whir-t128-r4-g16-whir_capacity_full-baseline,WHIR,whir_capacity_full,128.0,baseline,log_inv_rate,2,4,16,59,82,640,21588,9301950.818506,9242929.423217,9360972.213796,9278162.628279,23788.190227,6.644251,17.522727,false,predicted CU exceeds the transaction compute budget,false,predicted CU exceeds the transaction compute budget
qualified-whir-t128-r4-g16-whir_capacity_full-fenzi_whir_core_0p8,WHIR,whir_capacity_full,128.0,fenzi_whir_core_0p8,log_inv_rate,2,4,16,59,82,640,21588,7446493.931152,7387472.535862,7505515.326441,7422705.740925,23788.190227,5.318924,17.522727,false,predicted CU exceeds the transaction compute budget,false,predicted CU exceeds the transaction compute budget
qualified-whir-t128-r4-g16-whir_capacity_full-m31_mul_0p75,WHIR,whir_capacity_full,128.0,m31_mul_0p75,log_inv_rate,2,4,16,59,82,640,21588,7219031.941911,7160010.546622,7278053.337201,7195243.751684,23788.190227,5.156451,17.522727,false,predicted CU exceeds the transaction compute budget,false,predicted CU exceeds the transaction compute budget
qualified-whir-t128-r4-g16-whir_capacity_full-fenzi_whir_core_0p8_plus_m31_mul_0p75,WHIR,whir_capacity_full,128.0,fenzi_whir_core_0p8_plus_m31_mul_0p75,log_inv_rate,2,4,16,59,82,640,21588,5780158.829876,5721137.434586,5839180.225165,5756370.639649,23788.190227,4.128685,17.522727,false,predicted CU exceeds the transaction compute budget,false,predicted CU exceeds the transaction compute budget
qualified-whir-t128-r4-g20-whir_johnson_full-baseline,WHIR,whir_johnson_full,128.0,baseline,log_inv_rate,2,4,20,117,162,640,38378,17282758.931490,17223737.536200,17341780.326779,17241100.942904,41657.988586,12.344828,31.150974,false,predicted CU exceeds the transaction compute budget,false,predicted CU exceeds the transaction compute budget
qualified-whir-t128-r4-g20-whir_johnson_full-fenzi_whir_core_0p8,WHIR,whir_johnson_full,128.0,fenzi_whir_core_0p8,log_inv_rate,2,4,20,117,162,640,38378,13834714.381210,13775692.985921,13893735.776500,13793056.392624,41657.988586,9.881939,31.150974,false,predicted CU exceeds the transaction compute budget,false,predicted CU exceeds the transaction compute budget
qualified-whir-t128-r4-g20-whir_johnson_full-m31_mul_0p75,WHIR,whir_johnson_full,128.0,m31_mul_0p75,log_inv_rate,2,4,20,117,162,640,38378,13319426.983146,13260405.587857,13378448.378436,13277768.994560,41657.988586,9.513876,31.150974,false,predicted CU exceeds the transaction compute budget,false,predicted CU exceeds the transaction compute budget
qualified-whir-t128-r4-g20-whir_johnson_full-fenzi_whir_core_0p8_plus_m31_mul_0p75,WHIR,whir_johnson_full,128.0,fenzi_whir_core_0p8_plus_m31_mul_0p75,log_inv_rate,2,4,20,117,162,640,38378,10664048.822536,10605027.427246,10723070.217825,10622390.833949,41657.988586,7.617178,31.150974,false,predicted CU exceeds the transaction compute budget,false,predicted CU exceeds the transaction compute budget
qualified-whir-t128-r4-g20-whir_capacity_full-baseline,WHIR,whir_capacity_full,128.0,baseline,log_inv_rate,2,4,20,56,78,640,20756,8903197.735993,8844176.340704,8962219.131283,8880244.561379,22953.174614,6.359427,16.847403,false,predicted CU exceeds the transaction compute budget,false,predicted CU exceeds the transaction compute budget
qualified-whir-t128-r4-g20-whir_capacity_full-fenzi_whir_core_0p8,WHIR,whir_capacity_full,128.0,fenzi_whir_core_0p8,log_inv_rate,2,4,20,56,78,640,20756,7127324.462019,7068303.066729,7186345.857308,7104371.287404,22953.174614,5.090946,16.847403,false,predicted CU exceeds the transaction compute budget,false,predicted CU exceeds the transaction compute budget
qualified-whir-t128-r4-g20-whir_capacity_full-m31_mul_0p75,WHIR,whir_capacity_full,128.0,m31_mul_0p75,log_inv_rate,2,4,20,56,78,640,20756,6914299.512986,6855278.117696,6973320.908275,6891346.338371,22953.174614,4.938785,16.847403,false,predicted CU exceeds the transaction compute budget,false,predicted CU exceeds the transaction compute budget
qualified-whir-t128-r4-g20-whir_capacity_full-fenzi_whir_core_0p8_plus_m31_mul_0p75,WHIR,whir_capacity_full,128.0,fenzi_whir_core_0p8_plus_m31_mul_0p75,log_inv_rate,2,4,20,56,78,640,20756,5536205.883613,5477184.488323,5595227.278902,5513252.708998,22953.174614,3.954433,16.847403,false,predicted CU exceeds the transaction compute budget,false,predicted CU exceeds the transaction compute budget
qualified-whir-t128-r4-g24-whir_johnson_full-baseline,WHIR,whir_johnson_full,128.0,baseline,log_inv_rate,2,4,24,112,155,640,36898,16584264.673911,16525243.278622,16643286.069201,16544130.770290,40133.903621,11.845903,29.949675,false,predicted CU exceeds the transaction compute budget,false,predicted CU exceeds the transaction compute budget
qualified-whir-t128-r4-g24-whir_johnson_full-fenzi_whir_core_0p8,WHIR,whir_johnson_full,128.0,fenzi_whir_core_0p8,log_inv_rate,2,4,24,112,155,640,36898,13275614.158155,13216592.762865,13334635.553444,13235480.254533,40133.903621,9.482582,29.949675,false,predicted CU exceeds the transaction compute budget,false,predicted CU exceeds the transaction compute budget
qualified-whir-t128-r4-g24-whir_johnson_full-m31_mul_0p75,WHIR,whir_johnson_full,128.0,m31_mul_0p75,log_inv_rate,2,4,24,112,155,640,36898,12785468.869346,12726447.474057,12844490.264636,12745334.965725,40133.903621,9.132478,29.949675,false,predicted CU exceeds the transaction compute budget,false,predicted CU exceeds the transaction compute budget
qualified-whir-t128-r4-g24-whir_johnson_full-fenzi_whir_core_0p8_plus_m31_mul_0p75,WHIR,whir_johnson_full,128.0,fenzi_whir_core_0p8_plus_m31_mul_0p75,log_inv_rate,2,4,24,112,155,640,36898,10236577.514502,10177556.119213,10295598.909792,10196443.610881,40133.903621,7.311841,29.949675,false,predicted CU exceeds the transaction compute budget,false,predicted CU exceeds the transaction compute budget
qualified-whir-t128-r4-g24-whir_capacity_full-baseline,WHIR,whir_capacity_full,128.0,baseline,log_inv_rate,2,4,24,54,76,640,20388,8704998.836402,8645977.441112,8764020.231691,8682512.639004,22486.197397,6.217856,16.548701,false,predicted CU exceeds the transaction compute budget,false,predicted CU exceeds the transaction compute budget
qualified-whir-t128-r4-g24-whir_capacity_full-fenzi_whir_core_0p8,WHIR,whir_capacity_full,128.0,fenzi_whir_core_0p8,log_inv_rate,2,4,24,54,76,640,20388,6968671.946902,6909650.551612,7027693.342192,6946185.749505,22486.197397,4.977623,16.548701,false,predicted CU exceeds the transaction compute budget,false,predicted CU exceeds the transaction compute budget
qualified-whir-t128-r4-g24-whir_capacity_full-m31_mul_0p75,WHIR,whir_capacity_full,128.0,m31_mul_0p75,log_inv_rate,2,4,24,54,76,640,20388,6763110.940188,6704089.544898,6822132.335477,6740624.742790,22486.197397,4.830794,16.548701,false,predicted CU exceeds the transaction compute budget,false,predicted CU exceeds the transaction compute budget
qualified-whir-t128-r4-g24-whir_capacity_full-fenzi_whir_core_0p8_plus_m31_mul_0p75,WHIR,whir_capacity_full,128.0,fenzi_whir_core_0p8_plus_m31_mul_0p75,log_inv_rate,2,4,24,54,76,640,20388,5415161.629931,5356140.234641,5474183.025220,5392675.432534,22486.197397,3.867973,16.548701,false,predicted CU exceeds the transaction compute budget,false,predicted CU exceeds the transaction compute budget
qualified-whir-t128-r4-g32-whir_johnson_full-baseline,WHIR,whir_johnson_full,128.0,baseline,log_inv_rate,2,4,32,104,144,640,34586,15487017.333820,15427995.938531,15546038.729110,15449242.530776,37774.803044,11.062155,28.073052,false,predicted CU exceeds the transaction compute budget,false,predicted CU exceeds the transaction compute budget
qualified-whir-t128-r4-g32-whir_johnson_full-fenzi_whir_core_0p8,WHIR,whir_johnson_full,128.0,fenzi_whir_core_0p8,log_inv_rate,2,4,32,104,144,640,34586,12397344.465966,12338323.070677,12456365.861256,12359569.662922,37774.803044,8.855246,28.073052,false,predicted CU exceeds the transaction compute budget,false,predicted CU exceeds the transaction compute budget
qualified-whir-t128-r4-g32-whir_johnson_full-m31_mul_0p75,WHIR,whir_johnson_full,128.0,m31_mul_0p75,log_inv_rate,2,4,32,104,144,640,34586,11946778.326620,11887756.931331,12005799.721910,11909003.523576,37774.803044,8.533413,28.073052,false,predicted CU exceeds the transaction compute budget,false,predicted CU exceeds the transaction compute budget
qualified-whir-t128-r4-g32-whir_johnson_full-fenzi_whir_core_0p8_plus_m31_mul_0p75,WHIR,whir_johnson_full,128.0,fenzi_whir_core_0p8_plus_m31_mul_0p75,log_inv_rate,2,4,32,104,144,640,34586,9565153.260206,9506131.864917,9624174.655496,9527378.457162,37774.803044,6.832252,28.073052,false,predicted CU exceeds the transaction compute budget,false,predicted CU exceeds the transaction compute budget
qualified-whir-t128-r4-g32-whir_capacity_full-baseline,WHIR,whir_capacity_full,128.0,baseline,log_inv_rate,2,4,32,50,70,640,19092,8105516.486271,8046495.090981,8164537.881561,8084408.427578,21108.058693,5.789655,15.496753,false,predicted CU exceeds the transaction compute budget,false,predicted CU exceeds the transaction compute budget
qualified-whir-t128-r4-g32-whir_capacity_full-fenzi_whir_core_0p8,WHIR,whir_capacity_full,128.0,fenzi_whir_core_0p8,log_inv_rate,2,4,32,50,70,640,19092,6488810.439057,6429789.043767,6547831.834346,6467702.380364,21108.058693,4.634865,15.496753,false,predicted CU exceeds the transaction compute budget,false,predicted CU exceeds the transaction compute budget
qualified-whir-t128-r4-g32-whir_capacity_full-m31_mul_0p75,WHIR,whir_capacity_full,128.0,m31_mul_0p75,log_inv_rate,2,4,32,50,70,640,19092,6304659.570438,6245638.175149,6363680.965728,6283551.511745,21108.058693,4.503328,15.496753,false,predicted CU exceeds the transaction compute budget,false,predicted CU exceeds the transaction compute budget
qualified-whir-t128-r4-g32-whir_capacity_full-fenzi_whir_core_0p8_plus_m31_mul_0p75,WHIR,whir_capacity_full,128.0,fenzi_whir_core_0p8_plus_m31_mul_0p75,log_inv_rate,2,4,32,50,70,640,19092,5048124.906390,4989103.511101,5107146.301680,5027016.847698,21108.058693,3.605804,15.496753,false,predicted CU exceeds the transaction compute budget,false,predicted CU exceeds the transaction compute budget
qualified-whir-t128-r8-g0-whir_johnson_full-baseline,WHIR,whir_johnson_full,128.0,baseline,log_inv_rate,3,8,0,90,134,640,37474,14620676.287480,14561654.892190,14679697.682769,14579910.423912,40765.863567,10.443340,30.417208,false,predicted CU exceeds the transaction compute budget; whir_johnson_full soundness term 128.1 bits is below the 128.0-bit target,false,predicted CU exceeds the transaction compute budget
qualified-whir-t128-r8-g0-whir_johnson_full-fenzi_whir_core_0p8,WHIR,whir_johnson_full,128.0,fenzi_whir_core_0p8,log_inv_rate,3,8,0,90,134,640,37474,11704869.840999,11645848.445709,11763891.236288,11664103.977431,40765.863567,8.360621,30.417208,false,predicted CU exceeds the transaction compute budget; whir_johnson_full soundness term 128.1 bits is below the 128.0-bit target,false,predicted CU exceeds the transaction compute budget
qualified-whir-t128-r8-g0-whir_johnson_full-m31_mul_0p75,WHIR,whir_johnson_full,128.0,m31_mul_0p75,log_inv_rate,3,8,0,90,134,640,37474,11315488.914248,11256467.518959,11374510.309538,11274723.050681,40765.863567,8.082492,30.417208,false,predicted CU exceeds the transaction compute budget; whir_johnson_full soundness term 128.1 bits is below the 128.0-bit target,false,predicted CU exceeds the transaction compute budget
qualified-whir-t128-r8-g0-whir_johnson_full-fenzi_whir_core_0p8_plus_m31_mul_0p75,WHIR,whir_johnson_full,128.0,fenzi_whir_core_0p8_plus_m31_mul_0p75,log_inv_rate,3,8,0,90,134,640,37474,9060719.942414,9001698.547124,9119741.337703,9019954.078846,40765.863567,6.471943,30.417208,false,predicted CU exceeds the transaction compute budget; whir_johnson_full soundness term 128.1 bits is below the 128.0-bit target,false,predicted CU exceeds the transaction compute budget
qualified-whir-t128-r8-g0-whir_capacity_full-baseline,WHIR,whir_capacity_full,128.0,baseline,log_inv_rate,3,8,0,44,66,640,20716,7770656.055280,7711634.659990,7829677.450570,7747734.608114,22921.447166,5.550469,16.814935,false,predicted CU exceeds the transaction compute budget; whir_capacity_full soundness term 128.2 bits is below the 128.0-bit target,false,predicted CU exceeds the transaction compute budget
qualified-whir-t128-r8-g0-whir_capacity_full-fenzi_whir_core_0p8,WHIR,whir_capacity_full,128.0,fenzi_whir_core_0p8,log_inv_rate,3,8,0,44,66,640,20716,6221284.771959,6162263.376669,6280306.167248,6198363.324792,22921.447166,4.443775,16.814935,false,predicted CU exceeds the transaction compute budget; whir_capacity_full soundness term 128.2 bits is below the 128.0-bit target,false,predicted CU exceeds the transaction compute budget
qualified-whir-t128-r8-g0-whir_capacity_full-m31_mul_0p75,WHIR,whir_capacity_full,128.0,m31_mul_0p75,log_inv_rate,3,8,0,44,66,640,20716,6063819.793035,6004798.397745,6122841.188324,6040898.345868,22921.447166,4.331300,16.814935,false,predicted CU exceeds the transaction compute budget; whir_capacity_full soundness term 128.2 bits is below the 128.0-bit target,false,predicted CU exceeds the transaction compute budget
qualified-whir-t128-r8-g0-whir_capacity_full-fenzi_whir_core_0p8_plus_m31_mul_0p75,WHIR,whir_capacity_full,128.0,fenzi_whir_core_0p8_plus_m31_mul_0p75,log_inv_rate,3,8,0,44,66,640,20716,4855815.762162,4796794.366873,4914837.157452,4832894.314996,22921.447166,3.468440,16.814935,false,predicted CU exceeds the transaction compute budget; whir_capacity_full soundness term 128.2 bits is below the 128.0-bit target,false,predicted CU exceeds the transaction compute budget
qualified-whir-t128-r8-g8-whir_johnson_full-baseline,WHIR,whir_johnson_full,128.0,baseline,log_inv_rate,3,8,8,84,125,640,35266,13714623.368035,13655601.972745,13773644.763325,13676134.113681,38489.254355,9.796160,28.625000,false,predicted CU exceeds the transaction compute budget; whir_johnson_full soundness term 128.1 bits is below the 128.0-bit target,false,predicted CU exceeds the transaction compute budget
qualified-whir-t128-r8-g8-whir_johnson_full-fenzi_whir_core_0p8,WHIR,whir_johnson_full,128.0,fenzi_whir_core_0p8,log_inv_rate,3,8,8,84,125,640,35266,10979572.183600,10920550.788311,11038593.578890,10941082.929246,38489.254355,7.842552,28.625000,false,predicted CU exceeds the transaction compute budget; whir_johnson_full soundness term 128.1 bits is below the 128.0-bit target,false,predicted CU exceeds the transaction compute budget
qualified-whir-t128-r8-g8-whir_johnson_full-m31_mul_0p75,WHIR,whir_johnson_full,128.0,m31_mul_0p75,log_inv_rate,3,8,8,84,125,640,35266,10620982.465375,10561961.070086,10680003.860665,10582493.211021,38489.254355,7.586416,28.625000,false,predicted CU exceeds the transaction compute budget; whir_johnson_full soundness term 128.1 bits is below the 128.0-bit target,false,predicted CU exceeds the transaction compute budget
qualified-whir-t128-r8-g8-whir_johnson_full-fenzi_whir_core_0p8_plus_m31_mul_0p75,WHIR,whir_johnson_full,128.0,fenzi_whir_core_0p8_plus_m31_mul_0p75,log_inv_rate,3,8,8,84,125,640,35266,8504659.461472,8445638.066183,8563680.856762,8466170.207118,38489.254355,6.074757,28.625000,false,predicted CU exceeds the transaction compute budget; whir_johnson_full soundness term 128.1 bits is below the 128.0-bit target,false,predicted CU exceeds the transaction compute budget
qualified-whir-t128-r8-g8-whir_capacity_full-baseline,WHIR,whir_capacity_full,128.0,baseline,log_inv_rate,3,8,8,41,62,640,19780,7369115.773865,7310094.378576,7428137.169155,7347286.918372,21828.855493,5.263654,16.055195,false,predicted CU exceeds the transaction compute budget,false,predicted CU exceeds the transaction compute budget
qualified-whir-t128-r8-g8-whir_capacity_full-fenzi_whir_core_0p8,WHIR,whir_capacity_full,128.0,fenzi_whir_core_0p8,log_inv_rate,3,8,8,41,62,640,19780,5899834.028492,5840812.633202,5958855.423781,5878005.172999,21828.855493,4.214167,16.055195,false,predicted CU exceeds the transaction compute budget,false,predicted CU exceeds the transaction compute budget
qualified-whir-t128-r8-g8-whir_capacity_full-m31_mul_0p75,WHIR,whir_capacity_full,128.0,m31_mul_0p75,log_inv_rate,3,8,8,41,62,640,19780,5756300.165207,5697278.769918,5815321.560497,5734471.309714,21828.855493,4.111643,16.055195,false,predicted CU exceeds the transaction compute budget,false,predicted CU exceeds the transaction compute budget
qualified-whir-t128-r8-g8-whir_capacity_full-fenzi_whir_core_0p8_plus_m31_mul_0p75,WHIR,whir_capacity_full,128.0,fenzi_whir_core_0p8_plus_m31_mul_0p75,log_inv_rate,3,8,8,41,62,640,19780,4609581.541566,4550560.146276,4668602.936855,4587752.686073,21828.855493,3.292558,16.055195,false,predicted CU exceeds the transaction compute budget,false,predicted CU exceeds the transaction compute budget
qualified-whir-t128-r8-g16-whir_johnson_full-baseline,WHIR,whir_johnson_full,128.0,baseline,log_inv_rate,3,8,16,79,118,640,33562,13010049.833700,12951028.438410,13069071.228989,12973437.422715,36612.410985,9.292893,27.241883,false,predicted CU exceeds the transaction compute budget,false,predicted CU exceeds the transaction compute budget
qualified-whir-t128-r8-g16-whir_johnson_full-fenzi_whir_core_0p8,WHIR,whir_johnson_full,128.0,fenzi_whir_core_0p8,log_inv_rate,3,8,16,79,118,640,33562,10415537.987458,10356516.592169,10474559.382748,10378925.576473,36612.410985,7.439670,27.241883,false,predicted CU exceeds the transaction compute budget,false,predicted CU exceeds the transaction compute budget
qualified-whir-t128-r8-g16-whir_johnson_full-m31_mul_0p75,WHIR,whir_johnson_full,128.0,m31_mul_0p75,log_inv_rate,3,8,16,79,118,640,33562,10080945.074818,10021923.679529,10139966.470108,10044332.663833,36612.410985,7.200675,27.241883,false,predicted CU exceeds the transaction compute budget,false,predicted CU exceeds the transaction compute budget
qualified-whir-t128-r8-g16-whir_johnson_full-fenzi_whir_core_0p8_plus_m31_mul_0p75,WHIR,whir_johnson_full,128.0,fenzi_whir_core_0p8_plus_m31_mul_0p75,log_inv_rate,3,8,16,79,118,640,33562,8072254.180353,8013232.785063,8131275.575642,8035641.769368,36612.410985,5.765896,27.241883,false,predicted CU exceeds the transaction compute budget,false,predicted CU exceeds the transaction compute budget
qualified-whir-t128-r8-g16-whir_capacity_full-baseline,WHIR,whir_capacity_full,128.0,baseline,log_inv_rate,3,8,16,39,58,640,18724,6964458.499292,6905437.104002,7023479.894581,6943642.333119,20816.166172,4.974613,15.198052,false,predicted CU exceeds the transaction compute budget,false,predicted CU exceeds the transaction compute budget
qualified-whir-t128-r8-g16-whir_capacity_full-fenzi_whir_core_0p8,WHIR,whir_capacity_full,128.0,fenzi_whir_core_0p8,log_inv_rate,3,8,16,39,58,640,18724,5575905.670969,5516884.275679,5634927.066258,5555089.504797,20816.166172,3.982790,15.198052,false,predicted CU exceeds the transaction compute budget,false,predicted CU exceeds the transaction compute budget
qualified-whir-t128-r8-g16-whir_capacity_full-m31_mul_0p75,WHIR,whir_capacity_full,128.0,m31_mul_0p75,log_inv_rate,3,8,16,39,58,640,18724,5445663.544221,5386642.148931,5504684.939511,5424847.378049,20816.166172,3.889760,15.198052,false,predicted CU exceeds the transaction compute budget,false,predicted CU exceeds the transaction compute budget
qualified-whir-t128-r8-g16-whir_capacity_full-fenzi_whir_core_0p8_plus_m31_mul_0p75,WHIR,whir_capacity_full,128.0,fenzi_whir_core_0p8_plus_m31_mul_0p75,log_inv_rate,3,8,16,39,58,640,18724,4360869.706913,4301848.311623,4419891.102202,4340053.540740,20816.166172,3.114907,15.198052,false,predicted CU exceeds the transaction compute budget,false,predicted CU exceeds the transaction compute budget
qualified-whir-t128-r8-g20-whir_johnson_full-baseline,WHIR,whir_johnson_full,128.0,baseline,log_inv_rate,3,8,20,76,113,640,32290,12505362.110974,12446340.715684,12564383.506263,12470108.802224,35253.308749,8.932402,26.209416,false,predicted CU exceeds the transaction compute budget,false,predicted CU exceeds the transaction compute budget
qualified-whir-t128-r8-g20-whir_johnson_full-fenzi_whir_core_0p8,WHIR,whir_johnson_full,128.0,fenzi_whir_core_0p8,log_inv_rate,3,8,20,76,113,640,32290,10011515.988830,9952494.593540,10070537.384120,9976262.680081,35253.308749,7.151083,26.209416,false,predicted CU exceeds the transaction compute budget,false,predicted CU exceeds the transaction compute budget
qualified-whir-t128-r8-g20-whir_johnson_full-m31_mul_0p75,WHIR,whir_johnson_full,128.0,m31_mul_0p75,log_inv_rate,3,8,20,76,113,640,32290,9693783.169076,9634761.773787,9752804.564366,9658529.860327,35253.308749,6.924131,26.209416,false,predicted CU exceeds the transaction compute budget,false,predicted CU exceeds the transaction compute budget
qualified-whir-t128-r8-g20-whir_johnson_full-fenzi_whir_core_0p8_plus_m31_mul_0p75,WHIR,whir_johnson_full,128.0,fenzi_whir_core_0p8_plus_m31_mul_0p75,log_inv_rate,3,8,20,76,113,640,32290,7762252.835312,7703231.440022,7821274.230602,7726999.526563,35253.308749,5.544466,26.209416,false,predicted CU exceeds the transaction compute budget,false,predicted CU exceeds the transaction compute budget
qualified-whir-t128-r8-g20-whir_capacity_full-baseline,WHIR,whir_capacity_full,128.0,baseline,log_inv_rate,3,8,20,37,56,640,18292,6764572.687683,6705551.292393,6823594.082972,6744274.262644,20298.425039,4.831838,14.847403,false,predicted CU exceeds the transaction compute budget,false,predicted CU exceeds the transaction compute budget
qualified-whir-t128-r8-g20-whir_capacity_full-fenzi_whir_core_0p8,WHIR,whir_capacity_full,128.0,fenzi_whir_core_0p8,log_inv_rate,3,8,20,37,56,640,18292,5415893.473455,5356872.078165,5474914.868745,5395595.048416,20298.425039,3.868495,14.847403,false,predicted CU exceeds the transaction compute budget,false,predicted CU exceeds the transaction compute budget
qualified-whir-t128-r8-g20-whir_capacity_full-m31_mul_0p75,WHIR,whir_capacity_full,128.0,m31_mul_0p75,log_inv_rate,3,8,20,37,56,640,18292,5292788.059406,5233766.664116,5351809.454695,5272489.634367,20298.425039,3.780563,14.847403,false,predicted CU exceeds the transaction compute budget,false,predicted CU exceeds the transaction compute budget
qualified-whir-t128-r8-g20-whir_capacity_full-fenzi_whir_core_0p8_plus_m31_mul_0p75,WHIR,whir_capacity_full,128.0,fenzi_whir_core_0p8_plus_m31_mul_0p75,log_inv_rate,3,8,20,37,56,640,18292,4238465.770834,4179444.375544,4297487.166123,4218167.345795,20298.425039,3.027476,14.847403,false,predicted CU exceeds the transaction compute budget,false,predicted CU exceeds the transaction compute budget
qualified-whir-t128-r8-g24-whir_johnson_full-baseline,WHIR,whir_johnson_full,128.0,baseline,log_inv_rate,3,8,24,73,109,640,31330,12103060.119730,12044038.724440,12162081.515019,12068918.439123,34141.680607,8.645043,25.430195,false,predicted CU exceeds the transaction compute budget,false,predicted CU exceeds the transaction compute budget
qualified-whir-t128-r8-g24-whir_johnson_full-fenzi_whir_core_0p8,WHIR,whir_johnson_full,128.0,fenzi_whir_core_0p8,log_inv_rate,3,8,24,73,109,640,31330,9689452.070206,9630430.674917,9748473.465496,9655310.389599,34141.680607,6.921037,25.430195,false,predicted CU exceeds the transaction compute budget,false,predicted CU exceeds the transaction compute budget
qualified-whir-t128-r8-g24-whir_johnson_full-m31_mul_0p75,WHIR,whir_johnson_full,128.0,m31_mul_0p75,log_inv_rate,3,8,24,73,109,640,31330,9385501.831420,9326480.436130,9444523.226709,9351360.150812,34141.680607,6.703930,25.430195,false,predicted CU exceeds the transaction compute budget,false,predicted CU exceeds the transaction compute budget
qualified-whir-t128-r8-g24-whir_johnson_full-fenzi_whir_core_0p8_plus_m31_mul_0p75,WHIR,whir_johnson_full,128.0,fenzi_whir_core_0p8_plus_m31_mul_0p75,log_inv_rate,3,8,24,73,109,640,31330,7515405.439558,7456384.044269,7574426.834848,7481263.758951,34141.680607,5.368147,25.430195,false,predicted CU exceeds the transaction compute budget,false,predicted CU exceeds the transaction compute budget
qualified-whir-t128-r8-g24-whir_capacity_full-baseline,WHIR,whir_capacity_full,128.0,baseline,log_inv_rate,3,8,24,36,54,640,17764,6562156.508048,6503135.112758,6621177.903337,6542451.970018,19704.538030,4.687255,14.418831,false,predicted CU exceeds the transaction compute budget,false,predicted CU exceeds the transaction compute budget
qualified-whir-t128-r8-g24-whir_capacity_full-fenzi_whir_core_0p8,WHIR,whir_capacity_full,128.0,fenzi_whir_core_0p8,log_inv_rate,3,8,24,36,54,640,17764,5253841.752345,5194820.357056,5312863.147635,5234137.214315,19704.538030,3.752744,14.418831,false,predicted CU exceeds the transaction compute budget,false,predicted CU exceeds the transaction compute budget
qualified-whir-t128-r8-g24-whir_capacity_full-m31_mul_0p75,WHIR,whir_capacity_full,128.0,m31_mul_0p75,log_inv_rate,3,8,24,36,54,640,17764,5137382.206565,5078360.811275,5196403.601854,5117677.668535,19704.538030,3.669559,14.418831,false,predicted CU exceeds the transaction compute budget,false,predicted CU exceeds the transaction compute budget
qualified-whir-t128-r8-g24-whir_capacity_full-fenzi_whir_core_0p8_plus_m31_mul_0p75,WHIR,whir_capacity_full,128.0,fenzi_whir_core_0p8_plus_m31_mul_0p75,log_inv_rate,3,8,24,36,54,640,17764,4114022.311159,4055000.915869,4173043.706448,4094317.773129,19704.538030,2.938587,14.418831,false,predicted CU exceeds the transaction compute budget,false,predicted CU exceeds the transaction compute budget
qualified-whir-t128-r8-g32-whir_johnson_full-baseline,WHIR,whir_johnson_full,128.0,baseline,log_inv_rate,3,8,32,68,101,640,29314,11296100.853912,11237079.458623,11355122.249202,11264083.490768,32017.363144,8.068643,23.793831,false,predicted CU exceeds the transaction compute budget,false,predicted CU exceeds the transaction compute budget
qualified-whir-t128-r8-g32-whir_johnson_full-fenzi_whir_core_0p8,WHIR,whir_johnson_full,128.0,fenzi_whir_core_0p8,log_inv_rate,3,8,32,68,101,640,29314,9043459.794060,8984438.398770,9102481.189349,9011442.430916,32017.363144,6.459614,23.793831,false,predicted CU exceeds the transaction compute budget,false,predicted CU exceeds the transaction compute budget
qualified-whir-t128-r8-g32-whir_johnson_full-m31_mul_0p75,WHIR,whir_johnson_full,128.0,m31_mul_0p75,log_inv_rate,3,8,32,68,101,640,29314,8766583.872777,8707562.477487,8825605.268067,8734566.509633,32017.363144,6.261846,23.793831,false,predicted CU exceeds the transaction compute budget,false,predicted CU exceeds the transaction compute budget
qualified-whir-t128-r8-g32-whir_johnson_full-fenzi_whir_core_0p8_plus_m31_mul_0p75,WHIR,whir_johnson_full,128.0,fenzi_whir_core_0p8_plus_m31_mul_0p75,log_inv_rate,3,8,32,68,101,640,29314,7019846.209152,6960824.813862,7078867.604441,6987828.846008,32017.363144,5.014176,23.793831,false,predicted CU exceeds the transaction compute budget,false,predicted CU exceeds the transaction compute budget
qualified-whir-t128-r8-g32-whir_capacity_full-baseline,WHIR,whir_capacity_full,128.0,baseline,log_inv_rate,3,8,32,33,50,640,16804,6160029.601500,6101008.206210,6219050.996790,6141261.606916,18767.994584,4.400021,13.639610,false,predicted CU exceeds the transaction compute budget,false,predicted CU exceeds the transaction compute budget
qualified-whir-t128-r8-g32-whir_capacity_full-fenzi_whir_core_0p8,WHIR,whir_capacity_full,128.0,fenzi_whir_core_0p8,log_inv_rate,3,8,32,33,50,640,16804,4931952.918418,4872931.523128,4990974.313708,4913184.923834,18767.994584,3.522824,13.639610,false,predicted CU exceeds the transaction compute budget,false,predicted CU exceeds the transaction compute budget
qualified-whir-t128-r8-g32-whir_capacity_full-m31_mul_0p75,WHIR,whir_capacity_full,128.0,m31_mul_0p75,log_inv_rate,3,8,32,33,50,640,16804,4829275.953604,4770254.558315,4888297.348894,4810507.959020,18767.994584,3.449483,13.639610,false,predicted CU exceeds the transaction compute budget,false,predicted CU exceeds the transaction compute budget
qualified-whir-t128-r8-g32-whir_capacity_full-fenzi_whir_core_0p8_plus_m31_mul_0p75,WHIR,whir_capacity_full,128.0,fenzi_whir_core_0p8_plus_m31_mul_0p75,log_inv_rate,3,8,32,33,50,640,16804,3867350.000102,3808328.604812,3926371.395391,3848582.005517,18767.994584,2.762393,13.639610,false,predicted CU exceeds the transaction compute budget,false,predicted CU exceeds the transaction compute budget
qualified-whir-t128-r16-g0-whir_johnson_full-baseline,WHIR,whir_johnson_full,128.0,baseline,log_inv_rate,4,16,0,67,105,640,34095,11798253.209187,11739231.813898,11857274.604477,11761042.945263,37210.263925,8.427324,27.674513,false,predicted CU exceeds the transaction compute budget; whir_johnson_full soundness term 128.1 bits is below the 128.0-bit target,false,predicted CU exceeds the transaction compute budget
qualified-whir-t128-r16-g0-whir_johnson_full-fenzi_whir_core_0p8,WHIR,whir_johnson_full,128.0,fenzi_whir_core_0p8,log_inv_rate,4,16,0,67,105,640,34095,9446220.258436,9387198.863147,9505241.653726,9409009.994511,37210.263925,6.747300,27.674513,false,predicted CU exceeds the transaction compute budget; whir_johnson_full soundness term 128.1 bits is below the 128.0-bit target,false,predicted CU exceeds the transaction compute budget
qualified-whir-t128-r16-g0-whir_johnson_full-m31_mul_0p75,WHIR,whir_johnson_full,128.0,m31_mul_0p75,log_inv_rate,4,16,0,67,105,640,34095,9174715.574465,9115694.179175,9233736.969754,9137505.310540,37210.263925,6.553368,27.674513,false,predicted CU exceeds the transaction compute budget; whir_johnson_full soundness term 128.1 bits is below the 128.0-bit target,false,predicted CU exceeds the transaction compute budget
qualified-whir-t128-r16-g0-whir_johnson_full-fenzi_whir_core_0p8_plus_m31_mul_0p75,WHIR,whir_johnson_full,128.0,fenzi_whir_core_0p8_plus_m31_mul_0p75,log_inv_rate,4,16,0,67,105,640,34095,7347390.150658,7288368.755368,7406411.545948,7310179.886733,37210.263925,5.248136,27.674513,false,predicted CU exceeds the transaction compute budget; whir_johnson_full soundness term 128.1 bits is below the 128.0-bit target,false,predicted CU exceeds the transaction compute budget
qualified-whir-t128-r16-g0-whir_capacity_full-baseline,WHIR,whir_capacity_full,128.0,baseline,log_inv_rate,4,16,0,33,52,640,19148,6409119.143091,6350097.747802,6468140.538381,6387966.665971,21152.477120,4.577942,15.542208,false,predicted CU exceeds the transaction compute budget; whir_capacity_full soundness term 128.5 bits is below the 128.0-bit target,false,predicted CU exceeds the transaction compute budget
qualified-whir-t128-r16-g0-whir_capacity_full-fenzi_whir_core_0p8,WHIR,whir_capacity_full,128.0,fenzi_whir_core_0p8,log_inv_rate,4,16,0,33,52,640,19148,5131701.448198,5072680.052909,5190722.843488,5110548.971078,21152.477120,3.665501,15.542208,false,predicted CU exceeds the transaction compute budget; whir_capacity_full soundness term 128.5 bits is below the 128.0-bit target,false,predicted CU exceeds the transaction compute budget
qualified-whir-t128-r16-g0-whir_capacity_full-m31_mul_0p75,WHIR,whir_capacity_full,128.0,m31_mul_0p75,log_inv_rate,4,16,0,33,52,640,19148,5031355.168402,4972333.773112,5090376.563691,5010202.691282,21152.477120,3.593825,15.542208,false,predicted CU exceeds the transaction compute budget; whir_capacity_full soundness term 128.5 bits is below the 128.0-bit target,false,predicted CU exceeds the transaction compute budget
qualified-whir-t128-r16-g0-whir_capacity_full-fenzi_whir_core_0p8_plus_m31_mul_0p75,WHIR,whir_capacity_full,128.0,fenzi_whir_core_0p8_plus_m31_mul_0p75,log_inv_rate,4,16,0,33,52,640,19148,4029490.268447,3970468.873157,4088511.663736,4008337.791327,21152.477120,2.878207,15.542208,false,predicted CU exceeds the transaction compute budget; whir_capacity_full soundness term 128.5 bits is below the 128.0-bit target,false,predicted CU exceeds the transaction compute budget
qualified-whir-t128-r16-g8-whir_johnson_full-baseline,WHIR,whir_johnson_full,128.0,baseline,log_inv_rate,4,16,8,63,98,640,32095,11086006.824595,11026985.429305,11145028.219884,11050908.187154,35098.637441,7.918576,26.051136,false,predicted CU exceeds the transaction compute budget; whir_johnson_full soundness term 128.0 bits is below the 128.0-bit target,false,predicted CU exceeds the transaction compute budget
qualified-whir-t128-r16-g8-whir_johnson_full-fenzi_whir_core_0p8,WHIR,whir_johnson_full,128.0,fenzi_whir_core_0p8,log_inv_rate,4,16,8,63,98,640,32095,8876000.825465,8816979.430176,8935022.220755,8840902.188024,35098.637441,6.340001,26.051136,false,predicted CU exceeds the transaction compute budget; whir_johnson_full soundness term 128.0 bits is below the 128.0-bit target,false,predicted CU exceeds the transaction compute budget
qualified-whir-t128-r16-g8-whir_johnson_full-m31_mul_0p75,WHIR,whir_johnson_full,128.0,m31_mul_0p75,log_inv_rate,4,16,8,63,98,640,32095,8627005.333650,8567983.938360,8686026.728940,8591906.696209,35098.637441,6.162147,26.051136,false,predicted CU exceeds the transaction compute budget; whir_johnson_full soundness term 128.0 bits is below the 128.0-bit target,false,predicted CU exceeds the transaction compute budget
qualified-whir-t128-r16-g8-whir_johnson_full-fenzi_whir_core_0p8_plus_m31_mul_0p75,WHIR,whir_johnson_full,128.0,fenzi_whir_core_0p8_plus_m31_mul_0p75,log_inv_rate,4,16,8,63,98,640,32095,6908799.632709,6849778.237420,6967821.027999,6873700.995269,35098.637441,4.934857,26.051136,false,predicted CU exceeds the transaction compute budget; whir_johnson_full soundness term 128.0 bits is below the 128.0-bit target,false,predicted CU exceeds the transaction compute budget
qualified-whir-t128-r16-g8-whir_capacity_full-baseline,WHIR,whir_capacity_full,128.0,baseline,log_inv_rate,4,16,8,31,49,640,18332,6105078.941803,6046057.546513,6164100.337093,6084748.789317,20330.152486,4.360771,14.879870,false,predicted CU exceeds the transaction compute budget,false,predicted CU exceeds the transaction compute budget
qualified-whir-t128-r16-g8-whir_capacity_full-fenzi_whir_core_0p8,WHIR,whir_capacity_full,128.0,fenzi_whir_core_0p8,log_inv_rate,4,16,8,31,49,640,18332,4888304.822241,4829283.426951,4947326.217531,4867974.669755,20330.152486,3.491646,14.879870,false,predicted CU exceeds the transaction compute budget,false,predicted CU exceeds the transaction compute budget
qualified-whir-t128-r16-g8-whir_capacity_full-m31_mul_0p75,WHIR,whir_capacity_full,128.0,m31_mul_0p75,log_inv_rate,4,16,8,31,49,640,18332,4797830.457304,4738809.062015,4856851.852594,4777500.304818,20330.152486,3.427022,14.879870,false,predicted CU exceeds the transaction compute budget,false,predicted CU exceeds the transaction compute budget
qualified-whir-t128-r16-g8-whir_capacity_full-fenzi_whir_core_0p8_plus_m31_mul_0p75,WHIR,whir_capacity_full,128.0,fenzi_whir_core_0p8_plus_m31_mul_0p75,log_inv_rate,4,16,8,31,49,640,18332,3842506.034642,3783484.639352,3901527.429931,3822175.882155,20330.152486,2.744647,14.879870,false,predicted CU exceeds the transaction compute budget,false,predicted CU exceeds the transaction compute budget
qualified-whir-t128-r16-g16-whir_johnson_full-baseline,WHIR,whir_johnson_full,128.0,baseline,log_inv_rate,4,16,16,59,92,640,30415,10476227.917664,10417206.522374,10535249.312953,10442987.087124,33240.830540,7.483020,24.687500,false,predicted CU exceeds the transaction compute budget,false,predicted CU exceeds the transaction compute budget
qualified-whir-t128-r16-g16-whir_johnson_full-fenzi_whir_core_0p8,WHIR,whir_johnson_full,128.0,fenzi_whir_core_0p8,log_inv_rate,4,16,16,59,92,640,30415,8387806.138540,8328784.743251,8446827.533830,8354565.308000,33240.830540,5.991290,24.687500,false,predicted CU exceeds the transaction compute budget,false,predicted CU exceeds the transaction compute budget
qualified-whir-t128-r16-g16-whir_johnson_full-m31_mul_0p75,WHIR,whir_johnson_full,128.0,m31_mul_0p75,log_inv_rate,4,16,16,59,92,640,30415,8158257.407100,8099236.011811,8217278.802390,8125016.576560,33240.830540,5.827327,24.687500,false,predicted CU exceeds the transaction compute budget,false,predicted CU exceeds the transaction compute budget
qualified-whir-t128-r16-g16-whir_johnson_full-fenzi_whir_core_0p8_plus_m31_mul_0p75,WHIR,whir_johnson_full,128.0,fenzi_whir_core_0p8_plus_m31_mul_0p75,log_inv_rate,4,16,16,59,92,640,30415,6533429.730090,6474408.334800,6592451.125379,6500188.899549,33240.830540,4.666736,24.687500,false,predicted CU exceeds the transaction compute budget,false,predicted CU exceeds the transaction compute budget
qualified-whir-t128-r16-g16-whir_capacity_full-baseline,WHIR,whir_capacity_full,128.0,baseline,log_inv_rate,4,16,16,29,46,640,17492,5800277.030686,5741255.635396,5859298.425975,5780788.239301,19488.791384,4.143055,14.198052,false,predicted CU exceeds the transaction compute budget,false,predicted CU exceeds the transaction compute budget
qualified-whir-t128-r16-g16-whir_capacity_full-fenzi_whir_core_0p8,WHIR,whir_capacity_full,128.0,fenzi_whir_core_0p8,log_inv_rate,4,16,16,29,46,640,17492,4644295.021127,4585273.625837,4703316.416416,4624806.229742,19488.791384,3.317354,14.198052,false,predicted CU exceeds the transaction compute budget,false,predicted CU exceeds the transaction compute budget
qualified-whir-t128-r16-g16-whir_capacity_full-m31_mul_0p75,WHIR,whir_capacity_full,128.0,m31_mul_0p75,log_inv_rate,4,16,16,29,46,640,17492,4563544.036378,4504522.641088,4622565.431667,4544055.244993,19488.791384,3.259674,14.198052,false,predicted CU exceeds the transaction compute budget,false,predicted CU exceeds the transaction compute budget
qualified-whir-t128-r16-g16-whir_capacity_full-fenzi_whir_core_0p8_plus_m31_mul_0p75,WHIR,whir_capacity_full,128.0,fenzi_whir_core_0p8_plus_m31_mul_0p75,log_inv_rate,4,16,16,29,46,640,17492,3654908.625680,3595887.230391,3713930.020970,3635419.834296,19488.791384,2.610649,14.198052,false,predicted CU exceeds the transaction compute budget,false,predicted CU exceeds the transaction compute budget
qualified-whir-t128-r16-g20-whir_johnson_full-baseline,WHIR,whir_johnson_full,128.0,baseline,log_inv_rate,4,16,20,56,88,640,29327,10070552.102385,10011530.707096,10129573.497675,10038524.427821,32027.674565,7.193252,23.804383,false,predicted CU exceeds the transaction compute budget,false,predicted CU exceeds the transaction compute budget
qualified-whir-t128-r16-g20-whir_johnson_full-fenzi_whir_core_0p8,WHIR,whir_johnson_full,128.0,fenzi_whir_core_0p8,log_inv_rate,4,16,20,56,88,640,29327,8063022.855122,8004001.459833,8122044.250412,8030995.180558,32027.674565,5.759302,23.804383,false,predicted CU exceeds the transaction compute budget,false,predicted CU exceeds the transaction compute budget
qualified-whir-t128-r16-g20-whir_johnson_full-m31_mul_0p75,WHIR,whir_johnson_full,128.0,m31_mul_0p75,log_inv_rate,4,16,20,56,88,640,29327,7846602.245409,7787580.850120,7905623.640699,7814574.570844,32027.674565,5.604716,23.804383,false,predicted CU exceeds the transaction compute budget,false,predicted CU exceeds the transaction compute budget
qualified-whir-t128-r16-g20-whir_johnson_full-fenzi_whir_core_0p8_plus_m31_mul_0p75,WHIR,whir_johnson_full,128.0,fenzi_whir_core_0p8_plus_m31_mul_0p75,log_inv_rate,4,16,20,56,88,640,29327,6283862.969542,6224841.574252,6342884.364831,6251835.294977,32027.674565,4.488474,23.804383,false,predicted CU exceeds the transaction compute budget,false,predicted CU exceeds the transaction compute budget
qualified-whir-t128-r16-g20-whir_capacity_full-baseline,WHIR,whir_capacity_full,128.0,baseline,log_inv_rate,4,16,20,28,44,640,16900,5596173.939033,5537152.543744,5655195.334323,5577329.798574,18844.140459,3.997267,13.717532,false,predicted CU exceeds the transaction compute budget,false,predicted CU exceeds the transaction compute budget
qualified-whir-t128-r16-g20-whir_capacity_full-fenzi_whir_core_0p8,WHIR,whir_capacity_full,128.0,fenzi_whir_core_0p8,log_inv_rate,4,16,20,28,44,640,16900,4480883.617620,4421862.222330,4539905.012909,4462039.477161,18844.140459,3.200631,13.717532,false,predicted CU exceeds the transaction compute budget,false,predicted CU exceeds the transaction compute budget
qualified-whir-t128-r16-g20-whir_capacity_full-m31_mul_0p75,WHIR,whir_capacity_full,128.0,m31_mul_0p75,log_inv_rate,4,16,20,28,44,640,16900,4406451.271519,4347429.876229,4465472.666809,4387607.131060,18844.140459,3.147465,13.717532,false,predicted CU exceeds the transaction compute budget,false,predicted CU exceeds the transaction compute budget
qualified-whir-t128-r16-g20-whir_capacity_full-fenzi_whir_core_0p8_plus_m31_mul_0p75,WHIR,whir_capacity_full,128.0,fenzi_whir_core_0p8_plus_m31_mul_0p75,log_inv_rate,4,16,20,28,44,640,16900,3529105.483608,3470084.088319,3588126.878898,3510261.343149,18844.140459,2.520790,13.717532,false,predicted CU exceeds the transaction compute budget,false,predicted CU exceeds the transaction compute budget
qualified-whir-t128-r16-g24-whir_johnson_full-baseline,WHIR,whir_johnson_full,128.0,baseline,log_inv_rate,4,16,24,54,85,640,28487,9765750.191268,9706728.795978,9824771.586558,9734563.877805,31186.313463,6.975536,23.122565,false,predicted CU exceeds the transaction compute budget,false,predicted CU exceeds the transaction compute budget
qualified-whir-t128-r16-g24-whir_johnson_full-fenzi_whir_core_0p8,WHIR,whir_johnson_full,128.0,fenzi_whir_core_0p8,log_inv_rate,4,16,24,54,85,640,28487,7819013.054008,7759991.658719,7878034.449298,7787826.740546,31186.313463,5.585009,23.122565,false,predicted CU exceeds the transaction compute budget,false,predicted CU exceeds the transaction compute budget
qualified-whir-t128-r16-g24-whir_johnson_full-m31_mul_0p75,WHIR,whir_johnson_full,128.0,m31_mul_0p75,log_inv_rate,4,16,24,54,85,640,28487,7612315.824483,7553294.429193,7671337.219772,7581129.511020,31186.313463,5.437368,23.122565,false,predicted CU exceeds the transaction compute budget,false,predicted CU exceeds the transaction compute budget
qualified-whir-t128-r16-g24-whir_johnson_full-fenzi_whir_core_0p8_plus_m31_mul_0p75,WHIR,whir_johnson_full,128.0,fenzi_whir_core_0p8_plus_m31_mul_0p75,log_inv_rate,4,16,24,54,85,640,28487,6096265.560580,6037244.165290,6155286.955869,6065079.247117,31186.313463,4.354475,23.122565,false,predicted CU exceeds the transaction compute budget,false,predicted CU exceeds the transaction compute budget
qualified-whir-t128-r16-g24-whir_capacity_full-baseline,WHIR,whir_capacity_full,128.0,baseline,log_inv_rate,4,16,24,27,43,640,16652,5495475.119568,5436453.724279,5554496.514858,5476827.689286,18647.430282,3.925339,13.516234,false,predicted CU exceeds the transaction compute budget,false,predicted CU exceeds the transaction compute budget
qualified-whir-t128-r16-g24-whir_capacity_full-fenzi_whir_core_0p8,WHIR,whir_capacity_full,128.0,fenzi_whir_core_0p8,log_inv_rate,4,16,24,27,43,640,16652,4400285.220012,4341263.824723,4459306.615302,4381637.789730,18647.430282,3.143061,13.516234,false,predicted CU exceeds the transaction compute budget,false,predicted CU exceeds the transaction compute budget
qualified-whir-t128-r16-g24-whir_capacity_full-m31_mul_0p75,WHIR,whir_capacity_full,128.0,m31_mul_0p75,log_inv_rate,4,16,24,27,43,640,16652,4329257.615451,4270236.220161,4388279.010740,4310610.185169,18647.430282,3.092327,13.516234,false,predicted CU exceeds the transaction compute budget,false,predicted CU exceeds the transaction compute budget
qualified-whir-t128-r16-g24-whir_capacity_full-fenzi_whir_core_0p8_plus_m31_mul_0p75,WHIR,whir_capacity_full,128.0,fenzi_whir_core_0p8_plus_m31_mul_0p75,log_inv_rate,4,16,24,27,43,640,16652,3467311.216718,3408289.821429,3526332.612008,3448663.786436,18647.430282,2.476651,13.516234,false,predicted CU exceeds the transaction compute budget,false,predicted CU exceeds the transaction compute budget
qualified-whir-t128-r16-g32-whir_johnson_full-baseline,WHIR,whir_johnson_full,128.0,baseline,log_inv_rate,4,16,32,50,78,640,26463,9052742.096846,8993720.701557,9111763.492136,9023686.446336,29055.650510,6.466244,21.479708,false,predicted CU exceeds the transaction compute budget,false,predicted CU exceeds the transaction compute budget
qualified-whir-t128-r16-g32-whir_johnson_full-fenzi_whir_core_0p8,WHIR,whir_johnson_full,128.0,fenzi_whir_core_0p8,log_inv_rate,4,16,32,50,78,640,26463,7248180.445880,7189159.050591,7307201.841170,7219124.795370,29055.650510,5.177272,21.479708,false,predicted CU exceeds the transaction compute budget,false,predicted CU exceeds the transaction compute budget
qualified-whir-t128-r16-g32-whir_johnson_full-m31_mul_0p75,WHIR,whir_johnson_full,128.0,m31_mul_0p75,log_inv_rate,4,16,32,50,78,640,26463,7063843.873839,7004822.478549,7122865.269128,7034788.223329,29055.650510,5.045603,21.479708,false,predicted CU exceeds the transaction compute budget,false,predicted CU exceeds the transaction compute budget
qualified-whir-t128-r16-g32-whir_johnson_full-fenzi_whir_core_0p8_plus_m31_mul_0p75,WHIR,whir_johnson_full,128.0,fenzi_whir_core_0p8_plus_m31_mul_0p75,log_inv_rate,4,16,32,50,78,640,26463,5657061.867474,5598040.472185,5716083.262764,5628006.216964,29055.650510,4.040758,21.479708,false,predicted CU exceeds the transaction compute budget,false,predicted CU exceeds the transaction compute budget
qualified-whir-t128-r16-g32-whir_capacity_full-baseline,WHIR,whir_capacity_full,128.0,baseline,log_inv_rate,4,16,32,25,39,640,15468,5087268.936264,5028247.540974,5146290.331554,5069910.807832,17358.128432,3.633764,12.555195,false,predicted CU exceeds the transaction compute budget,false,predicted CU exceeds the transaction compute budget
qualified-whir-t128-r16-g32-whir_capacity_full-fenzi_whir_core_0p8,WHIR,whir_capacity_full,128.0,fenzi_whir_core_0p8,log_inv_rate,4,16,32,25,39,640,15468,4073462.412999,4014441.017709,4132483.808288,4056104.284567,17358.128432,2.909616,12.555195,false,predicted CU exceeds the transaction compute budget,false,predicted CU exceeds the transaction compute budget
qualified-whir-t128-r16-g32-whir_capacity_full-m31_mul_0p75,WHIR,whir_capacity_full,128.0,m31_mul_0p75,log_inv_rate,4,16,32,25,39,640,15468,4015072.085734,3956050.690444,4074093.481023,3997713.957302,17358.128432,2.867909,12.555195,false,predicted CU exceeds the transaction compute budget,false,predicted CU exceeds the transaction compute budget
qualified-whir-t128-r16-g32-whir_capacity_full-fenzi_whir_core_0p8_plus_m31_mul_0p75,WHIR,whir_capacity_full,128.0,fenzi_whir_core_0p8_plus_m31_mul_0p75,log_inv_rate,4,16,32,25,39,640,15468,3215704.932575,3156683.537285,3274726.327864,3198346.804143,17358.128432,2.296932,12.555195,false,predicted CU exceeds the transaction compute budget,false,predicted CU exceeds the transaction compute budget
